reinsertion_flags,no_scene_elements
txt,,守護塔が……
txt,,……負け、ですか？
txt,,……
txt,,……
txt,,……
txt,,申し訳ありません、先生……
txt,,お力に、なれませんでした……
txt,,いや……
txt,,みんなよく戦った。
txt,,……ここは、潔く退こう。
txt,,……
txt,,ごめんなさい……
txt,,先生……
txt,,大丈夫……
txt,,這い出し者たちも、
txt,,私たちを無視することはできなくなった。
txt,,地下の戦力を、
txt,,地上に割かざるを得ないだろう。
txt,,……
txt,,パルミラ
txt,,……
txt,,ファナ
txt,,……
txt,,アルシエ
txt,,……
txt,,ケスト
txt,,……
txt,,シャロン
txt,,……
txt,,キャロット
txt,,……
txt,,セシリス
txt,,……
txt,,イリオン
txt,,……
txt,,旅立ちだな。
txt,,純潔の盾の。
txt,,はい！
txt,,はい！
txt,,……
txt,,はい！
txt,,はい！
txt,,師よ。
txt,,どうか、導きの言葉を。
txt,,……
txt,,……願わくは、永久に。
