reinsertion_flags,no_scene_elements
txt,,……よし。
txt,,これで幕、だな。
txt,,先生……
txt,,……
txt,,先生……
txt,,……
txt,,立派な初陣だった。
txt,,がんばったね。
txt,,……はい！
txt,,ありがとう、ございます……！
txt,,先生……？
txt,,……
txt,,しばらくは、エルベロワの地の利を活かして
txt,,戦うことになりそうですわね。
txt,,ああ、パルミラ。
txt,,前衛が揃うまでは。
txt,,それまでは、後衛の役割を果たします。
txt,,でなければ、前後の連携を取ることなんて、
txt,,できませんものね。
txt,,……すまない。
txt,,苦労かける。
txt,,いいえ。
txt,,あなたこそ。
txt,,……
txt,,戻りましょう。
txt,,そこまでが、冒険でしょう？
txt,,……ああ。
txt,,そうだな。
