reinsertion_flags,no_scene_elements
txt,,これは……？
txt,,聖者の、泉……？
txt,,……
txt,,蒼い輝きが戻ったか……
txt,,どうやら、君たちを歓迎してくれるようだ。
txt,,……
txt,,じゃあ……
txt,,敵に対しては攻撃。
txt,,味方に対しては体力の回復。
txt,,イリオン。
txt,,きみと、同じ力を持っている。
txt,,……
txt,,ボクと、同じ……？
txt,,聖者の泉の近くで戦えば、
txt,,それだけ有利になる。
txt,,いいね？
txt,,……はい！
txt,,……はい！
