reinsertion_flags,no_scene_elements
txt,0,シェリル……！
txt,1,先輩……
txt,2,……シェリル、無事か？
txt,3,随分、這い出し者の目を
txt,4,逸らしていただきました。
txt,5,このまま、私ひとりがふもとまで
txt,6,跳ぶだけなら、じゅうぶんです。
txt,7,……すまん。
txt,8,いいえ。
txt,9,……
txt,10,聖セヴィエスは……
txt,11,シェリル、今はいい。
txt,12,戻ろう、エルベロワに。
txt,13,きみの育った、故郷に。
txt,14,……
txt,15,老先生が待っている。
txt,16,……はい。
txt,17,……アルシエ、だったね。
txt,18,……
txt,19,……
txt,20,それでいいかい？
txt,21,異存はありません。
txt,22,同道いたします。
txt,23,よし。
txt,24,みんな、ほんとうによくやった。
txt,25,胸を張って帰ろう。
