reinsertion_flags,no_scene_elements
txt,0,寄らば、斬る……
txt,1,……
txt,2,……
txt,3,アルシエ、いいのです。
txt,4,その方こそは、純潔の盾の長……
txt,5,シェリル……
txt,6,先、輩……
txt,7,シェリル、きみなのか……
txt,8,……
txt,9,お会いしたかった、です。
txt,10,……話はあとにしよう。
txt,11,峠を下る、いいね？
txt,12,……ご迷惑をおかけします。
txt,13,すべて、あなたの指示に、従います。
txt,14,……
txt,15,それから、アルシエ＝ベルサードが
txt,16,お役に立ちましょう。
txt,17,どうか、よろしくお願いいたします。
txt,18,……
txt,19,……
txt,20,よし。
txt,21,では、始めよう。
