reinsertion_flags,no_scene_elements
txt,0,これは……？
txt,1,聖者の、泉……？
txt,2,……
txt,3,蒼い輝きが戻ったか……
txt,4,どうやら、君たちを歓迎してくれるようだ。
txt,5,……
txt,6,じゃあ……
txt,7,敵に対しては攻撃。
txt,8,味方に対しては体力の回復。
txt,9,イリオン。
txt,10,きみと、同じ力を持っている。
txt,11,……
txt,12,ボクと、同じ……？
txt,13,聖者の泉の近くで戦えば、
txt,14,それだけ有利になる。
txt,15,いいね？
txt,16,……はい！
txt,17,……はい！
