reinsertion_flags,no_scene_elements
txt,,……そろそろ、退き時だな。
txt,,先生……
txt,,……
txt,,先生……
txt,,……
txt,,多少、
txt,,後味の悪い幕引きになったけれどね……
txt,,みんな、よくがんばった。
txt,,あ……
txt,,……
txt,,……ファナ＝ヒュベリオス。
txt,,はい。
txt,,もしよければ、エルベロワに？
txt,,よろしくお願いします。
txt,,よし。
txt,,では帰ろう。
txt,,憩いの我が家へ。
txt,,……はい。
txt,,……はい。
