reinsertion_flags,no_scene_elements
txt,,……
txt,,……
txt,,ロザリィ……？
txt,,パルミラ……
txt,,来てくれると思っていた。
txt,,あなたは、よく無事で……
txt,,もっとも、ここに長居すれば、
txt,,無事にも済むまいが。
txt,,あなたという人は……
txt,,……
txt,,久しいな、ロザリア。
txt,,……
txt,,……ほんとうに。
txt,,……
txt,,なによりも。
txt,,ここに辿りついたは、まこと僥倖であったな。
txt,,……
txt,,ファル、ドラ様……？
txt,,さても、立派になりおったわ。
txt,,ただいま、戻りました……
txt,,ああ、そうだとも。
txt,,儂こそ、たった今。
txt,,……
txt,,たった今、純潔の盾に戻ったのだとも。
