reinsertion_flags,no_scene_elements
txt,,ここが……
txt,,エウリア？
txt,,そう。
txt,,混沌の気に触れた守護塔が、
txt,,どこかにあるはず。
txt,,……
txt,,這い出し者どもの集いし……
txt,,紅き守護塔。
txt,,……
txt,,然り。
txt,,まずは、守護塔を取り戻すところから、だな。
txt,,……
txt,,エンディミオンへの初戦だが、
txt,,気にすることはない。
txt,,先生……
txt,,先生……
txt,,いつも通りに行こう。
txt,,先生……
txt,,先生……
txt,,では、始めよう。
