reinsertion_flags,no_scene_elements
txt,0,……先生。
txt,1,ごめんなさい……
txt,2,……
txt,3,……
txt,4,いや、立派な初陣だった。
txt,5,よくがんばった。
txt,6,先生……
txt,7,……
txt,8,謝るのは、先生の方だ。
txt,9,……
txt,10,……
txt,11,戦いはうまくいかなかったかも知れない。
txt,12,だがむしろ……
txt,13,これでなにもかもが始まるだろう。
txt,14,……
txt,15,……
txt,16,胸を張って、老先生のもとに帰ろう。
txt,17,……はい。
txt,18,……はい。
txt,19,先生……？
txt,20,……
txt,21,しばらくは、エルベロワの地の利を活かして
txt,22,戦うことになりそうですわね。
txt,23,ああ、パルミラ。
txt,24,前衛が揃うまでは。
txt,25,それまでは、後衛の役割を果たします。
txt,26,でなければ、前後の連携を取ることなんて、
txt,27,できませんものね。
txt,28,……すまない。
txt,29,苦労かける。
txt,30,いいえ。
txt,31,あなたこそ。
txt,32,……
txt,33,戻りましょう。
txt,34,そこまでが、冒険でしょう？
txt,35,……ああ。
txt,36,そうだな。
