reinsertion_flags,no_scene_elements
txt,0,……ボクたちが、勝った？
txt,1,やったネ！
txt,2,こんなに気持ち良く戦ったの、
txt,3,久しぶりだよ！
txt,4,あ、ありがとう、ございます……！
txt,5,……
txt,6,……ファナ＝ヒュベリオス。
txt,7,……
txt,8,はい。
txt,9,もしよければ、エルベロワに？
txt,10,よろしくお願いします。
txt,11,……
txt,12,では、帰りましょう。
txt,13,憩いの我が家へ。
txt,14,はい！
txt,15,はい！
