reinsertion_flags,no_scene_elements
txt,0,やったか……？
txt,1,……勝った？
txt,2,……
txt,3,僕たちが？
txt,4,守護塔を守り抜き、砦も健在。
txt,5,……
txt,6,これ以上の勝利もない。
txt,7,……
txt,8,……せんせい？
txt,9,よくやった。
txt,10,みんな、よく戦った。
txt,11,……
txt,12,先生……
txt,13,パルミラ
txt,14,……
txt,15,ファナ
txt,16,……
txt,17,アルシエ
txt,18,……
txt,19,ケスト
txt,20,……
txt,21,シャロン
txt,22,……
txt,23,キャロット
txt,24,……
txt,25,セシリス
txt,26,……
txt,27,イリオン
txt,28,……
txt,29,旅立ちだな。
txt,30,純潔の盾の。
txt,31,はい！
txt,32,はい！
txt,33,……
txt,34,はい！
txt,35,はい！
txt,36,師よ。
txt,37,どうか、導きの言葉を。
txt,38,……
txt,39,……願わくは、永久に。
