reinsertion_flags,no_scene_elements
txt,0,……よし。
txt,1,これで幕、だな。
txt,2,先生……
txt,3,……
txt,4,先生……
txt,5,……
txt,6,立派な初陣だった。
txt,7,がんばったね。
txt,8,……はい！
txt,9,ありがとう、ございます……！
txt,10,先生……？
txt,11,……
txt,12,しばらくは、エルベロワの地の利を活かして
txt,13,戦うことになりそうですわね。
txt,14,ああ、パルミラ。
txt,15,前衛が揃うまでは。
txt,16,それまでは、後衛の役割を果たします。
txt,17,でなければ、前後の連携を取ることなんて、
txt,18,できませんものね。
txt,19,……すまない。
txt,20,苦労かける。
txt,21,いいえ。
txt,22,あなたこそ。
txt,23,……
txt,24,戻りましょう。
txt,25,そこまでが、冒険でしょう？
txt,26,……ああ。
txt,27,そうだな。
