reinsertion_flags,no_scene_elements
txt,,敵は、砦を奪いに来る。
txt,,敵がどれだけの規模かは、わからない。
txt,,３０分を目安に戦う。
txt,,そこまで耐えることができれば、
txt,,こちらの意思は伝わるはずだ。
txt,,守るべきは守護塔が一本と、聖者の泉が二つ。
txt,,すべてを奪われたら終わりだが……
txt,,逆に言うならば、すべてを奪われるまでは、
txt,,諦めることはない。
txt,,それとこれは蛇足になるが、
txt,,中洲には聖者の泉がある。
txt,,だからといって、
txt,,無謀に突っ込むことのないように。
txt,,大切なのは、
txt,,この砦を通さないという気持ちだ。
txt,,それを見せよう。
