reinsertion_flags,no_scene_elements
txt,,先生……？
txt,,ああ。
txt,,古くはあるが、いい砦だ……
txt,,変わらない。
txt,,……
txt,,……
txt,,……
txt,,……
txt,,蒼く輝く光の壁は、決して敵を通さない。
txt,,その逆に、君たちは通ることができる。
txt,,壁を挟んで戦えば、とても有利になるだろう。
txt,,敵を、通さない……
txt,,這い出し者は、砦に踏み入るために、
txt,,壁を攻め立てなければならない。
txt,,けれど、そう容易く壊れるものでもない。
txt,,じっくり、焦らず戦えばいい。
txt,,……
txt,,……
txt,,もしも壁の外に出る時は、
txt,,まわりをよく見渡すように。
txt,,セシリス、きみが純潔の盾の目になるんだ。
txt,,できるね？
txt,,わたし……
txt,,……やってみます。
txt,,よし、いい子だ。
txt,,イリオン、僧侶であるきみの攻撃は、
txt,,味方に対しては、体力を回復する術となる。
txt,,君自身も含めて、危険な時には、
txt,,回復をしてあげてほしい。
txt,,……
txt,,え……？
txt,,光の壁にも、きみの想いは届くはずだ。
txt,,破られそうな壁にはイリオン、
txt,,きみの力が役に立つ。
txt,,……あ、はい！
txt,,パルミラ。
txt,,はい。
txt,,前衛がいないのは大きな不安だが……
txt,,いけるか？
txt,,囲まれる心配がなくて、
txt,,かえってよろしいのではありませんか？
txt,,前衛があれば、
txt,,無理を強いることになるでしょう、
txt,,今はまだお互いに。
txt,,……そうだな。
txt,,当面は、きみの魔術が頼りだ。
txt,,期待している。
txt,,……導きの言葉を、お願いいたします。
txt,,この上は、どうかご遠慮のなきよう。
txt,,……
txt,,……
txt,,最後にもうひとつ。
txt,,危ない時は、下がる。
txt,,囲まれそうな時は、逃げる。
txt,,ひとりで途方に暮れることのないように。
txt,,いいね？
txt,,……はい！
txt,,……はい！
txt,,いい返事だ。
txt,,では、始めよう。
