reinsertion_flags,no_scene_elements
txt,,やった……！
txt,,これで一息ね。
txt,,……
txt,,だけど、なぜ……
txt,,この、イヤなカンジは、いったい……？
txt,,……
txt,,……
txt,,……
txt,,……来る。
txt,,守護塔を奪われて、這い出てくるか。
txt,,赤銅の騎士ウルゴ。
txt,,勝てば、幕……
txt,,……いかがなさいますか、先生？
txt,,守護塔を上手く使いたいところだが……
txt,,相手の出方次第、か。
txt,,……目的は、ひとつですわね。
txt,,ああ。
txt,,守護塔は、何度だって取り戻せばいい。
txt,,無理に踏みとどまることもない。
txt,,……
txt,,……先生？
txt,,……連携を密に。
txt,,赤壁ウルゴを倒す。
txt,,はい。
txt,,……はい！
txt,,始めよう。
