reinsertion_flags,no_scene_elements
txt,0,時間切れ……
txt,1,……負け、ですか？
txt,2,……
txt,3,……
txt,4,……
txt,5,申し訳ありません、先生……
txt,6,お力に、なれませんでした……
txt,7,いや……
txt,8,みんなよく戦った。
txt,9,……ここは、潔く退こう。
txt,10,……
txt,11,ごめんなさい……
txt,12,先生……
txt,13,這い出し者も、
txt,14,私たちを無視することはできなくなった。
txt,15,地下の戦力を、
txt,16,地上に割かざるを得ないだろう。
txt,17,……
txt,18,パルミラ
txt,19,……
txt,20,ファナ
txt,21,……
txt,22,アルシエ
txt,23,……
txt,24,ケスト
txt,25,……
txt,26,シャロン
txt,27,……
txt,28,キャロット
txt,29,……
txt,30,セシリス
txt,31,……
txt,32,イリオン
txt,33,……
txt,34,旅立ちだな。
txt,35,純潔の盾の。
txt,36,はい！
txt,37,はい！
txt,38,……
txt,39,はい！
txt,40,はい！
txt,41,師よ。
txt,42,どうか、導きの言葉を。
txt,43,……
txt,44,……願わくは、永久に。
