reinsertion_flags,no_scene_elements
txt,,しまった……
txt,,これ以上は、無理か……
txt,,先生……
txt,,……
txt,,先生……
txt,,……
txt,,？
txt,,ファナ……！？
txt,,……
txt,,ファナさん……！
txt,,……
txt,,ファナさま……！！？
txt,,みんな……
txt,,変わりないな。
txt,,ああ、ファナさま……
txt,,おケガは……おケガはありませんか！？
txt,,イリオン、大丈夫。
txt,,わたしは見ての通りだ。
txt,,……
txt,,よく無事で……
txt,,……エルベロワに来れば、逢えると思ってた。
txt,,……
txt,,でも、こんなとこにまで、
txt,,這い出し者が集まってるとは思わなかった。
txt,,とすれば、
txt,,あんたの銀髪を嫉んでのことかもネ。
txt,,……くす。
txt,,それじゃファナ、聖セヴィエスは……
txt,,さしあたって今はそうだな。
txt,,まずは、ここを離れるのが先じゃないか？
txt,,……
txt,,……？
txt,,でかいのが、水脈に潜んでる。
txt,,……
txt,,……ありがとう、ファナ。
txt,,お初にお目にかかります、先生。
txt,,わたしは聖セヴィエスの
txt,,ファナ＝ヒュベリオス。
txt,,今後とも、よろしくお願いします。
txt,,……
txt,,ああ。
txt,,こちらこそ、ファナ。
txt,,……
txt,,では先生。
txt,,ああ。
txt,,不本意な結果に終わったのは残念だが……
txt,,ここは退くとしよう。
txt,,……はい。
txt,,……はい。
