reinsertion_flags,no_scene_elements
txt,,退き時だな……
txt,,……申し訳ありません。
txt,,結局、
txt,,誰も救うことができなかったのですね……
txt,,……
txt,,否。
txt,,そう捨てたものでもなかった。
txt,,！！
txt,,……
txt,,ロ……
txt,,ロザリィ……？
txt,,パルミラ……
txt,,来てくれると思っていた。
txt,,あなたは、よく無事で……
txt,,動くに動けなかったが……
txt,,派手に騒いでくれたお陰だ。
txt,,また、助けられたな。
txt,,あなたという人は……
txt,,……
txt,,久しいな、ロザリア。
txt,,……
txt,,……ほんとうに。
txt,,……
txt,,なによりも。
txt,,ここに辿りついたは、まこと僥倖であったか。
txt,,……
txt,,ファル、ドラ様……？
txt,,さても、立派になりおったな。
txt,,ただいま、戻りました……
txt,,ああ、そうだとも。
txt,,儂こそ、たった今。
txt,,……
txt,,たった今、純潔の盾に戻ったのだとも。
