reinsertion_flags,no_scene_elements
txt,,……ボクたちが、勝った？
txt,,やったネ！
txt,,こんなに気持ち良く戦ったの、
txt,,久しぶりだよ！
txt,,あ、ありがとう、ございます……！
txt,,……
txt,,……ファナ＝ヒュベリオス。
txt,,……
txt,,はい。
txt,,もしよければ、エルベロワに？
txt,,よろしくお願いします。
txt,,……
txt,,では、帰りましょう。
txt,,憩いの我が家へ。
txt,,はい！
txt,,はい！
