reinsertion_flags,no_scene_elements
txt,0,……よし。
txt,1,これで幕引きだな。
txt,2,先生……
txt,3,……
txt,4,先生……
txt,5,……
txt,6,完璧だったよ。
txt,7,よく、がんばった。
txt,8,あ、ありがとうございます！
txt,9,ありがとう、ございます！
txt,10,……帰ろう、憩いの我が家へ。
txt,11,はい！
txt,12,はい！
txt,13,……
txt,14,どうだ？
txt,15,わたくしたちの息は、合ってきた、と……
txt,16,そう思います。
txt,17,ああ。
txt,18,もしも前衛が揃ったら、連携を組めそうか？
txt,19,恐らくは。
txt,20,むしろ、あなたへの負担が
txt,21,増えるのではありませんか？
txt,22,そうだな。
txt,23,だが、この先は……
txt,24,前衛なしでは考えられまい。
txt,25,……
txt,26,……
txt,27,わたくしは待つでしょう。
txt,28,あなたの導きの言葉を。
txt,29,……ああ。
txt,30,ありがとう。
