reinsertion_flags,no_scene_elements
txt,0,……
txt,1,……
txt,2,ロザリィ……？
txt,3,パルミラ……
txt,4,来てくれると思っていた。
txt,5,あなたは、よく無事で……
txt,6,もっとも、ここに長居すれば、
txt,7,無事にも済むまいが。
txt,8,あなたという人は……
txt,9,……
txt,10,久しいな、ロザリア。
txt,11,……
txt,12,……ほんとうに。
txt,13,……
txt,14,なによりも。
txt,15,ここに辿りついたは、まこと僥倖であったな。
txt,16,……
txt,17,ファル、ドラ様……？
txt,18,さても、立派になりおったわ。
txt,19,ただいま、戻りました……
txt,20,ああ、そうだとも。
txt,21,儂こそ、たった今。
txt,22,……
txt,23,たった今、純潔の盾に戻ったのだとも。
