reinsertion_flags,no_scene_elements
txt,0,ファナ……！？
txt,1,ファナさん……！
txt,2,……
txt,3,ファナさま……！！？
txt,4,みんな……
txt,5,変わりないな。
txt,6,ああ、ファナさま……
txt,7,おケガは……おケガはありませんか！？
txt,8,イリオン、大丈夫。
txt,9,わたしは見ての通りだ。
txt,10,……
txt,11,よく無事で……
txt,12,……エルベロワに来れば、逢えると思ってた。
txt,13,……
txt,14,でも、こんなとこにまで、
txt,15,這い出し者が集まってるとは思わなかった。
txt,16,とすれば、
txt,17,あんたの銀髪を嫉んでのことかもネ。
txt,18,……くす。
txt,19,それじゃファナ、聖セヴィエスは……
txt,20,さしあたって今はそうだな。
txt,21,まず、ここをどうにかするのが先だろう。
txt,22,……
txt,23,……？
txt,24,でかいのが、水脈に潜んでる。
txt,25,守護塔か、それとも聖者の泉か、
txt,26,どっちかはわからないケド、奪う気だわね。
txt,27,助太刀するよ。
txt,28,……
txt,29,助かるわ、ファナ。
txt,30,よろしくお願いします……！
txt,31,よろしくお願いします……！
txt,32,さてはお初にお目にかかる。
txt,33,わたしは聖セヴィエスの
txt,34,ファナ＝ヒュベリオス。
txt,35,純潔の盾は黄昏の月
txt,36,オルフェス＝ロマノーヴァを欠いたと聞いた。
txt,37,されば、
txt,38,願わくは新たなる導きの言葉に祝福を！
txt,39,加勢に感謝する。
txt,40,こちらこそ、きみの手腕に期待したい。
txt,41,新しい先生、歯切れいいじゃん。
txt,42,とりあえずこっちで正解だったかナ。
txt,43,楽しみ増えたワ。
txt,44,ご機嫌じゃない、ファナ。
txt,45,当然。
txt,46,前に出過ぎるなよ、三人とも。
txt,47,私が的になる。
txt,48,アシスト、任せるワ〜
txt,49,あなたがそう言うなら。
txt,50,でも、そのキレイな脚を、
txt,51,少しは活かしてちょうだいね？
txt,52,囲まれてしまったら、支援も意味なくてよ。
txt,53,わかってる。
txt,54,んじゃ、行くわヨ！！
txt,55,では先生、よろしくお願いいたします。
