reinsertion_flags,no_scene_elements
txt,0,……先生。
txt,1,ごめんなさい……
txt,2,……
txt,3,……戦いはうまくいかなかった。
txt,4,だが……
txt,5,そうして得るものだってある。
txt,6,……
txt,7,……
txt,8,胸を張って、老先生のもとに帰ろう。
txt,9,……はい。
txt,10,……はい。
txt,11,……
txt,12,……どう思う？
txt,13,敗れはしました。
txt,14,でも、息は合ってきた、と……
txt,15,そう思います。
txt,16,……
txt,17,もしも前衛が揃ったら、連携を組めそうか？
txt,18,……恐らくは。
txt,19,けれど、不安がないと言えば、
txt,20,嘘になりますわね。
txt,21,そうだな。
txt,22,だが、この先は……
txt,23,前衛なしでは考えられまい。
txt,24,……
txt,25,……
txt,26,わたくしは待つでしょう。
txt,27,あなたの導きの言葉を。
txt,28,……ああ。
txt,29,ありがとう。
