reinsertion_flags,no_scene_elements
txt,0,しくじったか……
txt,1,先輩……
txt,2,……シェリル。
txt,3,じゅうぶん、時を創っていただきました。
txt,4,このまま、ふもとまで降りるだけなら、
txt,5,事足りるでしょう。
txt,6,……すまん。
txt,7,いいえ。
txt,8,……
txt,9,聖セヴィエスは……
txt,10,シェリル、今はいい。
txt,11,戻ろう、エルベロワに。
txt,12,きみの育った、故郷に。
txt,13,……
txt,14,老先生が待っている。
txt,15,……はい。
txt,16,……アルシエ、だったね。
txt,17,……
txt,18,……
txt,19,それでいいかい？
txt,20,異存はありません。
txt,21,同道いたします。
txt,22,よし。
txt,23,みんな、ほんとうによくやった。
txt,24,胸を張って帰ろう。
