reinsertion_flags,no_scene_elements
txt,0,……
txt,1,……
txt,2,万全とはいかなかったけれど……
txt,3,立派な初陣だった。
txt,4,よくがんばった。
txt,5,先生……
txt,6,……
txt,7,うまくいかないことなんて、
txt,8,これからいくらでもある。
txt,9,だから、せめて胸を張って、
txt,10,老先生のもとに帰ろう。
txt,11,……はい。
txt,12,……はい。
txt,13,先生……？
txt,14,……
txt,15,しばらくは、エルベロワの地の利を活かして
txt,16,戦うことになりそうですわね。
txt,17,ああ、パルミラ。
txt,18,前衛が揃うまでは。
txt,19,それまでは、後衛の役割を果たします。
txt,20,でなければ、前後の連携を取ることなんて、
txt,21,できませんものね。
txt,22,……すまない。
txt,23,苦労かける。
txt,24,いいえ。
txt,25,あなたこそ。
txt,26,……
txt,27,戻りましょう。
txt,28,そこまでが、冒険でしょう？
txt,29,……ああ。
txt,30,そうだな。
