reinsertion_flags,no_scene_elements
txt,0,鍵の長の話によれば、これまでになく、
txt,1,敵の連携が取れていると聞く。
txt,2,脚を留め過ぎず、突出し過ぎず……
txt,3,君たちの長所を活かしてほしい。
txt,4,……
txt,5,……
txt,6,……
txt,7,目標は、セグノール一帯の
txt,8,這い出し者を率いる、
txt,9,燈火の盾備えバンチネル。
txt,10,恐らくは、精霊石コルスを伴って
txt,11,本陣としているだろう。
txt,12,相手の動き、距離、そして攻撃する側と
txt,13,される側の関係を把握するように。
txt,14,……
txt,15,……
txt,16,……
txt,17,この冒険は、決して安易なものじゃない。
txt,18,むしろ、今の純潔の盾にとっては、
txt,19,困難な部類に入るだろう。
txt,20,けれど、だからこそ。
txt,21,純潔の盾の連携を見る上で、
txt,22,これ以上ない試験となる。
txt,23,……
txt,24,……
txt,25,……
txt,26,いいね、これは新入生だけの試験ではない。
txt,27,それぞれが、力を尽くすように。
txt,28,はい！！
txt,29,……はい！
txt,30,……
txt,31,はい……！
txt,32,はい！
txt,33,もちろんです。
txt,34,は〜い！！
txt,35,はい！
txt,36,……御意。
txt,37,よし。
txt,38,では、始めよう。
