reinsertion_flags,no_scene_elements
txt,0,ここが、フォレス回廊……
txt,1,そう。
txt,2,白皙の城砦エンディミオンと、
txt,3,このエルベロワの地とを結ぶ、
txt,4,大洞窟の一角……
txt,5,……
txt,6,中央校舎ロイヤル・センテの陥落の後……
txt,7,老先生は危険を案じて、
txt,8,エルベロワ側の扉に封をした。
txt,9,……
txt,10,……
txt,11,最後にもう一度確認しておく。
txt,12,はい。
txt,13,這い出し者どもの中には、
txt,14,この手の回廊を無理由に、
txt,15,ただ徘徊することを好む性癖を持つ者がある。
txt,16,往々にして、そういう輩ほど、
txt,17,屈強であることが多い。
txt,18,……
txt,19,徘徊……
txt,20,いいね。
txt,21,這い出し者の動きをよく見るんだ。
txt,22,彼らが何をしようとしているのかを
txt,23,知ったなら……
txt,24,……
txt,25,戦うべき相手なのか、それとも、
txt,26,やり過ごせる相手なのか。
txt,27,それがわかるかも知れない。
txt,28,……
txt,29,そしてもし、本当に危ないと感じたら、
txt,30,逃げることを躊躇わないこと。
txt,31,でも……
txt,32,下がることを恐れてはいけないよ、セシリス。
txt,33,……はい。
txt,34,焦らずに、じっくりとかかろう。
txt,35,はい！
txt,36,はい！
txt,37,よし。
txt,38,では、始めよう。
