reinsertion_flags,no_scene_elements
txt,0,先生……
txt,1,僭越ながら、申し上げます。
txt,2,パルミラ？
txt,3,砦から出ることも、
txt,4,大切な経験になることは間違いありません。
txt,5,ですが……
txt,6,……守護塔のことだな。
txt,7,ごめんなさい……
txt,8,いや……
txt,9,久しぶりの指揮杖に、少しこころが昂ったな。
txt,10,きみの言う通り。
txt,11,両翼にある守護塔に、蒼い輝きを灯そう。
txt,12,砦から出るのは、それからでも遅くない。
txt,13,はい、先生。
txt,14,這い出し者どものお目見えのようだ。
txt,15,先生……
txt,16,先生……
txt,17,壁を挟んで戦えば、それでいい。
txt,18,落ち着いていこう。
txt,19,はい！
txt,20,はい！
txt,21,壁から出ても、無理だけはしないように。
txt,22,いいね？
txt,23,はい！
txt,24,はい！
txt,25,パルミラ。
txt,26,よろしく頼む。
txt,27,もちろんです、先生。
txt,28,這い出し者どものお目見えのようだ。
txt,29,先生……
txt,30,砦の両翼に合わせて二本、守護塔がある。
txt,31,……
txt,32,守護塔が……
txt,33,きみたちが近づけば、
txt,34,きっと力を貸してくれるはずだ。
txt,35,後は、壁を挟んで戦えば、それでいい。
txt,36,落ち着いていこう。
txt,37,はい！
txt,38,はい！
