reinsertion_flags,no_scene_elements
txt,0,シェリル……
txt,1,先輩……
txt,2,……
txt,3,聖セヴィエスは……
txt,4,シェリル、今はいい。
txt,5,戻ろう、エルベロワに。
txt,6,きみの育った、故郷に。
txt,7,……
txt,8,老先生が待っている。
txt,9,……はい。
txt,10,……アルシエ、だったね。
txt,11,……
txt,12,……
txt,13,それでいいかい？
txt,14,異存はありません。
txt,15,同道いたします。
txt,16,よし。
txt,17,みんな、ほんとうによくやった。
txt,18,胸を張って帰ろう。
