reinsertion_flags,no_scene_elements
txt,,納得のいく終わりでなかったのは
txt,,確かだが……
txt,,収穫がなかったというわけでもない。
txt,,いや。
txt,,むしろ、ここで負けることを味わうことも、
txt,,必要なのかもしれない。
txt,,オルフェ……
txt,,業の深い道に引っ張り込んでくれたものだな。
txt,,取り返しのつかない敗北をして、
txt,,生命を落とすぐらいなら……
txt,,ここで存分に苦しませる。
txt,,それを良しとすることが、
txt,,あの子たちの幸せにつながると……
txt,,本気で信じなければならないのだから。
