reinsertion_flags,no_scene_elements
txt,0,……
txt,1,そろそろ退き時だな。
txt,2,先生……
txt,3,……
txt,4,先生……
txt,5,……
txt,6,多少、気に残る幕引きになったけれどね……
txt,7,みんな、よくがんばった。
txt,8,あ……
txt,9,……
txt,10,……帰ろうか、憩いの我が家へ。
txt,11,……はい。
txt,12,……はい。
txt,13,……
txt,14,……どう思う？
txt,15,息は合ってきた、と……
txt,16,そう思います。
txt,17,……
txt,18,もしも前衛が揃ったら、連携を組めそうか？
txt,19,……恐らくは。
txt,20,けれど、先生への負担が
txt,21,増えるのではありませんか？
txt,22,そうなるかも知れない。
txt,23,だが、この先は……
txt,24,前衛なしでは考えられまい。
txt,25,……
txt,26,……
txt,27,わたくしは待つでしょう。
txt,28,あなたの導きの言葉を。
txt,29,……ああ。
txt,30,ありがとう。
