reinsertion_flags,no_scene_elements
txt,0,納得のいく終わりでなかったのは
txt,1,確かだが……
txt,2,収穫がなかったというわけでもない。
txt,3,いや。
txt,4,むしろ、ここで負けることを味わうことも、
txt,5,必要なのかもしれない。
txt,6,オルフェ……
txt,7,業の深い道に引っ張り込んでくれたものだな。
txt,8,取り返しのつかない敗北をして、
txt,9,生命を落とすぐらいなら……
txt,10,ここで存分に苦しませる。
txt,11,それを良しとすることが、
txt,12,あの子たちの幸せにつながると……
txt,13,本気で信じなければならないのだから。
