reinsertion_flags,no_scene_elements
txt,0,緑はこんなにも美しいのに……
txt,1,こころなしか、
txt,2,余計に不安が大きくなりますわね。
txt,3,……
txt,4,……
txt,5,長引けば、望まない敵を誘ってしまう、か。
txt,6,……
txt,7,相手は動けない。
txt,8,力を合わせれば、
txt,9,個々に手間取ることはないはずだ。
txt,10,……はい。
txt,11,……はい。
txt,12,けれど、
txt,13,混沌の気に触れた赤い守護塔や賢者の泉は、
txt,14,一筋縄ではいかないかも知れない。
txt,15,最も確実なのは、守護塔の周囲から
txt,16,敵を一掃し、その後で近づくことだ。
txt,17,……
txt,18,……
txt,19,そうすれば、
txt,20,守護塔は本来の蒼い輝きを取り戻すだろう。
txt,21,もっともそのためには、
txt,22,相応の時間が必要になるが……
txt,23,……
txt,24,守護塔も、賢者の泉も、混沌の種子も、
txt,25,すべて、魔法での攻撃を行ってくる。
txt,26,だから近づくのはパルミラ、
txt,27,魔術師であるきみか……
txt,28,イリオン、僧侶であるきみが適任だ。
txt,29,……わかりました。
txt,30,わかりました。
txt,31,よし。
txt,32,では、始めよう。
