reinsertion_flags,no_scene_elements
txt,,やったか……？
txt,,……勝った？
txt,,……
txt,,僕たちが？
txt,,完璧、とはいかなくとも……
txt,,……
txt,,目的は果たした。
txt,,……
txt,,……せんせい？
txt,,よくやった。
txt,,みんな、よく戦った。
txt,,……
txt,,先生……
txt,,パルミラ
txt,,……
txt,,ファナ
txt,,……
txt,,アルシエ
txt,,……
txt,,ケスト
txt,,……
txt,,シャロン
txt,,……
txt,,キャロット
txt,,……
txt,,セシリス
txt,,……
txt,,イリオン
txt,,……
txt,,旅立ちだな。
txt,,純潔の盾の。
txt,,はい！
txt,,はい！
txt,,……
txt,,はい！
txt,,はい！
txt,,師よ。
txt,,どうか、導きの言葉を。
txt,,……
txt,,……願わくは、永久に。
