reinsertion_flags,no_scene_elements
txt,,しくじったか……
txt,,先輩……
txt,,……シェリル。
txt,,じゅうぶん、時を創っていただきました。
txt,,このまま、ふもとまで降りるだけなら、
txt,,事足りるでしょう。
txt,,……すまん。
txt,,いいえ。
txt,,……
txt,,聖セヴィエスは……
txt,,シェリル、今はいい。
txt,,戻ろう、エルベロワに。
txt,,きみの育った、故郷に。
txt,,……
txt,,老先生が待っている。
txt,,……はい。
txt,,……アルシエ、だったね。
txt,,……
txt,,……
txt,,それでいいかい？
txt,,異存はありません。
txt,,同道いたします。
txt,,よし。
txt,,みんな、ほんとうによくやった。
txt,,胸を張って帰ろう。
