reinsertion_flags,no_scene_elements
txt,0,ここが……
txt,1,エウリア？
txt,2,そう。
txt,3,混沌の気に触れた守護塔が、
txt,4,どこかにあるはず。
txt,5,……
txt,6,這い出し者どもの集いし……
txt,7,紅き守護塔。
txt,8,……
txt,9,然り。
txt,10,まずは、守護塔を取り戻すところから、だな。
txt,11,……
txt,12,エンディミオンへの初戦だが、
txt,13,気にすることはない。
txt,14,先生……
txt,15,先生……
txt,16,いつも通りに行こう。
txt,17,先生……
txt,18,先生……
txt,19,では、始めよう。
