reinsertion_flags,no_scene_elements
txt,0,……そろそろ、退き時だな。
txt,1,先生……
txt,2,……
txt,3,先生……
txt,4,……
txt,5,多少、
txt,6,後味の悪い幕引きになったけれどね……
txt,7,みんな、よくがんばった。
txt,8,あ……
txt,9,……
txt,10,……ファナ＝ヒュベリオス。
txt,11,はい。
txt,12,もしよければ、エルベロワに？
txt,13,よろしくお願いします。
txt,14,よし。
txt,15,では帰ろう。
txt,16,憩いの我が家へ。
txt,17,……はい。
txt,18,……はい。
