reinsertion_flags,no_scene_elements
txt,0,やった……！
txt,1,これで一息ね。
txt,2,……
txt,3,だけど、なぜ……
txt,4,この、イヤなカンジは、いったい……？
txt,5,……
txt,6,……
txt,7,……
txt,8,……来る。
txt,9,守護塔を奪われて、這い出てくるか。
txt,10,赤銅の騎士ウルゴ。
txt,11,勝てば、幕……
txt,12,……いかがなさいますか、先生？
txt,13,守護塔を上手く使いたいところだが……
txt,14,相手の出方次第、か。
txt,15,……目的は、ひとつですわね。
txt,16,ああ。
txt,17,守護塔は、何度だって取り戻せばいい。
txt,18,無理に踏みとどまることもない。
txt,19,……
txt,20,……先生？
txt,21,……連携を密に。
txt,22,赤壁ウルゴを倒す。
txt,23,はい。
txt,24,……はい！
txt,25,始めよう。
