reinsertion_flags,no_scene_elements
txt,0,敵は、砦を奪いに来る。
txt,1,敵がどれだけの規模かは、わからない。
txt,2,３０分を目安に戦う。
txt,3,そこまで耐えることができれば、
txt,4,こちらの意思は伝わるはずだ。
txt,5,守るべきは守護塔が一本と、聖者の泉が二つ。
txt,6,すべてを奪われたら終わりだが……
txt,7,逆に言うならば、すべてを奪われるまでは、
txt,8,諦めることはない。
txt,9,それとこれは蛇足になるが、
txt,10,中洲には聖者の泉がある。
txt,11,だからといって、
txt,12,無謀に突っ込むことのないように。
txt,13,大切なのは、
txt,14,この砦を通さないという気持ちだ。
txt,15,それを見せよう。
