reinsertion_flags,no_scene_elements
txt,0,オベロンの地下城砦は、
txt,1,規模こそ小さいが……
txt,2,これまで戦ってきたどんな砦よりも、
txt,3,頑なに君たちを阻むだろう。
txt,4,這い出し者が、砦を奪われたくないと
txt,5,考えているとするならば……
txt,6,私たちの攻撃に対して、
txt,7,戦力の集中を図ることは目に見えている。
txt,8,できる限り早く、
txt,9,城砦にあるすべての守護塔に、
txt,10,蒼い輝きを取り戻そう。
txt,11,……ここを抜ければ、ヒュバルの玄室だ。
txt,12,久しぶりの休息を、勝ち得よう。
txt,13,……行こうか。
