reinsertion_flags,no_scene_elements
txt,0,見事な護衛だった。
txt,1,……
txt,2,……
txt,3,……
txt,4,そなたらなら、エンディミオンの奪還も、
txt,5,夢ではあるまい。
txt,6,……
txt,7,……
txt,8,……
txt,9,その瞳。
txt,10,そのこころ遣い。
txt,11,このファルドラ＝ベリスの名にかけて、
txt,12,決して忘れまい。
txt,13,……
txt,14,……
txt,15,……
txt,16,みな、達者でな。
txt,17,……老先生こそ、ご健勝で。
txt,18,……
txt,19,旅の無事を。
txt,20,……
txt,21,ありがとう。
txt,22,……
txt,23,また会えマスか？
txt,24,逢えるとも。
txt,25,……約束、デス。
txt,26,……ああ。
txt,27,……
txt,28,……
txt,29,いつの日か、また。
txt,30,ええ。
txt,31,かならず。
