reinsertion_flags,no_scene_elements
txt,0,く……
txt,1,遺跡の謎は、分からずじまいか……
txt,2,賢者の円卓の使者……
txt,3,……ではないようだね。
txt,4,……？
txt,5,このディナレアの巣窟に踏み入るるは、
txt,6,いかほどの勇者なるや愚者なるや。
txt,7,……
txt,8,さりとても、この婆を捕らえし縛鎖に
txt,9,ほころびの生まれしは、そなたさまと、
txt,10,そなたさまの愛す幼子らのおかげ……
txt,11,礼を言わずばなりますまい。
txt,12,バトラ……
txt,13,まさか、そなたは……
txt,14,……老いたね、随分と。
txt,15,お互いに。
txt,16,ふむ。
txt,17,純潔の盾の新しい長であられるね？
txt,18,とても良いお顔をしてあらっしゃる。
txt,19,……
txt,20,お会いできて、光栄です。
txt,21,……この場所のことは、デネヒア、
txt,22,おぬしも知らぬはず。
txt,23,……
txt,24,確かに。
txt,25,さてはファルドラ。
txt,26,純潔の盾の長にあっては気の毒に……
txt,27,あの破戒僧に担がれなさったね。
txt,28,……
txt,29,……
txt,30,この婆は賢者の円卓によって
txt,31,ここに幽閉された身。
txt,32,それを解き放つのは、
txt,33,利口とは言えますまいに。
txt,34,四賢使の愛弟子ともあろう方が、
txt,35,何を求めなさる。
txt,36,賢者の円卓にあえて異なるを唱え、
txt,37,ナビロスを救おうとした。
txt,38,彼女こそは天秤の長。
txt,39,ナビロス＝ルシフージュとともに、
txt,40,沈黙の長を支えた双璧の聖女。
txt,41,古い名を紐解けば、災いもあるよ、デネヒス。
txt,42,白の黒きを説きながら、黒の白きを説く。
txt,43,天秤の長と言えば聞こえは良いが、
txt,44,実のところはそんなものさね。
txt,45,幽閉と時を同じくして
txt,46,その御名を剥奪され……
txt,47,それでせいせいした、と？
txt,48,性根に染み付いたものを、
txt,49,どうして今更流せるものさ。
txt,50,だからこそ、
txt,51,新しい血が必要なのではないかえ？
txt,52,……
txt,53,長い旅から戻ってみれば、こうして幽閉の身。
txt,54,沈み行く船でなお、限られた命綱を奪い合う。
txt,55,できれば見たくなかった、そんな学び舎など。
txt,56,……天秤の長よ。
txt,57,……
txt,58,もしも、
txt,59,あなたの天秤が均衡を求めるならば……
txt,60,お待ちなされ、気高き方よ。
txt,61,……
txt,62,ひとたび我が手を取るならば、
txt,63,それは賢者の円卓に逆らう行いとなる。
txt,64,それを存じておいでか？
txt,65,……無論です。
txt,66,……
txt,67,それと知りながら、あえてお声をかけて
txt,68,いただけるとするならば……
txt,69,はい。
txt,70,さても、小気味の良い物言いをなさる。
txt,71,その言霊にこころ触れられるほど……
txt,72,囚われの身であることを理由にして、
txt,73,随分怠けてしまったようで。
txt,74,……
txt,75,なれば願わくは。
txt,76,このバトラ＝フェドリンスクの名を、
txt,77,純潔の盾にお刻みあらんことを。
txt,78,喜んで、天秤の長よ。
txt,79,どうかその御手が、
txt,80,繊きはかりの震えを収めますように。
