reinsertion_flags,no_scene_elements
txt,,素晴らしい護衛だった。
txt,,……
txt,,……
txt,,……
txt,,エンディミオンの奪還も、遠くはあるまいな。
txt,,……
txt,,……
txt,,……
txt,,その瞳。
txt,,そのこころ遣い。
txt,,このファルドラ＝ベリスの名にかけて、
txt,,決して忘れまい。
txt,,……
txt,,……
txt,,……
txt,,みな、達者でな。
txt,,……老先生こそ、ご健勝で。
txt,,……
txt,,旅の無事を。
txt,,……
txt,,ありがとう。
txt,,……
txt,,また会えマスか？
txt,,逢えるとも。
txt,,……約束、デス。
txt,,……ああ。
txt,,……
txt,,……
txt,,いつの日か、また。
txt,,ええ。
txt,,かならず。
