reinsertion_flags,no_scene_elements
txt,0,よし。
txt,1,なんとか、うまくいったようだな。
txt,2,先生……
txt,3,……
txt,4,先生……
txt,5,……
txt,6,要所を掌握すること、相手の流れを読むこと。
txt,7,ほころびはあったが、
txt,8,その両方に、きみたちは挑んだ。
txt,9,それは、決して易しいことじゃない。
txt,10,……
txt,11,ここで感じたものが、
txt,12,必ず次に生てくるだろう。
txt,13,はい！
txt,14,はい！
txt,15,……
txt,16,先生……？
txt,17,少しずつでいい……
txt,18,……
txt,19,あの子たちの想いを、
txt,20,エルメナスに届けたいものだな……
txt,21,お力添えさせてください。
txt,22,ああ、パルミラ。
txt,23,これからも、よろしく頼む。
txt,24,……はい。
