reinsertion_flags,no_scene_elements
txt,,老公……！！
txt,,……大事無い、案ずるな。
txt,,……申し訳ありません。
txt,,護衛を果たせず……
txt,,這い出し者の好きにさせてしまいました……
txt,,なにを、これしきのことで……
txt,,子供たちも、そなたも、じゅうぶん頑張った。
txt,,それに比べれば、わしのこの傷など、
txt,,痛みの内には入らぬ。
txt,,老公……
txt,,であればこそ。
txt,,わしは、先を急ぐとしよう。
txt,,しかし、そのお体では……
txt,,案じてくれるな。
txt,,もとより覚悟の一人旅。
txt,,そう容易く、くたばるつもりもない。
txt,,……
txt,,その瞳。
txt,,そのこころ遣い。
txt,,このファルドラ＝ベリスの名にかけて、
txt,,決して忘れまい。
txt,,老公……
txt,,達者でな。
txt,,……どうか、ご無事で。
txt,,ありがとう。
txt,,……
txt,,いつの日か、また。
txt,,はい。
txt,,……かならず。
