reinsertion_flags,no_scene_elements
txt,0,しまった……
txt,1,否。
txt,2,純潔の盾は、じゅうぶん頑張った。
txt,3,……
txt,4,わしは、先を急ぐとしよう。
txt,5,しかし……
txt,6,案じてくれるな。
txt,7,もとより覚悟の一人旅。
txt,8,そう容易く、くたばるつもりもない。
txt,9,……
txt,10,その瞳。
txt,11,そのこころ遣い。
txt,12,このファルドラ＝ベリスの名にかけて、
txt,13,決して忘れまい。
txt,14,老公……
txt,15,達者でな。
txt,16,どうか、ご無事で。
txt,17,ありがとう。
txt,18,……
txt,19,いつの日か、また。
txt,20,はい。
txt,21,……かならず。
