reinsertion_flags,no_scene_elements
txt,0,先生……？
txt,1,ああ。
txt,2,ルキアの深奥から、洞窟を抜ける路はみっつ。
txt,3,ひとつは今、私たちのいる場所。
txt,4,そして、川を挟んでの路。
txt,5,今ひとつは、水路。
txt,6,……
txt,7,……
txt,8,……
txt,9,防衛線を上げるか、下げるか……
txt,10,要所を探ろう。
txt,11,戦力を集中できる場所、ですね？
txt,12,そうだ。
txt,13,……
txt,14,……見つけてみせます。
txt,15,かならず。
txt,16,……よし。
txt,17,始めよう
