reinsertion_flags,no_scene_elements
txt,0,よし、完璧だ。
txt,1,先生……
txt,2,……
txt,3,先生……
txt,4,……
txt,5,要所を掌握すること、相手の流れを読むこと。
txt,6,その両方を、きみたちは見事にこなした。
txt,7,ここでの戦いが、必ず次に生きるだろう。
txt,8,はい！
txt,9,はい！
txt,10,……
txt,11,先生……？
txt,12,少しずつでいい……
txt,13,……
txt,14,あの子たちの想いを、
txt,15,エルメナスに届けたいものだな……
txt,16,お力添えさせてください。
txt,17,ああ、パルミラ。
txt,18,これからも、よろしく頼む。
txt,19,……はい。
