reinsertion_flags,no_scene_elements
txt,0,素晴らしい護衛だった。
txt,1,……
txt,2,……
txt,3,……
txt,4,エンディミオンの奪還も、遠くはあるまいな。
txt,5,……
txt,6,……
txt,7,……
txt,8,その瞳。
txt,9,そのこころ遣い。
txt,10,このファルドラ＝ベリスの名にかけて、
txt,11,決して忘れまい。
txt,12,……
txt,13,……
txt,14,……
txt,15,みな、達者でな。
txt,16,……老先生こそ、ご健勝で。
txt,17,……
txt,18,旅の無事を。
txt,19,……
txt,20,ありがとう。
txt,21,……
txt,22,また会えマスか？
txt,23,逢えるとも。
txt,24,……約束、デス。
txt,25,……ああ。
txt,26,……
txt,27,……
txt,28,いつの日か、また。
txt,29,ええ。
txt,30,かならず。
