reinsertion_flags,no_scene_elements
txt,0,……やっとで折り返し、というところだな。
txt,1,もしもこのまま首尾よく……
txt,2,ヒュバルの玄室まで出られたなら。
txt,3,……
txt,4,エンディミオンもまた、
txt,5,それを認めざるを得ますまいな。
txt,6,……
txt,7,純潔の盾のこの進軍を、
txt,8,想像できた者はおりますまい。
txt,9,たとえ物見の尖塔からでも。
txt,10,……ええ。
txt,11,行きましょう、オベロンの地下城砦へ。
