reinsertion_flags,no_scene_elements
txt,,よし、完璧だ。
txt,,先生……
txt,,……
txt,,先生……
txt,,……
txt,,要所を掌握すること、相手の流れを読むこと。
txt,,その両方を、きみたちは見事にこなした。
txt,,ここでの戦いが、必ず次に生きるだろう。
txt,,はい！
txt,,はい！
txt,,……
txt,,先生……？
txt,,少しずつでいい……
txt,,……
txt,,あの子たちの想いを、
txt,,エルメナスに届けたいものだな……
txt,,お力添えさせてください。
txt,,ああ、パルミラ。
txt,,これからも、よろしく頼む。
txt,,……はい。
