reinsertion_flags,no_scene_elements
txt,,先生……？
txt,,ああ。
txt,,ルキアの深奥から、洞窟を抜ける路はみっつ。
txt,,ひとつは今、私たちのいる場所。
txt,,そして、川を挟んでの路。
txt,,今ひとつは、水路。
txt,,……
txt,,……
txt,,……
txt,,防衛線を上げるか、下げるか……
txt,,要所を探ろう。
txt,,戦力を集中できる場所、ですね？
txt,,そうだ。
txt,,……
txt,,……見つけてみせます。
txt,,かならず。
txt,,……よし。
txt,,始めよう
