reinsertion_flags,no_scene_elements
txt,,……第一の関門突破、だな。
txt,,良い連携だった。
txt,,見知らぬ相手に出会っても、
txt,,よく怯まずに戦った。
txt,,引き際、押し時、転進の機会……
txt,,戦場で覚えるべきことは多いが、
txt,,この冒険もまた、大きな経験になるだろう。
txt,,……続く戦いにあっても、
txt,,純潔の盾の勇戦に期待する。
txt,,行こう。
txt,,フォレスを抜けて、ケルブの迷宮へ。
