reinsertion_flags,no_scene_elements
txt,,オベロンの地下城砦は、
txt,,規模こそ小さいが……
txt,,これまで戦ってきたどんな砦よりも、
txt,,頑なに君たちを阻むだろう。
txt,,這い出し者が、砦を奪われたくないと
txt,,考えているとするならば……
txt,,私たちの攻撃に対して、
txt,,戦力の集中を図ることは目に見えている。
txt,,できる限り早く、
txt,,城砦にあるすべての守護塔に、
txt,,蒼い輝きを取り戻そう。
txt,,……ここを抜ければ、ヒュバルの玄室だ。
txt,,久しぶりの休息を、勝ち得よう。
txt,,……行こうか。
