reinsertion_flags,no_scene_elements
txt,,先生……
txt,,先生……
txt,,……
txt,,確かに、護衛というのは難しい。
txt,,心配なのは、わかる。
txt,,私にも、そんな時があった。
txt,,自分の身さえ危ういのに、
txt,,どうして誰かを守ることができる？
txt,,……
txt,,……
txt,,けれど、なにかを守りたいと願うのなら……
txt,,あとはただ、それをするほかにない。
txt,,……
txt,,エルメナスを守りたい？
txt,,……はい。
txt,,……
txt,,……はい。
txt,,……
txt,,なら、今の君たちには、できる。
txt,,……と。
txt,,私も、老先生に乗せられたクチだ。
txt,,……
txt,,……
txt,,……
txt,,……
txt,,講義を思い出せるね？
txt,,大切な役割の分担を？
txt,,基点となるのは、先行して状況を探る人。
txt,,そして、必要な時に、安全を確保する人。
txt,,……
txt,,守るべき人に、付き添う人。
txt,,そして、後方を確保する人。
txt,,よし。
txt,,自分のできること、すべきことを、
txt,,忘れないように。
txt,,では、始めよう。
txt,,はい！
txt,,はい！
txt,,それでは、ファルド老。
txt,,ああ。
txt,,最初だけ、周囲を探る時間をください。
txt,,承知。
txt,,後は、老公のおみ足にお任せします。
txt,,いいのかね？
txt,,あの子たちも、その方が心強いでしょう。
txt,,手綱は、頼れる老賢人が握っている、と。
txt,,ほ。
txt,,ならば、期待に添うように、歩もう。
txt,,アシュトロスの関に至るまでに、
txt,,聖者の泉は五箇所あると聞きました。
txt,,そのすべての在処を知るのは、老公だけです。
txt,,導きのほど、よろしくお願いします。
txt,,それはこちらの台詞じゃて。
txt,,……では、参りましょう。
txt,,ふむ。
txt,,互いに、武運を、な。
