reinsertion_flags,no_scene_elements
txt,0,……しくじったな。
txt,1,先生……？
txt,2,……
txt,3,先生……
txt,4,……
txt,5,要所を掌握すること、相手の流れを読むこと。
txt,6,とても難しいことに、きみたちは挑んだ。
txt,7,上手くはいかなかったが、
txt,8,こういうこともある。
txt,9,……
txt,10,……
txt,11,……
txt,12,……
txt,13,……失敗したことを、悔やむな。
txt,14,どうして失敗したか、それを考えて、
txt,15,次に活かす。
txt,16,できるね？
txt,17,……はい。
txt,18,……
txt,19,……はい。
txt,20,……
txt,21,先生……？
txt,22,少しずつでいい……
txt,23,……
txt,24,あの子たちの想いを、
txt,25,エルメナスに届けたいものだな……
txt,26,お力添えさせてください。
txt,27,ああ、パルミラ。
txt,28,これからも、よろしく頼む。
txt,29,……はい。
