reinsertion_flags,no_scene_elements
txt,0,……退き時だな。
txt,1,先生……？
txt,2,……
txt,3,先生……
txt,4,……
txt,5,要所を掌握すること、相手の流れを読むこと。
txt,6,とても難しいことに、きみたちは挑んだ。
txt,7,上手くはいかなかったが、よく頑張った。
txt,8,……
txt,9,……
txt,10,……
txt,11,……
txt,12,……失敗したことを、悔やむな。
txt,13,どうして失敗したか、それを考えて、
txt,14,次に活かす。
txt,15,できるね？
txt,16,……はい。
txt,17,……
txt,18,……はい。
txt,19,……
txt,20,先生……？
txt,21,少しずつでいい……
txt,22,……
txt,23,あの子たちの想いを、
txt,24,エルメナスに届けたいものだな……
txt,25,お力添えさせてください。
txt,26,ああ、パルミラ。
txt,27,これからも、よろしく頼む。
txt,28,……はい。
