reinsertion_flags,no_scene_elements
txt,0,……第一の関門突破、だな。
txt,1,良い連携だった。
txt,2,見知らぬ相手に出会っても、
txt,3,よく怯まずに戦った。
txt,4,引き際、押し時、転進の機会……
txt,5,戦場で覚えるべきことは多いが、
txt,6,この冒険もまた、大きな経験になるだろう。
txt,7,……続く戦いにあっても、
txt,8,純潔の盾の勇戦に期待する。
txt,9,行こう。
txt,10,フォレスを抜けて、ケルブの迷宮へ。
