reinsertion_flags,no_scene_elements
txt,0,しまった……
txt,1,完璧というのは、やはり難しいか……
txt,2,先生……
txt,3,……続けよう。
txt,4,はい。
txt,5,これで二匹目……
txt,6,多少の突破は、已む無し、だな。
txt,7,先生……？
txt,8,続けよう。
txt,9,……はい。
txt,10,三匹目か……
txt,11,……
txt,12,……続けよう。
txt,13,……はい。
txt,14,四匹目……
txt,15,なかなかに、手強いか。
txt,16,……
txt,17,続けよう。
txt,18,……はい。
txt,19,五匹……
txt,20,抑えどころを誤ったか……？
txt,21,……どうなさいますか？
txt,22,もうひと踏ん張りしてみよう。
txt,23,はい。
txt,24,六匹……
txt,25,ギリギリまで粘るとしよう……
txt,26,七匹……
txt,27,そろそろ潮時か……？
txt,28,八匹……
txt,29,いいようにやられてしまったか……
txt,30,九匹……
txt,31,次あたりが、退き時か……
