reinsertion_flags,no_scene_elements
txt,0,よし。
txt,1,よく守りきった。
txt,2,先生……
txt,3,……
txt,4,先生……
txt,5,……
txt,6,要所を掌握すること、相手の流れを読むこと。
txt,7,完璧ではなかったかも知れないが、
txt,8,その両方を、きみたちはこなした。
txt,9,ここでの戦いは、必ず次に生てくるだろう。
txt,10,はい！
txt,11,はい！
txt,12,……
txt,13,先生……？
txt,14,少しずつでいい……
txt,15,……
txt,16,あの子たちの想いを、
txt,17,エルメナスに届けたいものだな……
txt,18,お力添えさせてください。
txt,19,ああ、パルミラ。
txt,20,これからも、よろしく頼む。
txt,21,……はい。
