reinsertion_flags,no_scene_elements
txt,,しまった……
txt,,否。
txt,,純潔の盾は、じゅうぶん頑張った。
txt,,……
txt,,わしは、先を急ぐとしよう。
txt,,しかし……
txt,,案じてくれるな。
txt,,もとより覚悟の一人旅。
txt,,そう容易く、くたばるつもりもない。
txt,,……
txt,,その瞳。
txt,,そのこころ遣い。
txt,,このファルドラ＝ベリスの名にかけて、
txt,,決して忘れまい。
txt,,老公……
txt,,達者でな。
txt,,どうか、ご無事で。
txt,,ありがとう。
txt,,……
txt,,いつの日か、また。
txt,,はい。
txt,,……かならず。
