reinsertion_flags,no_scene_elements
txt,,よし。
txt,,よく守りきった。
txt,,先生……
txt,,……
txt,,先生……
txt,,……
txt,,要所を掌握すること、相手の流れを読むこと。
txt,,完璧ではなかったかも知れないが、
txt,,その両方を、きみたちはこなした。
txt,,ここでの戦いは、必ず次に生てくるだろう。
txt,,はい！
txt,,はい！
txt,,……
txt,,先生……？
txt,,少しずつでいい……
txt,,……
txt,,あの子たちの想いを、
txt,,エルメナスに届けたいものだな……
txt,,お力添えさせてください。
txt,,ああ、パルミラ。
txt,,これからも、よろしく頼む。
txt,,……はい。
