reinsertion_flags,no_scene_elements
txt,0,老公……！！
txt,1,……大事無い、案ずるな。
txt,2,……申し訳ありません。
txt,3,護衛を果たせず……
txt,4,這い出し者の好きにさせてしまいました……
txt,5,なにを、これしきのことで……
txt,6,子供たちも、そなたも、じゅうぶん頑張った。
txt,7,それに比べれば、わしのこの傷など、
txt,8,痛みの内には入らぬ。
txt,9,老公……
txt,10,であればこそ。
txt,11,わしは、先を急ぐとしよう。
txt,12,しかし、そのお体では……
txt,13,案じてくれるな。
txt,14,もとより覚悟の一人旅。
txt,15,そう容易く、くたばるつもりもない。
txt,16,……
txt,17,その瞳。
txt,18,そのこころ遣い。
txt,19,このファルドラ＝ベリスの名にかけて、
txt,20,決して忘れまい。
txt,21,老公……
txt,22,達者でな。
txt,23,……どうか、ご無事で。
txt,24,ありがとう。
txt,25,……
txt,26,いつの日か、また。
txt,27,はい。
txt,28,……かならず。
