reinsertion_flags,no_scene_elements
txt,,……やっとで折り返し、というところだな。
txt,,もしもこのまま首尾よく……
txt,,ヒュバルの玄室まで出られたなら。
txt,,……
txt,,エンディミオンもまた、
txt,,それを認めざるを得ますまいな。
txt,,……
txt,,純潔の盾のこの進軍を、
txt,,想像できた者はおりますまい。
txt,,たとえ物見の尖塔からでも。
txt,,……ええ。
txt,,行きましょう、オベロンの地下城砦へ。
