reinsertion_flags,no_scene_elements
txt,,……退き時だな。
txt,,先生……？
txt,,……
txt,,先生……
txt,,……
txt,,要所を掌握すること、相手の流れを読むこと。
txt,,とても難しいことに、きみたちは挑んだ。
txt,,上手くはいかなかったが、よく頑張った。
txt,,……
txt,,……
txt,,……
txt,,……
txt,,……失敗したことを、悔やむな。
txt,,どうして失敗したか、それを考えて、
txt,,次に活かす。
txt,,できるね？
txt,,……はい。
txt,,……
txt,,……はい。
txt,,……
txt,,先生……？
txt,,少しずつでいい……
txt,,……
txt,,あの子たちの想いを、
txt,,エルメナスに届けたいものだな……
txt,,お力添えさせてください。
txt,,ああ、パルミラ。
txt,,これからも、よろしく頼む。
txt,,……はい。
