reinsertion_flags,no_scene_elements
txt,,相手はゴスペルブラス。
txt,,その精髄である四天王のみで
txt,,ここに来た以上……
txt,,退くこともなければ、
txt,,策を弄することもないだろう。
txt,,間違いなく正々堂々と、
txt,,中央にある守護塔を目指して真っ直ぐに、
txt,,進軍してくる。
txt,,そして、守護塔を奪ったなら、
txt,,その後は不動の精神で、
txt,,それを堅守するこころ積もりだろう。
txt,,ここで勝ちたいという気持ちを、忘れるな。
txt,,だがそれ以上に。
txt,,純潔の盾の名に、
txt,,恥ずかしくない戦いをしよう。
txt,,時間だ。
txt,,始めよう。
