reinsertion_flags,no_scene_elements
txt,0,よし……
txt,1,先生……
txt,2,よく、戻ったね。
txt,3,……
txt,4,……
txt,5,……
txt,6,あのね、先生。
txt,7,あたしもアクセルもね、
txt,8,先生に誓いを立てたい。
txt,9,いいのかい？
txt,10,うん。
txt,11,アクセル、きみも？
txt,12,……
txt,13,正直、今度の戦いばかりは
txt,14,オレも覚悟を決めてた。
txt,15,自分のミスでつまらねえことに
txt,16,なっちまった、ってな。
txt,17,……
txt,18,それでも何も問わず、
txt,19,クリスを救ってくれたあんたを認めないで、
txt,20,何を認める？
txt,21,……
txt,22,……
txt,23,嬉しかった。
txt,24,絶対助けるって、先生言ったよネ。
txt,25,あたしも助けたい。
txt,26,エルメナスを、みんなで。
txt,27,あんたは淀みのない言霊で言い放った。
txt,28,純潔の盾に自信があるから、即答できた。
txt,29,……
txt,30,……
txt,31,そしてそれが過信でも、
txt,32,偽りでもないことを、証明してみせた。
txt,33,……
txt,34,誓うぜ、オレも。
txt,35,……すべては、この先にあるもののために。
txt,36,それと、エルメナスのために。
txt,37,でないと、みんなと一緒にいられないから。
txt,38,でも、あれ。
txt,39,……
txt,40,？
txt,41,それって、いいのかな。
txt,42,みんなと一緒にいたいのは、
txt,43,あたしの望みなだけで……
txt,44,ただのワガママ？
txt,45,……クリス。
txt,46,いいんだ、それで。
txt,47,きみの望みが叶う時、
txt,48,それがエルメナスのためになるだろう。
txt,49,先生。
txt,50,信じよう。
txt,51,その素直な想いを。
txt,52,……
txt,53,……
txt,54,……
txt,55,……
txt,56,誓いに。
txt,57,……誓いに。
txt,58,……
txt,59,よろしくお願いします！！
