reinsertion_flags,no_scene_elements
txt,0,無事だったか。
txt,1,あんたは……
txt,2,……知ってる風体だ。
txt,3,……
txt,4,この馬鹿げた地下道に下りてきて、
txt,5,しかも見事に純潔の盾を運用してみせる……
txt,6,とすれば純潔の盾の後任は、
txt,7,よほど冷酷な知恵を駆る実力者か、
txt,8,それとも若さの抜けない熱血漢か。
txt,9,……
txt,10,いや。
txt,11,むしろその両方ってとこか。
txt,12,アクセル＝エンフォージ。
txt,13,オルフェの評に違わぬ眼力の持ち主のようだ。
txt,14,逢えてうれしい。
txt,15,……
txt,16,そして、きみはクリスティン。
txt,17,よく、無事でいてくれた。
txt,18,……
txt,19,……
txt,20,すまねぇな。
txt,21,？
txt,22,せっかく来てくれたとこ悪いが……
txt,23,……脱出は、できそうもない。
txt,24,なぜ？
txt,25,あんたになら、もうわかってるはずだろう？
txt,26,キツイ呪いをかけられちまった。
txt,27,ここから動くことさえ、
txt,28,今のオレたちには、できやしない。
txt,29,……
txt,30,……
txt,31,……ムリは言わねえ。
txt,32,早いところ、ここを離れた方がいい。
txt,33,……
txt,34,……
txt,35,……誰も、それを望むまい。
txt,36,……目を伏せるのか？
txt,37,オレたちはエサだ……
txt,38,純潔の盾を釣るための……！
txt,39,……ならばなおさら。
txt,40,ふたりのこころにかかる呪いの縛鎖を断つ。
txt,41,……
txt,42,せんせい……
txt,43,イノセンティアを信じられない？
txt,44,……
txt,45,……
txt,46,……
txt,47,……
txt,48,君たちを、必ず救い出す。
txt,49,その目で確かめてほしい。
txt,50,……ン。
txt,51,いい子だ、クリスティン。
txt,52,呪いをかけたのは？
txt,53,おっきな岩の怪物……
txt,54,恐い目をしてたヨ……
txt,55,ザルドスか……
txt,56,……
txt,57,……
txt,58,ここを動かないで。
txt,59,いいね？
txt,60,……ウン。
txt,61,……アクセル。
txt,62,いましばらく、クリスの傍に。
txt,63,純潔の盾が、ここの守りを固めよう。
txt,64,……
txt,65,……勝手にするさ。
txt,66,守りつつ、攻める、か……
txt,67,呪いの元が、
txt,68,ここまで来てくれれば話は早いが……
txt,69,いや、それはそれで厳しいか。
txt,70,……いずれにしても、正念場だな。
