reinsertion_flags,no_scene_elements
txt,0,相手はゴスペルブラス。
txt,1,その精髄である四天王のみで
txt,2,ここに来た以上……
txt,3,退くこともなければ、
txt,4,策を弄することもないだろう。
txt,5,間違いなく正々堂々と、
txt,6,中央にある守護塔を目指して真っ直ぐに、
txt,7,進軍してくる。
txt,8,そして、守護塔を奪ったなら、
txt,9,その後は不動の精神で、
txt,10,それを堅守するこころ積もりだろう。
txt,11,ここで勝ちたいという気持ちを、忘れるな。
txt,12,だがそれ以上に。
txt,13,純潔の盾の名に、
txt,14,恥ずかしくない戦いをしよう。
txt,15,時間だ。
txt,16,始めよう。
