reinsertion_flags,no_scene_elements
txt,0,く……
txt,1,ここまでか。
txt,2,いやなに、立派立派。
txt,3,おかげで呪いを解く鍵も、
txt,4,この通り見つかったよ。
txt,5,ザルドスを倒す必要は、もうないね。
txt,6,……
txt,7,然様。
txt,8,あとは、ふたりを帰還させるだけよの。
txt,9,……
txt,10,……ありがとうございます。
txt,11,助かりました。
txt,12,先生……
txt,13,よく、戻ったね。
txt,14,……
txt,15,……
txt,16,……
txt,17,あのね、先生。
txt,18,あたしもアクセルもね、
txt,19,先生に誓いを立てたい。
txt,20,いいのかい？
txt,21,うん。
txt,22,アクセル、きみも？
txt,23,……
txt,24,正直、今度の戦いばかりは
txt,25,オレも覚悟を決めてた。
txt,26,自分のミスでつまらねえことに
txt,27,なっちまった、ってな。
txt,28,……
txt,29,それでも何も問わず、
txt,30,クリスを救ってくれたあんたを認めないで、
txt,31,何を認める？
txt,32,……
txt,33,……
txt,34,嬉しかった。
txt,35,絶対助けるって、先生言ったよネ。
txt,36,あたしも助けたい。
txt,37,エルメナスを、みんなで。
txt,38,あんたは淀みのない言霊で言い放った。
txt,39,純潔の盾に自信があるから、即答できた。
txt,40,……
txt,41,……
txt,42,そしてそれが過信でも、
txt,43,偽りでもないことを、証明してみせた。
txt,44,たとえそれが完璧なものでないとしても。
txt,45,……
txt,46,誓うぜ、オレも。
txt,47,……すべては、この先にあるもののために。
txt,48,それと、エルメナスのために。
txt,49,でないと、みんなと一緒にいられないから。
txt,50,……でも、あれれ？
txt,51,……
txt,52,？
txt,53,それって、いいのかな。
txt,54,みんなと一緒にいたいのは、
txt,55,あたしの望みなだけで……
txt,56,ただのワガママ？
txt,57,……クリス。
txt,58,いいんだ、それで。
txt,59,きみの望みが叶う時、
txt,60,それがエルメナスのためになるだろう。
txt,61,先生。
txt,62,信じよう。
txt,63,その素直な想いを。
txt,64,……
txt,65,……
txt,66,……
txt,67,……
txt,68,誓いに。
txt,69,……誓いに。
txt,70,……
txt,71,よろしくお願いします！！
