reinsertion_flags,no_scene_elements
txt,,聖者たちの墳墓が、この有様か……
txt,,ここに満ちる永遠の神秘ゆえか。
txt,,ここに満ちる普遍の理力ゆえか。
txt,,言葉に残り、想い伝わり、
txt,,こころに流れる、古の教え。
txt,,その教えを受け継ぐ者として……
txt,,精一杯の恩返しをしよう。
txt,,這い出し者を一掃する。
txt,,可及的速やかに、
txt,,聖者たちの安眠を取り戻すよう、
txt,,努めてほしい。
txt,,では、始めよう。
