reinsertion_flags,no_scene_elements
txt,0,聖者たちの墳墓が、この有様か……
txt,1,ここに満ちる永遠の神秘ゆえか。
txt,2,ここに満ちる普遍の理力ゆえか。
txt,3,言葉に残り、想い伝わり、
txt,4,こころに流れる、古の教え。
txt,5,その教えを受け継ぐ者として……
txt,6,精一杯の恩返しをしよう。
txt,7,這い出し者を一掃する。
txt,8,可及的速やかに、
txt,9,聖者たちの安眠を取り戻すよう、
txt,10,努めてほしい。
txt,11,では、始めよう。
