reinsertion_flags,no_scene_elements
txt,,こちらの侵入を察して、
txt,,本格的な迎撃が始まるだろう。
txt,,大戦力を校舎の中に
txt,,確保しているとすれば……
txt,,湧き出してくるのは不動の橋立の正門、
txt,,もしくはその脇にある
txt,,二つの通用門になるだろう。
txt,,前衛で壁を作りながら、
txt,,後衛は脱出を支援するように。
txt,,また主道の両翼に橋梁が伸びている。
txt,,側面からの進軍に注意を配り、
txt,,主道の安全を確保する。
txt,,中央の交差路での挟撃、
txt,,後方からの追撃、脱出路での迎撃。
txt,,どの可能性も排除することが
txt,,できない以上……
txt,,各自連携を密に、
txt,,気を抜くことのないように。
txt,,速やかな撤退を期待する。
txt,,では、始めよう。
