reinsertion_flags,no_scene_elements
txt,0,こちらの侵入を察して、
txt,1,本格的な迎撃が始まるだろう。
txt,2,大戦力を校舎の中に
txt,3,確保しているとすれば……
txt,4,湧き出してくるのは不動の橋立の正門、
txt,5,もしくはその脇にある
txt,6,二つの通用門になるだろう。
txt,7,前衛で壁を作りながら、
txt,8,後衛は脱出を支援するように。
txt,9,また主道の両翼に橋梁が伸びている。
txt,10,側面からの進軍に注意を配り、
txt,11,主道の安全を確保する。
txt,12,中央の交差路での挟撃、
txt,13,後方からの追撃、脱出路での迎撃。
txt,14,どの可能性も排除することが
txt,15,できない以上……
txt,16,各自連携を密に、
txt,17,気を抜くことのないように。
txt,18,速やかな撤退を期待する。
txt,19,では、始めよう。
