reinsertion_flags,no_scene_elements
txt,0,これで幕、だな……
txt,1,いやいや、まだ最終章が残っていよう。
txt,2,……
txt,3,……ウロボロス。
txt,4,ご機嫌、麗しゅう。
txt,5,……
txt,6,……名残りを惜しみに来たか？
txt,7,……さてな。
txt,8,……
txt,9,さぞや、エルメナスを滅ぼしたいだろうな。
txt,10,その久遠の縛鎖を解きたいのだろう？
txt,11,だがな、十二王杯は、揃う。
txt,12,……パラダインが、それを成す。
txt,13,それには賛成だ。
txt,14,エルメナスが救われることこそ、我が願い。
txt,15,……世辞にしては殊勝なことよ。
txt,16,なれば、黙しておればよかろうに。
txt,17,然れども……
txt,18,目に見える混沌を払うことのみが、
txt,19,必ずしも、エルメナスの至福にはあらず。
txt,20,なに……？
txt,21,娘の言葉を聴きながら、
txt,22,誰もそれを信じぬのか？
txt,23,いずれは這い出し者どもが、
txt,24,生命の法灯を消すだろう。
txt,25,戯れ言を。
txt,26,だがどっちに転んでも、
txt,27,十二王杯が混沌を払うさ。
txt,28,精霊の願いも届かぬ阿呆は引っ込んでおれ。
txt,29,黒衣の呪いびとが、縛鎖に繋がれながら、
txt,30,なにを編んできたと思う。
txt,31,せっせと、永い闇の中で、
txt,32,なにを編んだと思う。
txt,33,……
txt,34,まさか、今日この日のために、
txt,35,無為に日々を過ごしてきたとは思うまいな。
txt,36,……
txt,37,呪い、闇、罪、罰を綴っていればな、
txt,38,見出すことも、いろいろある。
txt,39,まさか……
txt,40,いいぞ、そうだ。
txt,41,第十三王杯は、すぐそこだ。
txt,42,ばかな！！
txt,43,知りたいだろうと思ってな。
txt,44,第十三王杯は、たしかに失われた。
txt,45,九年前のあの日、確かに、滅んだ。
txt,46,たしかにあの日、王杯は十二個になった。
txt,47,純潔の盾の手によって。
txt,48,だが、無よりして混沌を紡ぎ出すことこそは、
txt,49,黒衣の呪いびとの邪悪たる由縁。
txt,50,……
txt,51,夢にも思わなかったことだが……
txt,52,ロイヤル・センテが陥ちずば、
txt,53,かようなことにはならなかったろうがな。
txt,54,……
txt,55,巡り合わせとは不思議なものよ。
txt,56,信じておろうな、エルメナスが不滅たると？
txt,57,だがだめだ。
txt,58,堕ちるぞ、エルメナスは、ほんとうに。
txt,59,……
txt,60,第十三の王杯、終焉を携えて、やつらが来る。
txt,61,十二王杯の揃うその場に。
txt,62,そうなれば、終わりだ。
txt,63,滅びはすぐそこまで来ている。
txt,64,……
txt,65,……
txt,66,……
txt,67,とはいえ。
txt,68,十二王杯でなくば、混沌を払えぬ道理。
txt,69,賢者と呼ばれるそなたらが
txt,70,悔やむだけ無駄というものだ。
txt,71,……
txt,72,それよりも。
txt,73,エルメナスを混沌から救う純潔の盾、
txt,74,その素晴らしき導きに、わしは感謝する。
txt,75,ひとところに集う王杯、
txt,76,その数がいくつであれ……
txt,77,純潔の盾こそは、エルメナスを救うだろう。
txt,78,……
txt,79,……
txt,80,なぜ助言する？
txt,81,学び舎の七哲は、互いに裏切りあって、
txt,82,呪われの身となった。
txt,83,それは今もなお続いている。
txt,84,我ながら、愚かなことだが。
txt,85,……ではなぜ、北壁の雪花を散らそうとした。
txt,86,なにを言ってもはじまらん。
txt,87,だが、あれを救いたかった。
txt,88,エルメナスを救いたかった。
txt,89,……
txt,90,信じる、信じないは、我が役目にあらず。
txt,91,だがせめて、
txt,92,苦しめた罪は償いたいと思ったのだ。
txt,93,だから、ここを択んだ。
txt,94,ならば……
txt,95,黒衣の計略は、
txt,96,物見の尖塔にて成就することになろう。
txt,97,……！！
