reinsertion_flags,no_scene_elements
txt,0,ふふ。
txt,1,移動は大丈夫ですわね。
txt,2,選択が【左】、決定が【右】と覚えていただ
txt,3,ければ、わかりやすいと思います。
txt,4,それでは、次は登場と退場について……
txt,5,！
txt,6,どうやら、その前にやることが出来たようで
txt,7,すわね。
txt,8,彼ら這い出し者との戦いで欠かせないのが、
txt,9,【通常攻撃】です。
txt,10,戦う前に、【通常攻撃】についてお話しいた
txt,11,します。
txt,12,通常攻撃とは、誰でも使える基本的な攻撃方
txt,13,法です。
txt,14,ＭＰの消費がないので、何度でも自由に使え
txt,15,るところが利点です。
txt,16,また、僧侶の通常攻撃は、味方に使うことで
txt,17,ＨＰを回復することができます。
txt,18,では、通常攻撃の手順を説明します。
txt,19,移動と同様に、ユニットを左クリックして
txt,20,選択状態にします。
txt,21,その状態で、敵ユニットを右クリックすると
txt,22,攻撃を開始します。
txt,23,攻撃可能な場合は、マウスカーソルが変化す
txt,24,るので、それを目安にすると良いでしょう。
txt,25,では、実際に攻撃してみましょう。
txt,26,このユニットを選択状態にして……
txt,27,これらの敵を攻撃してください。
txt,28,すべての敵を倒すまで、
txt,29,頑張ってくださいね？
