reinsertion_flags,no_scene_elements
txt,,守護塔が……
txt,,……負け、ですか？
txt,,……
txt,,……
txt,,……
txt,,申し訳ありません、先生……
txt,,お力に、なれませんでした……
txt,,いや……
txt,,みんなよく戦った。
txt,,……ここは、潔く退こう。
txt,,……
txt,,ごめんなさい……
txt,,先生……
txt,,……セシリス。
txt,,……
txt,,もう一度、チャンスをください。
txt,,……
txt,,どうか、お願い申し上げます。
txt,,……
txt,,ああ、無論だ。
txt,,かならず、また。
txt,,はい！
txt,,はい……！
txt,,……
txt,,……
txt,,せんせい……
txt,,どうか、導きの言葉を。
txt,,……
txt,,……願わくは、永久に。
