reinsertion_flags,no_scene_elements
txt,,なにも申し上げることはありませんわ、先生。
txt,,では最後に、退出方法を説明いたします。
txt,,まず、退場させたいユニットを選択します。
txt,,これまで同様、ユニットを左クリックして、
txt,,選択状態にします。
txt,,そして、退出アイコンを左クリックすれば、
txt,,退出します。
txt,,では、実際に練習してみましょう。
txt,,ユニットを選択状態にして……
txt,,この退出アイコンを左クリックです。
txt,,それでは、ご指示をお願いします。
