reinsertion_flags,no_scene_elements
txt,,ここが……
txt,,エウリア？
txt,,そう。
txt,,混沌の気に触れた守護塔が、
txt,,どこかにあるはず。
txt,,……
txt,,這い出し者どもの集いし……
txt,,紅き守護塔。
txt,,……
txt,,然り。
txt,,まずは、守護塔を取り戻すところから、だな。
txt,,いつも通りに行こう。
txt,,先生……
txt,,先生……
txt,,ただし……
txt,,無理だけはしないこと。
txt,,いいね？
txt,,……
txt,,……
txt,,アルシエ、シリウス。
txt,,前衛は、魔法による攻撃に注意。
txt,,守護塔はもちろん、炎晶石に囲まれるな。
txt,,御意……
txt,,わかっています。
txt,,後衛は、近接攻撃に注意。
txt,,特にスカリスは、手強い。
txt,,接敵を許すな。
txt,,……はい！
txt,,はい。
txt,,セシリス。
txt,,……
txt,,……
txt,,はい！
txt,,きみが、みんなの目になるんだ……
txt,,できるね？
txt,,わたし……
txt,,……やってみます。
txt,,よし。
txt,,では、始めよう。
