reinsertion_flags,no_scene_elements
txt,,これからチュートリアルを始めます。
txt,,うむ。
txt,,ここで基礎知識を得ておけば、実戦でも慌て
txt,,ることはなかろうて。
txt,,よろしく頼むぞ、パルミラや。
txt,,もちろんです、お父様。
txt,,では先生。
txt,,最初に【移動】の仕方についてお話しいたし
txt,,ます。
txt,,ユニットを左クリックすると、
txt,,選択状態になります。
txt,,選択状態になると、ユニットの上に、
txt,,マーカーがつきます。
txt,,選択状態で、行きたい場所を右クリックする
txt,,と、その場所まで移動します。
txt,,では、実際に練習してみましょう。
txt,,このユニットを……
txt,,この場所まで移動していただけますか？
