reinsertion_flags,no_scene_elements
txt,0,……負け、ですか？
txt,1,……せんせい？
txt,2,……
txt,3,……
txt,4,……
txt,5,申し訳ありません、先生……
txt,6,お力に、なれませんでした……
txt,7,いや……
txt,8,みんなよく戦った。
txt,9,……ここは、潔く退こう。
txt,10,……
txt,11,ごめんなさい……
txt,12,先生……
txt,13,……セシリス。
txt,14,……
txt,15,もう一度、チャンスをください。
txt,16,……
txt,17,どうか、お願い申し上げます。
txt,18,……
txt,19,……
txt,20,ああ、無論だ。
txt,21,かならず、また。
txt,22,はい！
txt,23,はい……！
txt,24,……
txt,25,……
txt,26,せんせい……
txt,27,どうか、導きの言葉を。
txt,28,……
txt,29,……願わくは、永久に。
