reinsertion_flags,no_scene_elements
txt,0,さすがは先生ですわね。
txt,1,これで、敵に囲まれても、安心して戦えます
txt,2,わ。
txt,3,それと、もうお気づきかも知れませんが……
txt,4,ユニットのまわりに出る青いエリアは、攻撃
txt,5,できる射程です。
txt,6,単体選択時のみの表示ですが、戦闘前の目安
txt,7,になると思います。
txt,8,……！！
txt,9,ゆっくりは、できないようですわね。
txt,10,今度の敵は、剣士の通常攻撃では歯が立ちま
txt,11,せん。
txt,12,そんな時は、スキルが威力を発揮します。
txt,13,これから、スキル（技能）についてお話しい
txt,14,たします。
txt,15,通常攻撃と違って、スキルは使用するために
txt,16,ＭＰを消費します。
txt,17,その代わりに、広範囲に攻撃を及ぼしたり、
txt,18,回復や強化など、様々な効果を発揮します。
txt,19,スキルにはたくさんの種類がありますが、
txt,20,今回は、サンダー・ボルトのスキルを例に
txt,21,とりたいと思います。
txt,22,では、スキルの使用方法を説明します。
txt,23,通常攻撃と同様に、
txt,24,ユニットを左クリックして、
txt,25,選択状態にします。
txt,26,次に、コントロールパネルのモード切り替え
txt,27,アイコンを左クリックします。
txt,28,ここをクリックすることで、通常攻撃モード
txt,29,と、スキルモードを切り替えます。
txt,30,また、使用したいスキルアイコンをダブルク
txt,31,リックすることで、スキルモードにすること
txt,32,もできます。
txt,33,どちらでも、好きな方を使ってくださいね。
txt,34,サンダー・ボルトは、指定した【空間】を中
txt,35,心に、一定範囲の敵を攻撃するスキルです。
txt,36,スキルモードになったら、【空間】を右クリ
txt,37,ックすることで、スキルを使用します。
txt,38,では実際に、使ってみましょう。
txt,39,このユニットを選択状態にして……
txt,40,これらの敵を攻撃して下さい。
txt,41,すべての敵を倒すまで、
txt,42,頑張って下さいね？
