reinsertion_flags,no_scene_elements
txt,,完璧ですわ。
txt,,スキルによっては、他の指定方法で発動する
txt,,ものがあります。
txt,,通常攻撃と同じように、敵を指定する、
txt,,ブレイク・スマッシュや、ポイズン・アロー。
txt,,自分を指定するシューティング・スター。
txt,,味方を指定するホーリィ・パージ。
txt,,また中には、強力な反面、味方にも損害を与
txt,,えてしまうスキルもあります。
txt,,冒険の中で、いろいろ試してみてくださいね。
txt,,……
txt,,少し脇道に逸れてしまいましたわね。
txt,,後先になってしまいましたけれど……
txt,,登場についてお話ししたいと思います。
txt,,……パルミラさん。
txt,,ファナひとりでは、登場を練習できないから
txt,,手伝ってくれるかしら？
txt,,はい。
txt,,待機、しています。
txt,,それでは、登場方法を説明いたします。
txt,,まず、登場アイコンを左クリックします。
txt,,すると、下向きの矢印アイコンに変わります。
txt,,登場は、その状態でしか指示することができ
txt,,ません。
txt,,ご留意ください。
txt,,まず、登場させたい人を選びます。
txt,,画面端にある、イリオンの顔アイコンを左ク
txt,,リックして、選択状態にして下さい。
txt,,次に、誰が呼び出すかを決めます。
txt,,登場するためには、必ず誰かに、呼んでもら
txt,,う必要があります。
txt,,今回は、ファナがイリオンを呼ぶことになる
txt,,ので、ファナのユニットを、右クリックして
txt,,くださいね。
txt,,では、実際に呼んでみましょう。
txt,,この登場アイコンを
txt,,左クリックして……
txt,,イリオンの顔アイコンを
txt,,左クリックで選択後……
txt,,最後にファナのユニットを右クリックするこ
txt,,とで、呼び出しを開始します。
txt,,では、うまく呼び出してあげてくださいね？
