reinsertion_flags,no_scene_elements
txt,0,これからチュートリアルを始めます。
txt,1,うむ。
txt,2,ここで基礎知識を得ておけば、実戦でも慌て
txt,3,ることはなかろうて。
txt,4,よろしく頼むぞ、パルミラや。
txt,5,もちろんです、お父様。
txt,6,では先生。
txt,7,最初に【移動】の仕方についてお話しいたし
txt,8,ます。
txt,9,ユニットを左クリックすると、
txt,10,選択状態になります。
txt,11,選択状態になると、ユニットの上に、
txt,12,マーカーがつきます。
txt,13,選択状態で、行きたい場所を右クリックする
txt,14,と、その場所まで移動します。
txt,15,では、実際に練習してみましょう。
txt,16,このユニットを……
txt,17,この場所まで移動していただけますか？
