reinsertion_flags,no_scene_elements
txt,0,なにも申し上げることはありませんわ、先生。
txt,1,では最後に、退出方法を説明いたします。
txt,2,まず、退場させたいユニットを選択します。
txt,3,これまで同様、ユニットを左クリックして、
txt,4,選択状態にします。
txt,5,そして、退出アイコンを左クリックすれば、
txt,6,退出します。
txt,7,では、実際に練習してみましょう。
txt,8,ユニットを選択状態にして……
txt,9,この退出アイコンを左クリックです。
txt,10,それでは、ご指示をお願いします。
