scr_cmd,[Change Screen: Darken ] (0)
scr_cmd,[Unknown code 1: 0x20000001]
scr_cmd,[Play BGM #5]
scr_cmd,[Open nameless msg box at %0](0x2fffffff2fffffff)
scr_cmd,[Change Screen: Fadein then Lighten] (3)
scr_cmd,Error: Unknown code:0x8002d
scr_cmd,Error: Unknown code:0x20000064
scr_cmd,Error: Unknown code:0x8002e
scr_cmd,Error: Unknown code:0x20000032
scr_cmd,[Make active:0]
txt,,　
txt,,　
txt,,　
scr_cmd,[Play voice 0 from folder 2]
txt,,　　　　　　世界は、永い混沌の渦中にあった────
scr_cmd,[Show next arrow]
scr_cmd,[Wait for msg click]
scr_cmd,[Erase text]
scr_cmd,[Play voice 1 from folder 2]
txt,,　　巨人達の城砦を擁すダレンシア大森林は色褪せ、翡翠の海は
txt,,腐り落ち、最果ての島々は翼竜の大都ディマジオとともに沈んだ。
scr_cmd,[Show next arrow]
scr_cmd,[Wait for msg click]
scr_cmd,[Play voice 2 from folder 2]
txt,,　ドルイドの聖地ロス・コモンでは命の樹が毒の水を吸い上げて
txt,,　　黒く染まり、寂寥の風には痩せた穂が、虚しく揺れていた。
scr_cmd,[Show next arrow]
scr_cmd,[Wait for msg click]
scr_cmd,[Play voice 3 from folder 2]
txt,,　　　　　　暗雲に呑まれた故郷を後にした者達は、
txt,,　狂おしいほどに新たな大地を求めて、双眸に熱雷をはらませる。
scr_cmd,[Show next arrow]
scr_cmd,[Wait for msg click]
scr_cmd,[Erase text]
txt,,　
txt,,　
scr_cmd,[Play voice 4 from folder 2]
txt,,　　　　その矛先に貫かれ、鋭い爪痕を残す瓦礫となって、
txt,,　　　　凶気の波に踏み躙られた者達が、再び刃を研ぐ。
scr_cmd,[Show next arrow]
scr_cmd,[Wait for msg click]
scr_cmd,[Erase text]
scr_cmd,[Play voice 5 from folder 2]
txt,,　それでも、守るべき暖炉の炎を持つ者は、怯え震えながらも、
txt,,　　　　　　　　　迫り来る脅威に立ち向かう。
scr_cmd,[Show next arrow]
scr_cmd,[Wait for msg click]
scr_cmd,[Play voice 6 from folder 2]
txt,,　　　　帝都パレストラ、法王庁ワース、セダム城砦都市、
txt,,　閉ざし得る門という門は等しく封じられ、堅牢な壁が築かれた。
scr_cmd,[Show next arrow]
scr_cmd,[Wait for msg click]
scr_cmd,[Play voice 7 from folder 2]
txt,,　　母なる大地の弔いに、巨大な猛者達が黒鉄の縛鎖を解き、
txt,,英霊に捧げる生贄を求めて、竜たちは緋色に染まる月夜に咆哮した。
scr_cmd,[Show next arrow]
scr_cmd,[Wait for msg click]
scr_cmd,[Erase text]
txt,,　
txt,,　
scr_cmd,[Play voice 8 from folder 2]
txt,,　　　歴史の歯車は錆付きながらなお、深紅の潤滑油を求め、
txt,,　　　　　　恐怖に軋む鎮魂歌を奏でていたのである。
scr_cmd,[Show next arrow]
scr_cmd,[Wait for msg click]
scr_cmd,[Erase text]
scr_cmd,[Play voice 9 from folder 2]
txt,,　　　　　　世界の混沌に際して、偉大な賢者達が、
txt,,　　　　故郷である学び舎から災禍の地へと旅立ってゆく。
scr_cmd,[Show next arrow]
scr_cmd,[Wait for msg click]
scr_cmd,[Play voice 10 from folder 2]
txt,,　　　　　　　　　時に壁となって争いを防ぎ、
txt,,　　　　　　時に対話の窓となって和を見出すために。
scr_cmd,[Show next arrow]
scr_cmd,[Wait for msg click]
scr_cmd,[Play voice 11 from folder 2]
txt,,　　　　　　その顔に浮かぶ、哀しみと憤怒と慟哭の、
txt,,　　　　更にその奥で渦巻く狂気と隣り合わせの慈愛……
scr_cmd,[Show next arrow]
scr_cmd,[Wait for msg click]
scr_cmd,[Erase text]
txt,,　
txt,,　
scr_cmd,[Play voice 12 from folder 2]
txt,,　　　　目を向ければ、刻み込まれた深い皺が今日もまた、
txt,,　　　　　　こともなげに豊かな微笑みを湛えていた。
scr_cmd,[Show next arrow]
scr_cmd,[Wait for msg click]
scr_cmd,[Erase text]
txt,,　
scr_cmd,[Play voice 13 from folder 2]
txt,,　　　今、邪悪な蠢動は巨大なうねりとなって大地を席巻し、
txt,,　　　　誰も彼もの心を深い闇で覆い尽くそうとしている。
scr_cmd,[Show next arrow]
scr_cmd,[Wait for msg click]
scr_cmd,[Play voice 14 from folder 2]
txt,,　　けれど賢者達は災厄に立ち向かい、そこに苦しむ命あれば、
txt,,　　　　　　その救いの手を分け隔てなく差し伸べた。
scr_cmd,[Show next arrow]
scr_cmd,[Wait for msg click]
scr_cmd,[Play voice 15 from folder 2]
txt,,　　　いつの日にか、調和の大地が蘇ることだけを信じて。
scr_cmd,[Show next arrow]
scr_cmd,[Wait for msg click]
scr_cmd,[Erase text]
scr_cmd,[Play voice 16 from folder 2]
txt,,　　　　　　　　　　　　その一方で、
txt,,　　最も聖なる地と謳われた賢者の学び舎【エルメナス】でも、
txt,,　　　　　　その深奥に不穏な邪悪の源を突きとめた。
scr_cmd,[Show next arrow]
scr_cmd,[Wait for msg click]
scr_cmd,[Play voice 17 from folder 2]
txt,,　　　　内噴した混沌に、警戒の色を強めるエルメナス。
scr_cmd,[Show next arrow]
scr_cmd,[Wait for msg click]
scr_cmd,[Play voice 18 from folder 2]
txt,,　　　　　　　しかし、学び舎にはわずかな賢者と、
txt,,　　　　　　賢者を目指す子供達しか残っていない。
scr_cmd,[Show next arrow]
scr_cmd,[Wait for msg click]
scr_cmd,[Erase text]
txt,,　
scr_cmd,[Play voice 19 from folder 2]
txt,,　世界の救難に力を尽くす大賢者たちを呼び戻すことは叶わず、
txt,,　　　　　　また彼らも帰還に応じはしないだろう。
scr_cmd,[Show next arrow]
scr_cmd,[Wait for msg click]
scr_cmd,[Play voice 20 from folder 2]
txt,,　　　　たとえ生を受け、育くまれた故郷の危機とても、
txt,,　　　眼前の危難を見捨てることなどできようはずがない。
scr_cmd,[Show next arrow]
scr_cmd,[Wait for msg click]
scr_cmd,[Erase text]
scr_cmd,[Play voice 21 from folder 2]
txt,,こうして、学び舎の人々は残された力を束ねて努力を続けていた。
scr_cmd,[Show next arrow]
scr_cmd,[Wait for msg click]
scr_cmd,[Play voice 22 from folder 2]
txt,,　　　　　果敢にも学院の深奥に挑んだ者達が、ひとり、
txt,,　またひとりと消息を絶つ中、もたらされた言葉に戦慄が走る。
scr_cmd,[Show next arrow]
scr_cmd,[Wait for msg click]
scr_cmd,[Play voice 23 from folder 2]
txt,,　　　　　混沌の源に【這い出し者ども】あれり───
scr_cmd,[Show next arrow]
scr_cmd,[Wait for msg click]
scr_cmd,[Play voice 24 from folder 2]
txt,,　　　　　賢者の学び舎に伝わる古代白エルフの預言書、
txt,,　　　　　クレルモン大聖典に綴られた忌み名である。
scr_cmd,[Show next arrow]
scr_cmd,[Wait for msg click]
scr_cmd,[Erase text]
scr_cmd,[Play voice 25 from folder 2]
txt,,　　　　　いずれ異形の怪物たちは陽光の下をも徘徊し、
txt,,　　　　　　賢者の学び舎を滅びへと誘うのだろうか。
scr_cmd,[Show next arrow]
scr_cmd,[Wait for msg click]
scr_cmd,[Play voice 26 from folder 2]
txt,,　　　　　　混沌は、邪悪なる意思をも呼び覚まし、
txt,,　　　　　　そして世界を終焉へと導くのだろうか。
scr_cmd,[Show next arrow]
scr_cmd,[Wait for msg click]
scr_cmd,[Play voice 27 from folder 2]
txt,,　　聖なりし地エルメナスさえもが、恐怖によどむ暗渠へと、
txt,,　　　　　　　静かにその歩みを進め始めていた。
scr_cmd,[Show next arrow]
scr_cmd,[Wait for msg click]
scr_cmd,[Erase text]
txt,,　
scr_cmd,[Play voice 28 from folder 2]
txt,,　　　　　　　　　　　　　しかし、
txt,,　　絶望に暮れようとしていたエルメナスに、希望の炎は灯る。
scr_cmd,[Show next arrow]
scr_cmd,[Wait for msg click]
scr_cmd,[Play voice 29 from folder 2]
txt,,　　か細く、わずかな光明とは言え、因果紡ぐ滅びの聖域に、
txt,,　　　　　　　　　希望の炎は灯ったのである。
scr_cmd,[Show next arrow]
scr_cmd,[Wait for msg click]
scr_cmd,[Erase text]
txt,,　
scr_cmd,[Play voice 30 from folder 2]
txt,,　　　　　それは、翡翠の都シノンが滅んで間もない、
txt,,　　　　　　　冷たい雨に凍える夜のことだった。
scr_cmd,[Show next arrow]
scr_cmd,[Wait for msg click]
scr_cmd,[Play voice 31 from folder 2]
txt,,　　　　　賢者としての力が及ばなかったことを悔い、
txt,,　　　　　　　　　沈黙の日々に耐え抜いて、
txt,,　　　　　　　故郷へと歩む若い賢者の姿があった。
scr_cmd,[Show next arrow]
scr_cmd,[Wait for msg click]
scr_cmd,[Erase text]
txt,,　
txt,,　
scr_cmd,[Play voice 32 from folder 2]
txt,,　学び舎の窮状を、友からの手紙によって伝え聞いたその賢者は、
txt,,　　　　　　九年ぶりにエルメナスへの帰還を果たす。
scr_cmd,[Show next arrow]
scr_cmd,[Wait for msg click]
scr_cmd,[Erase text]
txt,,　
txt,,　
scr_cmd,[Play voice 33 from folder 2]
txt,,　　懐かしき学び舎では、遥かな高みを目指す珠玉の子供達が、
txt,,　　　　夢半ばで屈しようとしている、そんな夜だった。
scr_cmd,[Show next arrow]
scr_cmd,[Wait for msg click]
scr_cmd,[Erase text]
txt,,　
scr_cmd,[Play voice 34 from folder 2]
txt,,　　　　子供達は澄んだ瞳で、初めて出逢うその賢者に、
txt,,　　　　　　　　　まっすぐな信頼を寄せた。
scr_cmd,[Show next arrow]
scr_cmd,[Wait for msg click]
scr_cmd,[Play voice 35 from folder 2]
txt,,　　　世界に訪れた異変、次々と消え行く賢者、募る恐怖……
scr_cmd,[Show next arrow]
scr_cmd,[Wait for msg click]
scr_cmd,[Play voice 36 from folder 2]
txt,,　　　　　　　　導いてほしい、傍にいてほしい、
txt,,　　そしていつか賢者となって先生たちの手助けをしたい……
scr_cmd,[Show next arrow]
scr_cmd,[Wait for msg click]
scr_cmd,[Erase text]
txt,,　
scr_cmd,[Play voice 37 from folder 2]
txt,,　　　　　　　　　　言い得ぬ不安に怯え、
txt,,　　　　恐怖の渦巻く心に深い陰を落とす子供があった。
scr_cmd,[Show next arrow]
scr_cmd,[Wait for msg click]
scr_cmd,[Play voice 38 from folder 2]
txt,,　　　　　歯を食いしばり、賢者への道を見出すために、
txt,,　　　　　　力を貸して欲しいと訴える子供があった。
scr_cmd,[Show next arrow]
scr_cmd,[Wait for msg click]
scr_cmd,[Erase text]
txt,,　
scr_cmd,[Play voice 39 from folder 2]
txt,,　　　　　　　　今この時、自らの幼少のみぎり、
txt,,　　　賢者を目指して挑んだ戦いの数々に思いを馳せてみる。
scr_cmd,[Show next arrow]
scr_cmd,[Wait for msg click]
scr_cmd,[Play voice 40 from folder 2]
txt,,　　　上目使いに信望の眼差しを向ける、そんな幼子らに、
txt,,　　　　　自らの想い出を重ねながら、賢者は誓った。
scr_cmd,[Show next arrow]
scr_cmd,[Wait for msg click]
scr_cmd,[Erase text]
txt,,　
txt,,　
scr_cmd,[Play voice 41 from folder 2]
txt,,　　　　　　　かつて自分がそうあったように……
scr_cmd,[Show next arrow]
scr_cmd,[Wait for msg click]
scr_cmd,[Play voice 42 from folder 2]
txt,,　　　　　　　誰かが、支えてあげなければ───
scr_cmd,[Show next arrow]
scr_cmd,[Wait for msg click]
scr_cmd,[Erase text]
txt,,　
txt,,　
scr_cmd,[Play voice 43 from folder 2]
txt,,　　　　　　　　　クロス　ハーミット\n　　　　　　　Ｃｒｏｓｓ　Ｈｅｒｍｉｔ　───
scr_cmd,[Show next arrow]
scr_cmd,[Wait for msg click]
scr_cmd,[Erase text]
txt,,　
scr_cmd,[Play voice 44 from folder 2]
txt,,　　　　それは、深い闇の中に灯った、淡いかがりび達の、
txt,,　　　　　　　　　　　交わり集う場所。
scr_cmd,[Show next arrow]
scr_cmd,[Wait for msg click]
scr_cmd,[Play voice 45 from folder 2]
txt,,　　　　それは、迫り来る混沌を前にして、それでもなお、
txt,,　　　　　　邪悪に立ち向かった幼き賢者たちの物語。
scr_cmd,[Show next arrow]
scr_cmd,[Wait for msg click]
scr_cmd,[ms wait:600]
scr_cmd,[Change Screen: Fade-out to white] (6)
scr_cmd,[Script cleanup...] A(0x8002d) B(0x2fffffff)
scr_cmd,Error: Unknown code:0x8002e
scr_cmd,Error: Unknown code:0x2fffffff
scr_cmd,[ms wait:1200]
scr_cmd,[END SCENE]
