scr_cmd,[Change Screen: Darken ] (0)
scr_cmd,[Show image &0] (&1390)
scr_cmd,Img params: X 0 Y 324 W 1024 H 128 U 0x35 A 0x20000000 C 0x0 D 0x0
scr_cmd,[Change Screen: Fadein then Lighten] (3)
scr_cmd,[Wait for click?]
scr_cmd,[Change Screen: Fadeout then Darken] (4)
scr_cmd,[Erase title]
scr_cmd,[ms wait:600]
scr_cmd,[Change Screen: Darken ] (0)
scr_cmd,[Unknown code 1: 0x20000000]
scr_cmd,[Play BGM #10]
scr_cmd,[Show BG image N(2) S(1)]
scr_cmd,[Show char4with expr0at pos7on delay600]
scr_cmd,[Change Screen: Fadein then Lighten] (3)
scr_cmd,[Make active:7]
txt,,これから、
txt,,エンディミオンに戻るんですね……
scr_cmd,[Show next arrow]
scr_cmd,[Wait for msg click]
scr_cmd,[Open nameless msg box at %4](0x2fffffff2fffffff)
scr_cmd,[Make active:4]
txt,,そうだ。
txt,,地下に横たわる迷宮を抜ける時まで……
txt,,ゆっくりと眠るのは、お預けになる。
scr_cmd,[Show next arrow]
scr_cmd,[Wait for msg click]
scr_cmd,[Make active:7]
scr_cmd,[Erase text]
txt,,……
scr_cmd,[Show char9with expr0at pos8on delay600]
scr_cmd,[Make active:8]
txt,,……
scr_cmd,[Show next arrow]
scr_cmd,[Wait for msg click]
scr_cmd,[Make active:4]
scr_cmd,[Erase text]
txt,,白皙の城砦に至る迷宮の中で、
txt,,激戦が予想できるのは、三箇所。
scr_cmd,[Show next arrow]
scr_cmd,[Wait for msg click]
scr_cmd,[Erase text]
txt,,エンディミオンへの道の封印を
txt,,解いたフォレス。
txt,,深い闇に包まれたケルブの迷宮。
txt,,そして地下城砦オベロン。
scr_cmd,[Show next arrow]
scr_cmd,[Wait for msg click]
scr_cmd,[Make active:7]
scr_cmd,[Erase text]
scr_cmd,[Change id 7 to character 2 with expr 0]
scr_cmd,[Unknown code 2]
scr_cmd,[Make active:7]
txt,,……
scr_cmd,[Show next arrow]
scr_cmd,[Wait for msg click]
scr_cmd,[Make active:4]
scr_cmd,[Erase text]
txt,,地下城砦を抜ければ、
txt,,一息つける場所がある。
txt,,そこが、
txt,,エンディミオン奪還の基点になるだろう。
scr_cmd,[Show next arrow]
scr_cmd,[Wait for msg click]
scr_cmd,[Make active:7]
scr_cmd,[Erase text]
scr_cmd,[Change id 7 to character 5 with expr 0]
scr_cmd,[Unknown code 2]
scr_cmd,[Make active:7]
txt,,……？
scr_cmd,[Show next arrow]
scr_cmd,[Wait for msg click]
scr_cmd,[Make active:4]
scr_cmd,[Erase text]
txt,,ここよりも、もっと手狭なところだが……
txt,,ある意味では、ここよりも安全なところだ。
scr_cmd,[Show next arrow]
scr_cmd,[Wait for msg click]
scr_cmd,[Make active:7]
scr_cmd,[Erase text]
txt,,……
scr_cmd,[Make active:8]
scr_cmd,[Erase text]
scr_cmd,[Change id 8 to character 8 with expr 0]
scr_cmd,[Unknown code 2]
scr_cmd,[Make active:8]
txt,,安全でありますか？
scr_cmd,[Show next arrow]
scr_cmd,[Wait for msg click]
scr_cmd,[Make active:4]
scr_cmd,[Erase text]
txt,,九年前に、一度そこに行ったことがあってね。
txt,,そこはたとえ這い出し者でも……
scr_cmd,[Show next arrow]
scr_cmd,[Wait for msg click]
scr_cmd,[Make active:8]
scr_cmd,[Erase text]
txt,,……
scr_cmd,[Make active:4]
scr_cmd,[Erase text]
txt,,いや、這い出し者ゆえに、
txt,,入ることができない。
scr_cmd,[Show next arrow]
scr_cmd,[Wait for msg click]
scr_cmd,[Make active:7]
scr_cmd,[Erase text]
scr_cmd,[Change id 7 to character 1 with expr 0]
scr_cmd,[Unknown code 2]
scr_cmd,[Make active:7]
txt,,？？？
scr_cmd,[Show next arrow]
scr_cmd,[Wait for msg click]
scr_cmd,[Make active:4]
scr_cmd,[Erase text]
txt,,……
scr_cmd,[Make active:8]
scr_cmd,[Erase text]
scr_cmd,[Change id 8 to character 9 with expr 0]
scr_cmd,[Unknown code 2]
scr_cmd,[Make active:8]
txt,,なら、ずっとそこに……？
scr_cmd,[Show next arrow]
scr_cmd,[Wait for msg click]
scr_cmd,[Make active:7]
scr_cmd,[Erase text]
txt,,……
scr_cmd,[Make active:4]
scr_cmd,[Erase text]
txt,,残念ながら、あそこには畑もないし、
txt,,太陽も昇らない。
txt,,長居することはできないんだ。
scr_cmd,[Show next arrow]
scr_cmd,[Wait for msg click]
scr_cmd,[Make active:8]
scr_cmd,[Erase text]
txt,,……
scr_cmd,[Make active:7]
scr_cmd,[Erase text]
scr_cmd,[Change id 7 to character 6 with expr 0]
scr_cmd,[Unknown code 2]
scr_cmd,[Make active:7]
txt,,……
scr_cmd,[Show next arrow]
scr_cmd,[Wait for msg click]
scr_cmd,[Make active:4]
scr_cmd,[Erase text]
txt,,がんばろう。
scr_cmd,[Show next arrow]
scr_cmd,[Wait for msg click]
scr_cmd,[Make active:8]
scr_cmd,[Erase text]
scr_cmd,[Change id 8 to character 3 with expr 0]
scr_cmd,[Unknown code 2]
scr_cmd,[Make active:8]
txt,,……
scr_cmd,[Show next arrow]
scr_cmd,[Wait for msg click]
scr_cmd,[Make active:4]
scr_cmd,[Erase text]
txt,,こうして今日まで一緒に歩んで、
txt,,いろんなことを感じた。
txt,,たくさんのことを教えて、
txt,,そして教えられた。
scr_cmd,[Show next arrow]
scr_cmd,[Wait for msg click]
scr_cmd,[Make active:7]
scr_cmd,[Erase text]
scr_cmd,[Change id 7 to character 4 with expr 0]
scr_cmd,[Unknown code 2]
scr_cmd,[Make active:7]
txt,,……先生。
scr_cmd,[Show next arrow]
scr_cmd,[Wait for msg click]
scr_cmd,[Make active:4]
scr_cmd,[Erase text]
txt,,みんなのことを、とても誇りに想う。
scr_cmd,[Show next arrow]
scr_cmd,[Wait for msg click]
scr_cmd,[Make active:7]
scr_cmd,[Erase text]
txt,,……
scr_cmd,[Make active:8]
scr_cmd,[Erase text]
scr_cmd,[Change id 8 to character 9 with expr 0]
scr_cmd,[Unknown code 2]
scr_cmd,[Make active:8]
txt,,……
scr_cmd,[Show next arrow]
scr_cmd,[Wait for msg click]
scr_cmd,[Make active:4]
scr_cmd,[Erase text]
txt,,そして、私は信じる。
txt,,故郷を守りたいという、みんなの気持ちを。
scr_cmd,[Show next arrow]
scr_cmd,[Wait for msg click]
scr_cmd,[ms wait:600]
scr_cmd,[Change Screen: Fadeout then Darken] (4)
scr_cmd,[Script cleanup...] A(0x8000c) B(0x2000003c)
scr_cmd,Error: Unknown code:0xc0097
scr_cmd,Error: Unknown code:0x2000000a
scr_cmd,Error: Unknown code:0x20000001
scr_cmd,Error: Unknown code:0xc005b
scr_cmd,Error: Unknown code:0x20000008
scr_cmd,Error: Unknown code:0x20000002
scr_cmd,[END SCENE]
