scr_cmd,[Change Screen: Darken ] (0)
scr_cmd,[Show image &0] (&4072)
scr_cmd,Img params: X 0 Y 324 W 1024 H 128 U 0x35 A 0x20000000 C 0x0 D 0x0
scr_cmd,[Change Screen: Fadein then Lighten] (3)
scr_cmd,[Wait for click?]
scr_cmd,[Change Screen: Fadeout then Darken] (4)
scr_cmd,[Erase title]
scr_cmd,[ms wait:600]
scr_cmd,[Change Screen: Darken ] (0)
scr_cmd,[Unknown code 1: 0x20000001]
scr_cmd,[Play BGM #2]
scr_cmd,[Show BG image N(47) S(1)]
scr_cmd,[Show char9with expr0at pos6on delay600]
scr_cmd,[Change Screen: Fadein then Lighten] (3)
scr_cmd,[Make active:6]
scr_cmd,[Play voice 0 from folder 18]
txt,,どうして、
txt,,こんなことになっちゃったのかな……
scr_cmd,[Show next arrow]
scr_cmd,[Wait for msg click]
scr_cmd,[Erase text]
scr_cmd,[Play voice 1 from folder 18]
txt,,流れる風……
scr_cmd,[Show next arrow]
scr_cmd,[Wait for msg click]
scr_cmd,[Play voice 2 from folder 18]
txt,,せせらぎの声……
scr_cmd,[Show next arrow]
scr_cmd,[Wait for msg click]
scr_cmd,[Play voice 3 from folder 18]
txt,,下生えの優しさ……
scr_cmd,[Show next arrow]
scr_cmd,[Wait for msg click]
scr_cmd,[Erase text]
scr_cmd,[Play voice 4 from folder 18]
txt,,なにひとつ変わらないのに、なにもかもが、
txt,,変わっちゃった……
scr_cmd,[Show next arrow]
scr_cmd,[Wait for msg click]
scr_cmd,[Erase text]
scr_cmd,[Play voice 5 from folder 18]
txt,,ロザリアさん。
scr_cmd,[Show next arrow]
scr_cmd,[Wait for msg click]
scr_cmd,[Play voice 6 from folder 18]
txt,,あなたがいなくなるなんて、
txt,,考えたこと、なかった。
scr_cmd,[Show next arrow]
scr_cmd,[Wait for msg click]
scr_cmd,[Play voice 7 from folder 18]
txt,,ボクのちからじゃ、
txt,,あなたの代わりになんて、なれない。
scr_cmd,[Show next arrow]
scr_cmd,[Wait for msg click]
scr_cmd,[Erase text]
scr_cmd,[Play voice 8 from folder 18]
txt,,……もっと。
scr_cmd,[Show next arrow]
scr_cmd,[Wait for msg click]
scr_cmd,[Play voice 9 from folder 18]
txt,,もっとたくさん、がんばればよかった……
scr_cmd,[Show next arrow]
scr_cmd,[Wait for msg click]
scr_cmd,[Play voice 10 from folder 18]
txt,,こんなことになるってわかってたら、
txt,,もっと……
scr_cmd,[Show next arrow]
scr_cmd,[Wait for msg click]
scr_cmd,[Erase text]
scr_cmd,[Play voice 11 from folder 18]
txt,,中央校舎がやられて、
txt,,エンディミオンからも逃げてきて……
scr_cmd,[Show next arrow]
scr_cmd,[Wait for msg click]
scr_cmd,[Play voice 12 from folder 18]
txt,,たった三人で……
scr_cmd,[Show next arrow]
scr_cmd,[Wait for msg click]
scr_cmd,[Play voice 13 from folder 18]
txt,,っく、終わっちゃうのかな、ぜんぶ……
scr_cmd,[Show next arrow]
scr_cmd,[Wait for msg click]
scr_cmd,[Play voice 14 from folder 18]
txt,,ごめんなさい、パルミラさん……
scr_cmd,[Show next arrow]
scr_cmd,[Wait for msg click]
scr_cmd,[Show char10with expr0at pos5on delay600]
scr_cmd,[Make active:5]
scr_cmd,[Play voice 15 from folder 18]
txt,,泣いてばかりか？
scr_cmd,[Show next arrow]
scr_cmd,[Wait for msg click]
scr_cmd,[Make active:6]
scr_cmd,[Erase text]
scr_cmd,[Play voice 16 from folder 18]
txt,,え……
scr_cmd,[Show next arrow]
scr_cmd,[Wait for msg click]
scr_cmd,[Make active:5]
scr_cmd,[Erase text]
scr_cmd,[Play voice 17 from folder 18]
txt,,そんな暇があるのなら……
scr_cmd,[Show next arrow]
scr_cmd,[Wait for msg click]
scr_cmd,[Play voice 18 from folder 18]
txt,,パルミラの手伝いのひとつでも、
txt,,してみたらどうだ。
scr_cmd,[Show next arrow]
scr_cmd,[Wait for msg click]
scr_cmd,[Make active:6]
scr_cmd,[Erase text]
scr_cmd,[Play voice 19 from folder 18]
txt,,お……
scr_cmd,[Show next arrow]
scr_cmd,[Wait for msg click]
scr_cmd,[Play voice 20 from folder 18]
txt,,オスキルさん……！？
scr_cmd,[Show next arrow]
scr_cmd,[Wait for msg click]
scr_cmd,[Play voice 21 from folder 18]
txt,,あなたは、まさか、どうして、ここに！？
scr_cmd,[Show next arrow]
scr_cmd,[Wait for msg click]
scr_cmd,[Make active:5]
scr_cmd,[Erase text]
scr_cmd,[Play voice 22 from folder 18]
txt,,……なにもできないでいて、
txt,,悔しくないのか？
scr_cmd,[Show next arrow]
scr_cmd,[Wait for msg click]
scr_cmd,[Make active:6]
scr_cmd,[Erase text]
txt,,……
scr_cmd,[Show next arrow]
scr_cmd,[Wait for msg click]
scr_cmd,[Make active:5]
scr_cmd,[Erase text]
scr_cmd,[Play voice 23 from folder 18]
txt,,……そうか。
scr_cmd,[Show next arrow]
scr_cmd,[Wait for msg click]
scr_cmd,[Play voice 24 from folder 18]
txt,,ずっと、そうしているんだな。
scr_cmd,[Show next arrow]
scr_cmd,[Wait for msg click]
scr_cmd,[Make active:6]
scr_cmd,[Erase text]
scr_cmd,[Play voice 25 from folder 18]
txt,,だって……！
scr_cmd,[Show next arrow]
scr_cmd,[Wait for msg click]
scr_cmd,[Play voice 26 from folder 18]
txt,,だって、たった三人で、
txt,,なにができるって言うんです……？
scr_cmd,[Show next arrow]
scr_cmd,[Wait for msg click]
scr_cmd,[Play voice 27 from folder 18]
txt,,ここを守ることだって、きっと、
txt,,できるわけ、ないです……
scr_cmd,[Show next arrow]
scr_cmd,[Wait for msg click]
scr_cmd,[Make active:5]
scr_cmd,[Erase text]
scr_cmd,[Play voice 28 from folder 18]
txt,,やつらは知っている。
scr_cmd,[Show next arrow]
scr_cmd,[Wait for msg click]
scr_cmd,[Play voice 29 from folder 18]
txt,,大切な我が家を守るために、
txt,,おまえたちが死力を尽くすだろうことを。
scr_cmd,[Show next arrow]
scr_cmd,[Wait for msg click]
scr_cmd,[Play voice 30 from folder 18]
txt,,混沌に生まれついた本能が、
txt,,そう感じているに違いない。
scr_cmd,[Show next arrow]
scr_cmd,[Wait for msg click]
scr_cmd,[Make active:6]
scr_cmd,[Erase text]
scr_cmd,[Play voice 31 from folder 18]
txt,,相手は、這い出し者どもなのですよ……？
scr_cmd,[Show next arrow]
scr_cmd,[Wait for msg click]
scr_cmd,[Play voice 32 from folder 18]
txt,,どうしてそんなこと、言えるんですか？
scr_cmd,[Show next arrow]
scr_cmd,[Wait for msg click]
scr_cmd,[Make active:5]
scr_cmd,[Erase text]
scr_cmd,[Play voice 33 from folder 18]
txt,,輝ける光の象徴聖セヴィエスとて、
txt,,深い闇を併せ持つ。
scr_cmd,[Show next arrow]
scr_cmd,[Wait for msg click]
scr_cmd,[Play voice 34 from folder 18]
txt,,ならば混沌の源にさえも、
txt,,秩序の炎の灯る道理。
scr_cmd,[Show next arrow]
scr_cmd,[Wait for msg click]
scr_cmd,[Play voice 35 from folder 18]
txt,,無益な争いは、望まないはずだ。
scr_cmd,[Show next arrow]
scr_cmd,[Wait for msg click]
scr_cmd,[Make active:6]
scr_cmd,[Erase text]
scr_cmd,[Play voice 36 from folder 18]
txt,,そんな理屈……
scr_cmd,[Show next arrow]
scr_cmd,[Wait for msg click]
scr_cmd,[Make active:5]
scr_cmd,[Erase text]
scr_cmd,[Play voice 37 from folder 18]
txt,,そうだな。
scr_cmd,[Show next arrow]
scr_cmd,[Wait for msg click]
scr_cmd,[Play voice 38 from folder 18]
txt,,確かにやつらは、中央校舎を瓦礫にした。
scr_cmd,[Show next arrow]
scr_cmd,[Wait for msg click]
scr_cmd,[Play voice 39 from folder 18]
txt,,だが、俺もおまえも、こうして生き延びた。
scr_cmd,[Show next arrow]
scr_cmd,[Wait for msg click]
scr_cmd,[Play voice 40 from folder 18]
txt,,わずか三日でロイヤル・センテが堕ちて、
txt,,続けざまにエンディミオンを失って。
scr_cmd,[Show next arrow]
scr_cmd,[Wait for msg click]
scr_cmd,[Make active:6]
scr_cmd,[Erase text]
txt,,……
scr_cmd,[Make active:5]
scr_cmd,[Erase text]
scr_cmd,[Play voice 41 from folder 18]
txt,,それでもこのエルベロワが、
txt,,今日まで無事であり続けられたのは、
txt,,なぜだと思う？
scr_cmd,[Show next arrow]
scr_cmd,[Wait for msg click]
scr_cmd,[Play voice 42 from folder 18]
txt,,なぜひと思いに、
txt,,エルメナスの息の根を止めない？
scr_cmd,[Show next arrow]
scr_cmd,[Wait for msg click]
scr_cmd,[Make active:6]
scr_cmd,[Erase text]
scr_cmd,[Play voice 43 from folder 18]
txt,,それは……
scr_cmd,[Show next arrow]
scr_cmd,[Wait for msg click]
scr_cmd,[Make active:5]
scr_cmd,[Erase text]
scr_cmd,[Play voice 44 from folder 18]
txt,,あるのさ。
scr_cmd,[Show next arrow]
scr_cmd,[Wait for msg click]
scr_cmd,[Play voice 45 from folder 18]
txt,,語られずとも悲痛に刻む、沈思の願いが。
scr_cmd,[Show next arrow]
scr_cmd,[Wait for msg click]
scr_cmd,[Make active:6]
scr_cmd,[Erase text]
scr_cmd,[Play voice 46 from folder 18]
txt,,オスキルさん……
scr_cmd,[Show next arrow]
scr_cmd,[Wait for msg click]
scr_cmd,[Play voice 47 from folder 18]
txt,,あなたは……？
scr_cmd,[Show next arrow]
scr_cmd,[Wait for msg click]
scr_cmd,[Make active:5]
scr_cmd,[Erase text]
scr_cmd,[Play voice 48 from folder 18]
txt,,純潔の盾に託された。
scr_cmd,[Show next arrow]
scr_cmd,[Wait for msg click]
scr_cmd,[Play voice 49 from folder 18]
txt,,秘められた想いを紡ぐ、その役目が。
scr_cmd,[Show next arrow]
scr_cmd,[Wait for msg click]
scr_cmd,[Make active:6]
scr_cmd,[Erase text]
scr_cmd,[Play voice 50 from folder 18]
txt,,もしも……
scr_cmd,[Show next arrow]
scr_cmd,[Wait for msg click]
scr_cmd,[Play voice 51 from folder 18]
txt,,あなたが、戻ってくれたら……
scr_cmd,[Show next arrow]
scr_cmd,[Wait for msg click]
scr_cmd,[Play voice 52 from folder 18]
txt,,そしたら……
scr_cmd,[Show next arrow]
scr_cmd,[Wait for msg click]
scr_cmd,[Make active:5]
scr_cmd,[Erase text]
txt,,……
scr_cmd,[Show next arrow]
scr_cmd,[Wait for msg click]
scr_cmd,[Make active:6]
scr_cmd,[Erase text]
scr_cmd,[Play voice 53 from folder 18]
txt,,……お願いです。
scr_cmd,[Show next arrow]
scr_cmd,[Wait for msg click]
scr_cmd,[Play voice 54 from folder 18]
txt,,戻ってきて、くださいませんか？
scr_cmd,[Show next arrow]
scr_cmd,[Wait for msg click]
scr_cmd,[Make active:5]
scr_cmd,[Erase text]
scr_cmd,[Play voice 55 from folder 18]
txt,,パラダインは、学び舎を救う。
scr_cmd,[Show next arrow]
scr_cmd,[Wait for msg click]
scr_cmd,[Play voice 56 from folder 18]
txt,,今は、戻れない。
scr_cmd,[Show next arrow]
scr_cmd,[Wait for msg click]
scr_cmd,[Make active:6]
scr_cmd,[Erase text]
scr_cmd,[Play voice 57 from folder 18]
txt,,ぁ……
scr_cmd,[Show next arrow]
scr_cmd,[Wait for msg click]
scr_cmd,[Make active:5]
scr_cmd,[Erase text]
scr_cmd,[Play voice 58 from folder 18]
txt,,物見の尖塔に歩んで、得たものは大きかった。
scr_cmd,[Show next arrow]
scr_cmd,[Wait for msg click]
scr_cmd,[Play voice 59 from folder 18]
txt,,だが、失ったものも、少なくはない。
scr_cmd,[Show next arrow]
scr_cmd,[Wait for msg click]
scr_cmd,[Play voice 60 from folder 18]
txt,,純潔の盾にあって、物見の尖塔にないもの。
scr_cmd,[Show next arrow]
scr_cmd,[Wait for msg click]
scr_cmd,[Play voice 61 from folder 18]
txt,,それもまた、
txt,,エルメナスを救う力なのだと、俺は思う。
scr_cmd,[Show next arrow]
scr_cmd,[Wait for msg click]
scr_cmd,[Make active:6]
scr_cmd,[Erase text]
scr_cmd,[Play voice 62 from folder 18]
txt,,オスキルさん……
scr_cmd,[Show next arrow]
scr_cmd,[Wait for msg click]
scr_cmd,[Make active:5]
scr_cmd,[Erase text]
scr_cmd,[Play voice 63 from folder 18]
txt,,……負けるなよ、イリオン。
scr_cmd,[Show next arrow]
scr_cmd,[Wait for msg click]
scr_cmd,[Play voice 64 from folder 18]
txt,,不安があるのなら……
scr_cmd,[Show next arrow]
scr_cmd,[Wait for msg click]
scr_cmd,[Play voice 65 from folder 18]
txt,,自分にちからがないと、
txt,,そう感じているのなら、なおさら。
scr_cmd,[Show next arrow]
scr_cmd,[Wait for msg click]
scr_cmd,[Play voice 66 from folder 18]
txt,,前を向け、おまえが。
scr_cmd,[Show next arrow]
scr_cmd,[Wait for msg click]
scr_cmd,[Make active:6]
scr_cmd,[Erase text]
scr_cmd,[Play voice 67 from folder 18]
txt,,……
scr_cmd,[Show next arrow]
scr_cmd,[Wait for msg click]
scr_cmd,[Make active:5]
scr_cmd,[Erase text]
scr_cmd,[Play voice 68 from folder 18]
txt,,いけ。
scr_cmd,[Show next arrow]
scr_cmd,[Wait for msg click]
scr_cmd,[Play voice 69 from folder 18]
txt,,パルミラが心配しているはずだ。
scr_cmd,[Show next arrow]
scr_cmd,[Wait for msg click]
scr_cmd,[Make active:6]
scr_cmd,[Erase text]
scr_cmd,[Play voice 70 from folder 18]
txt,,あ……
scr_cmd,[Show next arrow]
scr_cmd,[Wait for msg click]
scr_cmd,[Make active:5]
scr_cmd,[Erase text]
scr_cmd,[Play voice 71 from folder 18]
txt,,早く……！
scr_cmd,[Show next arrow]
scr_cmd,[Wait for msg click]
scr_cmd,[Make active:6]
scr_cmd,[Erase text]
scr_cmd,[Play voice 72 from folder 18]
txt,,あの、お話しできて、よかった、です……
scr_cmd,[Show next arrow]
scr_cmd,[Wait for msg click]
scr_cmd,[Play voice 73 from folder 18]
txt,,……さようなら、オスキルさん。
scr_cmd,[Show next arrow]
scr_cmd,[Wait for msg click]
scr_cmd,[Erase text]
scr_cmd,[Make active:5]
scr_cmd,[Erase text]
txt,,……
scr_cmd,Error: Unknown code:0xc0020
scr_cmd,Error: Unknown code:0x20000006
scr_cmd,Error: Unknown code:0x2000001e
scr_cmd,[ms wait:600]
scr_cmd,[Show char12with expr0at pos6on delay600]
scr_cmd,[Make active:6]
scr_cmd,[Play voice 74 from folder 18]
txt,,ははあナルホド、寄り道というのは、
txt,,ココでしたか。
scr_cmd,[Show next arrow]
scr_cmd,[Wait for msg click]
scr_cmd,[Play voice 75 from folder 18]
txt,,それにしても……
scr_cmd,[Show next arrow]
scr_cmd,[Wait for msg click]
scr_cmd,[Play voice 76 from folder 18]
txt,,随分とまた、
txt,,純潔の盾に目をかけるじゃありませんか。
scr_cmd,[Show next arrow]
scr_cmd,[Wait for msg click]
scr_cmd,[Make active:5]
scr_cmd,[Erase text]
txt,,……
scr_cmd,[Show next arrow]
scr_cmd,[Wait for msg click]
scr_cmd,[Make active:6]
scr_cmd,[Erase text]
scr_cmd,[Play voice 77 from folder 18]
txt,,なぜです？
scr_cmd,[Show next arrow]
scr_cmd,[Wait for msg click]
scr_cmd,[Play voice 78 from folder 18]
txt,,死告の天使を引き入れながら、
txt,,白銀の薔薇に手をつけないなんて、
txt,,わかりませんね。
scr_cmd,[Show next arrow]
scr_cmd,[Wait for msg click]
scr_cmd,[Make active:5]
scr_cmd,[Erase text]
scr_cmd,[Play voice 79 from folder 18]
txt,,……あれは、
txt,,パラダインに添うような女じゃない。
scr_cmd,[Show next arrow]
scr_cmd,[Wait for msg click]
scr_cmd,[Play voice 80 from folder 18]
txt,,少なくとも、今はまだ。
scr_cmd,[Show next arrow]
scr_cmd,[Wait for msg click]
scr_cmd,[Make active:6]
scr_cmd,[Erase text]
txt,,……
scr_cmd,[Show next arrow]
scr_cmd,[Wait for msg click]
scr_cmd,[Make active:5]
scr_cmd,[Erase text]
scr_cmd,[Play voice 81 from folder 18]
txt,,エルメナスがこんなことにならなければ……
scr_cmd,[Show next arrow]
scr_cmd,[Wait for msg click]
scr_cmd,[Play voice 82 from folder 18]
txt,,賢者を目指す旅へと、
txt,,とっくに発っていただろう。
scr_cmd,[Show next arrow]
scr_cmd,[Wait for msg click]
scr_cmd,[Make active:6]
scr_cmd,[Erase text]
scr_cmd,[Play voice 83 from folder 18]
txt,,そう、あなたが認めるほどに。
scr_cmd,[Show next arrow]
scr_cmd,[Wait for msg click]
scr_cmd,[Play voice 84 from folder 18]
txt,,つまり、
txt,,それだけ力があるということでしょう？
scr_cmd,[Show next arrow]
scr_cmd,[Wait for msg click]
scr_cmd,[Play voice 85 from folder 18]
txt,,いくらいたって、邪魔にはなりませんよ。
scr_cmd,[Show next arrow]
scr_cmd,[Wait for msg click]
scr_cmd,[Play voice 86 from folder 18]
txt,,力ある者は、いくらでも。
scr_cmd,[Show next arrow]
scr_cmd,[Wait for msg click]
scr_cmd,[Make active:5]
scr_cmd,[Erase text]
txt,,……
scr_cmd,[Show next arrow]
scr_cmd,[Wait for msg click]
scr_cmd,[Make active:6]
scr_cmd,[Erase text]
scr_cmd,[Play voice 87 from folder 18]
txt,,なにより、
txt,,僕達の誓いを果たすためには……
scr_cmd,[Show next arrow]
scr_cmd,[Wait for msg click]
scr_cmd,[Make active:5]
scr_cmd,[Erase text]
scr_cmd,[Play voice 88 from folder 18]
txt,,言うな……
scr_cmd,[Show next arrow]
scr_cmd,[Wait for msg click]
scr_cmd,[Play voice 89 from folder 18]
txt,,それは関係ない。
scr_cmd,[Show next arrow]
scr_cmd,[Wait for msg click]
scr_cmd,[Make active:6]
scr_cmd,[Erase text]
txt,,……
scr_cmd,[Show next arrow]
scr_cmd,[Wait for msg click]
scr_cmd,[Make active:5]
scr_cmd,[Erase text]
scr_cmd,[Play voice 90 from folder 18]
txt,,……白銀の薔薇をもげば、
txt,,純潔の盾は朽ちる。
scr_cmd,[Show next arrow]
scr_cmd,[Wait for msg click]
scr_cmd,[Play voice 91 from folder 18]
txt,,だが、生かしておくなら、
txt,,いずれは手駒にもなる。
scr_cmd,[Show next arrow]
scr_cmd,[Wait for msg click]
scr_cmd,[Make active:6]
scr_cmd,[Erase text]
scr_cmd,[Play voice 92 from folder 18]
txt,,……イノセンティアが？
scr_cmd,[Show next arrow]
scr_cmd,[Wait for msg click]
scr_cmd,[Play voice 93 from folder 18]
txt,,ふ、ご冗談を。
scr_cmd,[Show next arrow]
scr_cmd,[Wait for msg click]
scr_cmd,[Make active:5]
scr_cmd,[Erase text]
scr_cmd,[Play voice 94 from folder 18]
txt,,……エルメナスを救うために、
txt,,手駒は多いほうがいい。
scr_cmd,[Show next arrow]
scr_cmd,[Wait for msg click]
scr_cmd,[Make active:6]
scr_cmd,[Erase text]
scr_cmd,[Play voice 95 from folder 18]
txt,,二の矢に頼らないコトこそが、
txt,,パラダインの目指す結末です。
scr_cmd,[Show next arrow]
scr_cmd,[Wait for msg click]
scr_cmd,[Play voice 96 from folder 18]
txt,,そう、物見の尖塔の足が、引っ張られる前に。
scr_cmd,[Show next arrow]
scr_cmd,[Wait for msg click]
scr_cmd,[Play voice 97 from folder 18]
txt,,白銀の薔薇を奪ってでも、
txt,,引導を渡すべきです。
scr_cmd,[Show next arrow]
scr_cmd,[Wait for msg click]
scr_cmd,[Make active:5]
scr_cmd,[Erase text]
txt,,……
scr_cmd,[Show next arrow]
scr_cmd,[Wait for msg click]
scr_cmd,[Make active:6]
scr_cmd,[Erase text]
scr_cmd,[Play voice 98 from folder 18]
txt,,……ふぅ、仕方ありません。
scr_cmd,[Show next arrow]
scr_cmd,[Wait for msg click]
scr_cmd,[Play voice 99 from folder 18]
txt,,この上は、お望みのままに動くとしましょう。
scr_cmd,[Show next arrow]
scr_cmd,[Wait for msg click]
scr_cmd,[Make active:5]
scr_cmd,[Erase text]
txt,,……
scr_cmd,[Show next arrow]
scr_cmd,[Wait for msg click]
scr_cmd,[Make active:6]
scr_cmd,[Erase text]
scr_cmd,[Play voice 100 from folder 18]
txt,,では……
scr_cmd,[Show next arrow]
scr_cmd,[Wait for msg click]
scr_cmd,[Play voice 101 from folder 18]
txt,,しばらくは、お会いできませんが。
scr_cmd,[Show next arrow]
scr_cmd,[Wait for msg click]
scr_cmd,[Play voice 102 from folder 18]
txt,,どうか、お気をつけて。
scr_cmd,[Show next arrow]
scr_cmd,[Wait for msg click]
scr_cmd,[ms wait:600]
scr_cmd,[Change Screen: Fadeout then Darken] (4)
scr_cmd,[Script cleanup...] A(0x8000c) B(0x2000003c)
scr_cmd,[Unknown code 1: 0x20000000]
scr_cmd,[Show BG image N(47) S(1)]
scr_cmd,[Show char12with expr0at pos7on delay600]
scr_cmd,[Change Screen: Fadein then Lighten] (3)
scr_cmd,[Make active:7]
txt,,リリス、ミュラー。
txt,,オスキルさまを頼む。
txt,,大切なお体だからね。
scr_cmd,[Show next arrow]
scr_cmd,[Wait for msg click]
scr_cmd,[Show char31with expr0at pos8on delay600]
scr_cmd,[Make active:8]
txt,,あい〜〜〜
scr_cmd,[Show next arrow]
scr_cmd,[Wait for msg click]
scr_cmd,[Make active:7]
scr_cmd,[Erase text]
txt,,……
scr_cmd,[Show char30with expr0at pos9on delay600]
scr_cmd,[Make active:9]
txt,,は。
scr_cmd,[Show next arrow]
scr_cmd,[Wait for msg click]
scr_cmd,[Make active:7]
scr_cmd,[Erase text]
txt,,それからウィスカー、聞こえているよね？
txt,,純潔の盾から、目を離すなよ。
scr_cmd,[Show next arrow]
scr_cmd,[Wait for msg click]
scr_cmd,[Make active:9]
scr_cmd,[Erase text]
txt,,……
scr_cmd,[Make active:8]
scr_cmd,[Erase text]
scr_cmd,[Change id 8 to character 29 with expr 0]
scr_cmd,[Unknown code 2]
scr_cmd,[Make active:8]
txt,,……もう、行かれたようですわね。
scr_cmd,[Show next arrow]
scr_cmd,[Wait for msg click]
scr_cmd,[Make active:7]
scr_cmd,[Erase text]
txt,,……
scr_cmd,[Make active:9]
scr_cmd,[Erase text]
scr_cmd,[Change id 9 to character 27 with expr 0]
scr_cmd,[Unknown code 2]
scr_cmd,[Make active:9]
txt,,相変わらず、頼もしいかぎり。
scr_cmd,[Show next arrow]
scr_cmd,[Wait for msg click]
scr_cmd,[Make active:8]
scr_cmd,[Erase text]
txt,,……
scr_cmd,[Make active:7]
scr_cmd,[Erase text]
txt,,さてと。
txt,,では、僕たちも行くとしよう。
txt,,古より埋もれた、沈思の都へと？
scr_cmd,[Show next arrow]
scr_cmd,[Wait for msg click]
scr_cmd,[Make active:9]
scr_cmd,[Erase text]
txt,,……
scr_cmd,[Make active:8]
scr_cmd,[Erase text]
txt,,は……
scr_cmd,[Show next arrow]
scr_cmd,[Wait for msg click]
scr_cmd,[ms wait:600]
scr_cmd,[Change Screen: Fadeout then Darken] (4)
scr_cmd,[Script cleanup...] A(0x8000c) B(0x2000003c)
scr_cmd,Error: Unknown code:0xc0097
scr_cmd,Error: Unknown code:0x20000002
scr_cmd,Error: Unknown code:0x20000001
scr_cmd,Error: Unknown code:0xc005b
scr_cmd,Error: Unknown code:0x20000006
scr_cmd,Error: Unknown code:0x20000002
scr_cmd,[END SCENE]
