scr_cmd,[Change Screen: Darken ] (0)
scr_cmd,[Show image &0] (&690)
scr_cmd,Img params: X 0 Y 324 W 1024 H 128 U 0x35 A 0x20000000 C 0x0 D 0x0
scr_cmd,[Change Screen: Fadein then Lighten] (3)
scr_cmd,[Wait for click?]
scr_cmd,[Change Screen: Fadeout then Darken] (4)
scr_cmd,[Erase title]
scr_cmd,[ms wait:600]
scr_cmd,[Change Screen: Darken ] (0)
scr_cmd,[Unknown code 1: 0x20000001]
scr_cmd,[Play BGM #16]
scr_cmd,[Show BG image N(121) S(1)]
scr_cmd,[Open nameless msg box at %0](0x2fffffff2fffffff)
scr_cmd,[Change Screen: Fadein then Lighten] (3)
scr_cmd,[Make active:0]
txt,,所用ゆえに、先に発たねばならぬ。
txt,,そなたはもう、きっと、澄んだ瞳を取り戻したことだろうのう。
txt,,それでええ。
txt,,それでええ。
txt,,さあ、行くがええ、純潔の盾へ。
txt,,わしの愛すべき弟子のもとへ、帰るがええ。
txt,,案じることも多かろう。
scr_cmd,[Show next arrow]
scr_cmd,[Wait for msg click]
scr_cmd,[Erase text]
txt,,つらいことも、あろう。
txt,,わしらにとって、子供のように、孫のように、
txt,,そなたらほど可愛いものはない。
txt,,思い切り甘えてやればええのだ。
txt,,恩なぞ返してほしゅうて、愛す親があろうものか。
txt,,なにを躊躇うことがあろうものか。
scr_cmd,[Show next arrow]
scr_cmd,[Wait for msg click]
scr_cmd,[Erase text]
txt,,なあ。
txt,,そこに、路がある。
txt,,そなたの道が。
scr_cmd,[Show next arrow]
scr_cmd,[Wait for msg click]
scr_cmd,[Erase text]
scr_cmd,[Erase nameless box at0
scr_cmd,[ms wait:600]
scr_cmd,[Show char4with expr0at pos5on delay600]
scr_cmd,[Make active:5]
scr_cmd,[Play voice 0 from folder 86]
txt,,わたし……
scr_cmd,[Show next arrow]
scr_cmd,[Wait for msg click]
scr_cmd,[Play voice 1 from folder 86]
txt,,こんなにお世話になって、
txt,,でもなにもご恩返しできなくて……
scr_cmd,[Show next arrow]
scr_cmd,[Wait for msg click]
scr_cmd,[Erase text]
scr_cmd,[Play voice 2 from folder 86]
txt,,それなのに、こうして、
txt,,お手紙をいただける……
scr_cmd,[Show next arrow]
scr_cmd,[Wait for msg click]
scr_cmd,[Play voice 3 from folder 86]
txt,,それなのに、わたし、わたしは……
scr_cmd,[Show next arrow]
scr_cmd,[Wait for msg click]
scr_cmd,[Erase text]
scr_cmd,[Play voice 4 from folder 86]
txt,,ジルメアさま……
scr_cmd,[Show next arrow]
scr_cmd,[Wait for msg click]
scr_cmd,[Erase text]
scr_cmd,[Play voice 5 from folder 86]
txt,,素敵な想い出を、ありがとうございました。
scr_cmd,[Show next arrow]
scr_cmd,[Wait for msg click]
scr_cmd,[Play voice 6 from folder 86]
txt,,ほんとうに、ありがとうございました……！
scr_cmd,[Show next arrow]
scr_cmd,[Wait for msg click]
scr_cmd,[Play voice 7 from folder 86]
txt,,どうか、いつまでも、ご健勝で……
scr_cmd,[Show next arrow]
scr_cmd,[Wait for msg click]
scr_cmd,[Erase text]
scr_cmd,[Play voice 8 from folder 86]
txt,,ありがとうございました！！！
scr_cmd,[Show next arrow]
scr_cmd,[Wait for msg click]
scr_cmd,[ms wait:600]
scr_cmd,[Change Screen: Fadeout then Darken] (4)
scr_cmd,[Script cleanup...] A(0x8000c) B(0x2000003c)
scr_cmd,Error: Unknown code:0xc0097
scr_cmd,Error: Unknown code:0x20000010
scr_cmd,Error: Unknown code:0x20000001
scr_cmd,Error: Unknown code:0xc005b
scr_cmd,Error: Unknown code:0x2000000e
scr_cmd,Error: Unknown code:0x20000002
scr_cmd,[END SCENE]
