scr_cmd,Error: Unknown code:0x80090
scr_cmd,Error: Unknown code:0x20000008
scr_cmd,Error: Unknown code:0x80090
scr_cmd,Error: Unknown code:0x2000006e
scr_cmd,[Change Screen: Darken ] (0)
scr_cmd,[Show image &0] (&4708)
scr_cmd,Img params: X 0 Y 324 W 1024 H 128 U 0x35 A 0x20000000 C 0x0 D 0x0
scr_cmd,[Change Screen: Fadein then Lighten] (3)
scr_cmd,[Wait for click?]
scr_cmd,[Change Screen: Fadeout then Darken] (4)
scr_cmd,[Erase title]
scr_cmd,[ms wait:600]
scr_cmd,[Change Screen: Darken ] (0)
scr_cmd,[Unknown code 1: 0x20000000]
scr_cmd,[Play BGM #8]
scr_cmd,[Show BG image N(2) S(1)]
scr_cmd,[Show char110with expr0at pos7on delay600]
scr_cmd,[Change Screen: Fadein then Lighten] (3)
scr_cmd,[Make active:7]
txt,,深き木立に藪こぎすれば、
txt,,沈んだ木々に溜息おちる。
txt,,それなのにここは、
txt,,ナンとも温かな陽だまりに満ちてるねぇ。
txt,,不思議なもんだ。
scr_cmd,[Show next arrow]
scr_cmd,[Wait for msg click]
scr_cmd,[Show char101with expr0at pos8on delay600]
scr_cmd,[Make active:8]
txt,,……よう来たな。
scr_cmd,[Show next arrow]
scr_cmd,[Wait for msg click]
scr_cmd,[Make active:7]
scr_cmd,[Erase text]
txt,,老公、元気そうで何より。
txt,,まったくもって、
txt,,エルメナスは退屈しないね。
txt,,今度のヤマはデカイよ、ほんとに。
scr_cmd,[Show next arrow]
scr_cmd,[Wait for msg click]
scr_cmd,[Make active:8]
scr_cmd,[Erase text]
txt,,……
scr_cmd,[Open nameless msg box at %4](0x2fffffff2fffffff)
scr_cmd,[Make active:4]
txt,,ご無沙汰しておりました、鍵の長。
txt,,よくぞ、ご無事で……
scr_cmd,[Show next arrow]
scr_cmd,[Wait for msg click]
scr_cmd,[Make active:7]
scr_cmd,[Erase text]
txt,,我が友よ、少し痩せたな？
txt,,思うに、それ以上細くなったら、
txt,,とても戦えないね。
scr_cmd,[Show next arrow]
scr_cmd,[Wait for msg click]
scr_cmd,[Make active:4]
scr_cmd,[Erase text]
txt,,はあ……
scr_cmd,[Show next arrow]
scr_cmd,[Wait for msg click]
scr_cmd,[Make active:7]
scr_cmd,[Erase text]
txt,,いい土産があるんだよね。
txt,,堅苦しい挨拶はナシにして、まずは一杯どう？
scr_cmd,[Show next arrow]
scr_cmd,[Wait for msg click]
scr_cmd,[Make active:4]
scr_cmd,[Erase text]
txt,,恐縮です。
scr_cmd,[Show next arrow]
scr_cmd,[Wait for msg click]
scr_cmd,[Make active:7]
scr_cmd,[Erase text]
txt,,とは言っても、ここじゃあねぇ。
txt,,物騒な連中もうろついてるし……
txt,,迷いの森と違ってさ、
txt,,へべれけでくつろぐってのは難しいよね。
scr_cmd,[Show next arrow]
scr_cmd,[Wait for msg click]
scr_cmd,[Make active:4]
scr_cmd,[Erase text]
txt,,あそこの方が、私は落ちつかないですよ。
scr_cmd,[Show next arrow]
scr_cmd,[Wait for msg click]
scr_cmd,[Make active:7]
scr_cmd,[Erase text]
txt,,なにをいまさら、遠慮する仲でもないのに。
txt,,また、かならず来て欲しい、我が友よ。
scr_cmd,[Show next arrow]
scr_cmd,[Wait for msg click]
scr_cmd,[Make active:4]
scr_cmd,[Erase text]
txt,,……はい。
txt,,ときに、鍵の長におかれましては、
txt,,なぜこちらへ？
scr_cmd,[Show next arrow]
scr_cmd,[Wait for msg click]
scr_cmd,[Make active:7]
scr_cmd,[Erase text]
txt,,いいね。
txt,,相変わらずの、なぜ、が出た。
scr_cmd,[Show next arrow]
scr_cmd,[Wait for msg click]
scr_cmd,[Make active:4]
scr_cmd,[Erase text]
txt,,……
scr_cmd,[Show next arrow]
scr_cmd,[Wait for msg click]
scr_cmd,[Make active:7]
scr_cmd,[Erase text]
txt,,老公へのお届けモノさ。
txt,,沈黙の長から、ね。
scr_cmd,[Show next arrow]
scr_cmd,[Wait for msg click]
scr_cmd,[Make active:4]
scr_cmd,[Erase text]
txt,,ジルメア様から……！
txt,,ご健勝でありましょうか？
scr_cmd,[Show next arrow]
scr_cmd,[Wait for msg click]
scr_cmd,[Make active:7]
scr_cmd,[Erase text]
txt,,まあね。
scr_cmd,[Show next arrow]
scr_cmd,[Wait for msg click]
scr_cmd,[Make active:4]
scr_cmd,[Erase text]
txt,,……
scr_cmd,[Make active:8]
scr_cmd,[Erase text]
txt,,静寂の都で？
scr_cmd,[Show next arrow]
scr_cmd,[Wait for msg click]
scr_cmd,[Make active:7]
scr_cmd,[Erase text]
txt,,そう。
txt,,最近じゃ聖者の墳墓にひきっこもり。
txt,,まるで墓守の長だよ。
scr_cmd,[Show next arrow]
scr_cmd,[Wait for msg click]
scr_cmd,[Make active:8]
scr_cmd,[Erase text]
txt,,……
scr_cmd,[Make active:4]
scr_cmd,[Erase text]
txt,,そうでしたか。
txt,,でもご無事で何より……
scr_cmd,[Show next arrow]
scr_cmd,[Wait for msg click]
scr_cmd,[Make active:7]
scr_cmd,[Erase text]
txt,,さてと。
txt,,しばらく厄介になってもいいかな。
txt,,ここは好きだし。
txt,,……我が友さえよければ？
scr_cmd,[Show next arrow]
scr_cmd,[Wait for msg click]
scr_cmd,[Make active:4]
scr_cmd,[Erase text]
txt,,ええ、勿論です。
txt,,まさか、導いていただけるのですか？
scr_cmd,[Show next arrow]
scr_cmd,[Wait for msg click]
scr_cmd,[Make active:7]
scr_cmd,[Erase text]
txt,,まさか、教えていいの？
txt,,友の子らを教えるのは楽しみだ。
txt,,銀髪の薔薇は元気にしているか？
scr_cmd,[Show next arrow]
scr_cmd,[Wait for msg click]
scr_cmd,[Make active:4]
scr_cmd,[Erase text]
txt,,彼女のおかげで、助かっています、本当に。
scr_cmd,[Show next arrow]
scr_cmd,[Wait for msg click]
scr_cmd,[Make active:7]
scr_cmd,[Erase text]
txt,,だろうね。
txt,,とても楽しみだったんだ。
txt,,優しいだけでなく、気高く、凛々しい。
txt,,老公の厳しさを、受け継いでいる。
txt,,だから、口答えもしてくれるんだよね。
scr_cmd,[Show next arrow]
scr_cmd,[Wait for msg click]
scr_cmd,[Make active:4]
scr_cmd,[Erase text]
txt,,……
scr_cmd,[Make active:8]
scr_cmd,[Erase text]
txt,,バカな。
txt,,可愛げのある、
txt,,おとなしい娘に育って欲しいと、
txt,,あれほど思っていたものを。
scr_cmd,[Show next arrow]
scr_cmd,[Wait for msg click]
scr_cmd,[Erase text]
scr_cmd,[Make active:7]
scr_cmd,[Erase text]
txt,,……
scr_cmd,[Make active:8]
txt,,わが娘ほど自由にならぬものもないのう。
txt,,そなたにあっては、ニの轍を踏むまいぞ？
scr_cmd,[Show next arrow]
scr_cmd,[Wait for msg click]
scr_cmd,[Make active:4]
scr_cmd,[Erase text]
txt,,……娘はまだおりません。
scr_cmd,[Show next arrow]
scr_cmd,[Wait for msg click]
scr_cmd,[Make active:8]
scr_cmd,[Erase text]
txt,,娘にしてみれば、そう想ってはおるまい。
scr_cmd,[Show next arrow]
scr_cmd,[Wait for msg click]
scr_cmd,[Make active:4]
scr_cmd,[Erase text]
txt,,は……？
scr_cmd,[Show next arrow]
scr_cmd,[Wait for msg click]
scr_cmd,[Make active:8]
scr_cmd,[Erase text]
txt,,……
scr_cmd,[Make active:7]
scr_cmd,[Erase text]
txt,,これだよ。
txt,,可哀相に、
txt,,父親に見放されてるだけじゃなかった。
txt,,忘れた、だって？
txt,,ハハハ、ハハ、ハハハ！
scr_cmd,[Show next arrow]
scr_cmd,[Wait for msg click]
scr_cmd,[Make active:4]
scr_cmd,[Erase text]
txt,,……
scr_cmd,[Show next arrow]
scr_cmd,[Wait for msg click]
scr_cmd,[Make active:7]
scr_cmd,[Erase text]
txt,,……
scr_cmd,[Make active:8]
scr_cmd,[Erase text]
txt,,まあ、わしら老いぼれにとっては、
txt,,喜び以外のなにものではない。
txt,,孫、曾孫となるたびに楽しいものよ。
scr_cmd,[Show next arrow]
scr_cmd,[Wait for msg click]
scr_cmd,[Make active:4]
scr_cmd,[Erase text]
txt,,……え？
scr_cmd,[Show next arrow]
scr_cmd,[Wait for msg click]
scr_cmd,[Make active:8]
scr_cmd,[Erase text]
txt,,……
scr_cmd,[Make active:7]
scr_cmd,[Erase text]
txt,,さあて、涙の再会は得意じゃない。
txt,,好きにしてていいよ、ぶらついてくるから。
scr_cmd,[Show next arrow]
scr_cmd,[Wait for msg click]
scr_cmd,[ms wait:600]
scr_cmd,[Change Screen: Fadeout then Darken] (4)
scr_cmd,[Script cleanup...] A(0x8000c) B(0x2000003c)
scr_cmd,[Unknown code 1: 0x20000001]
scr_cmd,[Show BG image N(2) S(1)]
scr_cmd,Error: Unknown code:0x14001d
scr_cmd,Error: Unknown code:0x20000006
scr_cmd,Error: Unknown code:0x20000065
scr_cmd,Error: Unknown code:0x20000000
scr_cmd,Error: Unknown code:0x2000001e
scr_cmd,[Open nameless msg box at %1](0x2fffffff2fffffff)
scr_cmd,[Make active:1]
txt,,……
scr_cmd,[Make active:6]
txt,,……
scr_cmd,[ms wait:600]
scr_cmd,[Change Screen: Fadein then Lighten] (3)
scr_cmd,[ms wait:300]
scr_cmd,[Show char8with expr0at pos5on delay600]
scr_cmd,[Make active:5]
scr_cmd,[Play voice 0 from folder 29]
txt,,父上様！！！
scr_cmd,[Show next arrow]
scr_cmd,[Wait for msg click]
scr_cmd,[Make active:1]
scr_cmd,[Erase text]
txt,,ぶふっ！！！
scr_cmd,[Show next arrow]
scr_cmd,[Wait for msg click]
scr_cmd,[Make active:5]
scr_cmd,[Erase text]
scr_cmd,[Play voice 1 from folder 29]
txt,,ほんとうに、ほんとうに、
txt,,父上様でありますか！？
scr_cmd,[Show next arrow]
scr_cmd,[Wait for msg click]
scr_cmd,[Make active:1]
scr_cmd,[Erase text]
txt,,な、なに……！？！？
scr_cmd,[Show next arrow]
scr_cmd,[Wait for msg click]
scr_cmd,[Make active:5]
scr_cmd,[Erase text]
scr_cmd,[Play voice 2 from folder 29]
txt,,ああ、この匂い……
scr_cmd,[Show next arrow]
scr_cmd,[Wait for msg click]
scr_cmd,[Play voice 3 from folder 29]
txt,,ケストは、ケストは、
txt,,一日だって忘れたことは
txt,,ありませんでした……！！
scr_cmd,[Show next arrow]
scr_cmd,[Wait for msg click]
scr_cmd,[Make active:1]
scr_cmd,[Erase text]
txt,,ケスト……！？
scr_cmd,[Show next arrow]
scr_cmd,[Wait for msg click]
scr_cmd,[Make active:5]
scr_cmd,[Erase text]
scr_cmd,[Play voice 4 from folder 29]
txt,,はい！！
scr_cmd,[Show next arrow]
scr_cmd,[Wait for msg click]
scr_cmd,[Make active:1]
scr_cmd,[Erase text]
txt,,きみが、あの、ケスト……！？
scr_cmd,[Show next arrow]
scr_cmd,[Wait for msg click]
scr_cmd,[Make active:5]
scr_cmd,[Erase text]
scr_cmd,[Play voice 5 from folder 29]
txt,,はい！！！
scr_cmd,[Show next arrow]
scr_cmd,[Wait for msg click]
scr_cmd,[Make active:1]
scr_cmd,[Erase text]
txt,,でも、いや、どうして、
txt,,父上様というのは、先生、
txt,,しかしそれは、
txt,,いくらなんでも、あんまりです。
scr_cmd,[Show next arrow]
scr_cmd,[Wait for msg click]
scr_cmd,[Make active:5]
scr_cmd,[Erase text]
txt,,……
scr_cmd,[Make active:6]
scr_cmd,[Erase text]
scr_cmd,[Play voice 6 from folder 29]
txt,,ああ、それはロバリーのやつがな。
scr_cmd,[Show next arrow]
scr_cmd,[Wait for msg click]
scr_cmd,[Make active:1]
scr_cmd,[Erase text]
txt,,……あの野郎。
scr_cmd,[Show next arrow]
scr_cmd,[Wait for msg click]
scr_cmd,[Make active:6]
scr_cmd,[Erase text]
txt,,……
scr_cmd,[Make active:5]
scr_cmd,[Erase text]
scr_cmd,[Play voice 7 from folder 29]
txt,,父上様？
scr_cmd,[Show next arrow]
scr_cmd,[Wait for msg click]
scr_cmd,[Make active:1]
scr_cmd,[Erase text]
txt,,……
txt,,大きく、なったね……
txt,,みんなに、とても良くしてもらったようだ。
scr_cmd,[Show next arrow]
scr_cmd,[Wait for msg click]
scr_cmd,[Make active:5]
scr_cmd,[Erase text]
scr_cmd,[Play voice 8 from folder 29]
txt,,はい、ケストは、良い子にしてました☆
scr_cmd,[Show next arrow]
scr_cmd,[Wait for msg click]
scr_cmd,[Play voice 9 from folder 29]
txt,,父上様にお会いできた時……
scr_cmd,[Show next arrow]
scr_cmd,[Wait for msg click]
scr_cmd,[Play voice 10 from folder 29]
txt,,しっかり返事ができるように、
txt,,がんばりました！
scr_cmd,[Show next arrow]
scr_cmd,[Wait for msg click]
scr_cmd,[Make active:1]
scr_cmd,[Erase text]
txt,,ケスト……
scr_cmd,[Show next arrow]
scr_cmd,[Wait for msg click]
scr_cmd,[Make active:5]
scr_cmd,[Erase text]
txt,,……
scr_cmd,[Make active:6]
scr_cmd,[Erase text]
scr_cmd,[Play voice 11 from folder 29]
txt,,そなたが十四の時の子だ。
scr_cmd,[Show next arrow]
scr_cmd,[Wait for msg click]
scr_cmd,[Play voice 12 from folder 29]
txt,,別れたのは、十七の夏だったか。
scr_cmd,[Show next arrow]
scr_cmd,[Wait for msg click]
scr_cmd,[Play voice 13 from folder 29]
txt,,ケストがそう、
txt,,みっつになったばかりだったな。
scr_cmd,[Show next arrow]
scr_cmd,[Wait for msg click]
scr_cmd,[Make active:1]
scr_cmd,[Erase text]
txt,,……
scr_cmd,[Show next arrow]
scr_cmd,[Wait for msg click]
scr_cmd,[Make active:6]
scr_cmd,[Erase text]
scr_cmd,[Play voice 14 from folder 29]
txt,,子供ごころに、
txt,,父と離れるのを哀しんで泣いた。
scr_cmd,[Show next arrow]
scr_cmd,[Wait for msg click]
scr_cmd,[Play voice 15 from folder 29]
txt,,今でも忘れられん。
scr_cmd,[Show next arrow]
scr_cmd,[Wait for msg click]
scr_cmd,[Make active:1]
scr_cmd,[Erase text]
txt,,事実はそうだとしても、
txt,,先生、お言葉ですが……
txt,,誤解を招くような仰り様は……
scr_cmd,[Show next arrow]
scr_cmd,[Wait for msg click]
scr_cmd,[Make active:6]
scr_cmd,[Erase text]
txt,,……
scr_cmd,[Make active:5]
scr_cmd,[Erase text]
scr_cmd,[Change id 5 to character 5 with expr 0]
scr_cmd,[Unknown code 2]
scr_cmd,[Make active:5]
scr_cmd,[Play voice 16 from folder 29]
txt,,ど・わ・れが誤解を招くと仰いました？？？
scr_cmd,[Show next arrow]
scr_cmd,[Wait for msg click]
scr_cmd,[Play voice 17 from folder 29]
txt,,ひょっとして、わ・た・し〜？？？
scr_cmd,[Show next arrow]
scr_cmd,[Wait for msg click]
scr_cmd,[Make active:1]
scr_cmd,[Erase text]
txt,,……ファナ。
scr_cmd,[Show next arrow]
scr_cmd,[Wait for msg click]
scr_cmd,[Make active:5]
scr_cmd,[Erase text]
scr_cmd,[Play voice 18 from folder 29]
txt,,白状なさい、
txt,,いったい何時のコですってぇ！？
scr_cmd,[Show next arrow]
scr_cmd,[Wait for msg click]
scr_cmd,[Make active:1]
scr_cmd,[Erase text]
txt,,……
scr_cmd,[Show next arrow]
scr_cmd,[Wait for msg click]
scr_cmd,[Make active:5]
scr_cmd,[Erase text]
txt,,……
scr_cmd,[Make active:6]
scr_cmd,[Erase text]
scr_cmd,[Change id 6 to character 4 with expr 0]
scr_cmd,[Unknown code 2]
scr_cmd,[Make active:6]
scr_cmd,[Play voice 19 from folder 29]
txt,,でも、こんなにも立派に育って……
scr_cmd,[Show next arrow]
scr_cmd,[Wait for msg click]
scr_cmd,[Play voice 20 from folder 29]
txt,,奥さんは、今どこにいらっしゃるのですか？
scr_cmd,[Show next arrow]
scr_cmd,[Wait for msg click]
scr_cmd,[Make active:1]
scr_cmd,[Erase text]
txt,,……セシリス、きみもか。
scr_cmd,[Show next arrow]
scr_cmd,[Wait for msg click]
scr_cmd,[Make active:6]
scr_cmd,[Erase text]
txt,,……
scr_cmd,[Make active:5]
scr_cmd,[Erase text]
scr_cmd,[Play voice 21 from folder 29]
txt,,さあ正直に言いなさいな。
scr_cmd,[Show next arrow]
scr_cmd,[Wait for msg click]
scr_cmd,[Play voice 22 from folder 29]
txt,,まったく、
txt,,これじゃあ今日は、無礼講決定だわネ。
scr_cmd,[Show next arrow]
scr_cmd,[Wait for msg click]
scr_cmd,[Make active:1]
scr_cmd,[Erase text]
txt,,……む。
scr_cmd,[Show next arrow]
scr_cmd,[Wait for msg click]
scr_cmd,[Make active:5]
scr_cmd,[Erase text]
scr_cmd,[Play voice 23 from folder 29]
txt,,さあさあ！！！
scr_cmd,[Show next arrow]
scr_cmd,[Wait for msg click]
scr_cmd,[Make active:1]
scr_cmd,[Erase text]
txt,,……いいか。
scr_cmd,[Show next arrow]
scr_cmd,[Wait for msg click]
scr_cmd,[Make active:5]
scr_cmd,[Erase text]
txt,,……
scr_cmd,[Make active:6]
scr_cmd,[Erase text]
scr_cmd,[Change id 6 to character 101 with expr 0]
scr_cmd,[Unknown code 2]
scr_cmd,[Make active:6]
scr_cmd,[Play voice 24 from folder 29]
txt,,調子にのりおってこの可愛いばかもんが、
txt,,ケストは拾い子ぞ。
scr_cmd,[Show next arrow]
scr_cmd,[Wait for msg click]
scr_cmd,[Make active:1]
scr_cmd,[Erase text]
txt,,……
scr_cmd,[Make active:5]
scr_cmd,[Erase text]
scr_cmd,[Play voice 25 from folder 29]
txt,,ありゃ。
scr_cmd,[Show next arrow]
scr_cmd,[Wait for msg click]
scr_cmd,[Make active:6]
scr_cmd,[Erase text]
scr_cmd,[Change id 6 to character 4 with expr 0]
scr_cmd,[Unknown code 2]
scr_cmd,[Make active:6]
scr_cmd,[Play voice 26 from folder 29]
txt,,あ……
scr_cmd,[Show next arrow]
scr_cmd,[Wait for msg click]
scr_cmd,[Erase text]
scr_cmd,[Make active:5]
scr_cmd,[Erase text]
txt,,……
scr_cmd,[Change id 6 to character 101 with expr 0]
scr_cmd,[Unknown code 2]
scr_cmd,[Make active:6]
scr_cmd,[Play voice 27 from folder 29]
txt,,さても大事ない。
scr_cmd,[Show next arrow]
scr_cmd,[Wait for msg click]
scr_cmd,[Play voice 28 from folder 29]
txt,,そう育ててきたつもりじゃてな、ケストや。
scr_cmd,[Show next arrow]
scr_cmd,[Wait for msg click]
scr_cmd,[Make active:5]
scr_cmd,[Erase text]
scr_cmd,[Change id 5 to character 8 with expr 0]
scr_cmd,[Unknown code 2]
scr_cmd,[Make active:5]
scr_cmd,[Play voice 29 from folder 29]
txt,,はい……
scr_cmd,[Show next arrow]
scr_cmd,[Wait for msg click]
scr_cmd,[Play voice 30 from folder 29]
txt,,心配をおかけして、スミマセン……
scr_cmd,[Show next arrow]
scr_cmd,[Wait for msg click]
scr_cmd,[Make active:1]
scr_cmd,[Erase text]
txt,,ケスト……
scr_cmd,[Show next arrow]
scr_cmd,[Wait for msg click]
scr_cmd,[Make active:5]
scr_cmd,[Erase text]
scr_cmd,[Play voice 31 from folder 29]
txt,,ケストには、父も母もいません。
scr_cmd,[Show next arrow]
scr_cmd,[Wait for msg click]
scr_cmd,[Play voice 32 from folder 29]
txt,,けれど、優しくしてくれた、
txt,,お爺ちゃん、お婆ちゃん、いまス。
scr_cmd,[Show next arrow]
scr_cmd,[Wait for msg click]
scr_cmd,[Play voice 33 from folder 29]
txt,,その腕に抱いてくれた、お父さん、いまス。
scr_cmd,[Show next arrow]
scr_cmd,[Wait for msg click]
scr_cmd,[Play voice 34 from folder 29]
txt,,ケストは、あの日から、あなたの娘です。
scr_cmd,[Show next arrow]
scr_cmd,[Wait for msg click]
scr_cmd,[Make active:1]
scr_cmd,[Erase text]
txt,,……
scr_cmd,[Make active:6]
scr_cmd,[Erase text]
scr_cmd,[Change id 6 to character 4 with expr 0]
scr_cmd,[Unknown code 2]
scr_cmd,[Make active:6]
txt,,……
scr_cmd,[Show next arrow]
scr_cmd,[Wait for msg click]
scr_cmd,[Make active:5]
scr_cmd,[Erase text]
scr_cmd,[Play voice 35 from folder 29]
txt,,皆さん……
scr_cmd,[Show next arrow]
scr_cmd,[Wait for msg click]
scr_cmd,[Play voice 36 from folder 29]
txt,,先生のこと、一人占めしたみたいで、
txt,,ゴメンナサイ……
scr_cmd,[Show next arrow]
scr_cmd,[Wait for msg click]
scr_cmd,[Make active:6]
scr_cmd,[Erase text]
scr_cmd,[Change id 6 to character 5 with expr 0]
scr_cmd,[Unknown code 2]
scr_cmd,[Make active:6]
scr_cmd,[Play voice 37 from folder 29]
txt,,いやぁ、たはは、まいったね。
scr_cmd,[Show next arrow]
scr_cmd,[Wait for msg click]
scr_cmd,[Play voice 38 from folder 29]
txt,,こっちこそ、ゴメン。
scr_cmd,[Show next arrow]
scr_cmd,[Wait for msg click]
scr_cmd,[Play voice 39 from folder 29]
txt,,私はファナ。
scr_cmd,[Show next arrow]
scr_cmd,[Wait for msg click]
scr_cmd,[Play voice 40 from folder 29]
txt,,ほんとなら、
txt,,ぶん殴られてるところだったかナ。
scr_cmd,[Show next arrow]
scr_cmd,[Wait for msg click]
scr_cmd,[Make active:5]
scr_cmd,[Erase text]
scr_cmd,[Play voice 41 from folder 29]
txt,,ナビロス様にですか？
scr_cmd,[Show next arrow]
scr_cmd,[Wait for msg click]
scr_cmd,[Play voice 42 from folder 29]
txt,,聖セヴィエスのファナ様、ですよね？
scr_cmd,[Show next arrow]
scr_cmd,[Wait for msg click]
scr_cmd,[Make active:6]
scr_cmd,[Erase text]
scr_cmd,[Play voice 43 from folder 29]
txt,,知ってるの？
scr_cmd,[Show next arrow]
scr_cmd,[Wait for msg click]
scr_cmd,[Play voice 44 from folder 29]
txt,,私を？
scr_cmd,[Show next arrow]
scr_cmd,[Wait for msg click]
scr_cmd,[Make active:5]
scr_cmd,[Erase text]
scr_cmd,[Play voice 45 from folder 29]
txt,,ふふっ、思ってた通りの方でありますね。
scr_cmd,[Show next arrow]
scr_cmd,[Wait for msg click]
scr_cmd,[Make active:6]
scr_cmd,[Erase text]
scr_cmd,[Play voice 46 from folder 29]
txt,,へ？
scr_cmd,[Show next arrow]
scr_cmd,[Wait for msg click]
scr_cmd,[Make active:5]
scr_cmd,[Erase text]
scr_cmd,[Play voice 47 from folder 29]
txt,,すごく、暖かいです。
scr_cmd,[Show next arrow]
scr_cmd,[Wait for msg click]
scr_cmd,[Make active:6]
scr_cmd,[Erase text]
scr_cmd,[Play voice 48 from folder 29]
txt,,う〜〜〜、抱きしめたくなっちゃウ！！
scr_cmd,[Show next arrow]
scr_cmd,[Wait for msg click]
scr_cmd,[Make active:5]
scr_cmd,[Erase text]
scr_cmd,[Play voice 49 from folder 29]
txt,,それから、セシリス様。
scr_cmd,[Show next arrow]
scr_cmd,[Wait for msg click]
scr_cmd,[Play voice 50 from folder 29]
txt,,オルフェ先生の、秘蔵っ子様でありますね。
scr_cmd,[Show next arrow]
scr_cmd,[Wait for msg click]
scr_cmd,[Make active:6]
scr_cmd,[Erase text]
scr_cmd,[Change id 6 to character 4 with expr 0]
scr_cmd,[Unknown code 2]
scr_cmd,[Make active:6]
scr_cmd,[Play voice 51 from folder 29]
txt,,え、あ。
scr_cmd,[Show next arrow]
scr_cmd,[Wait for msg click]
scr_cmd,[Play voice 52 from folder 29]
txt,,そんな……
scr_cmd,[Show next arrow]
scr_cmd,[Wait for msg click]
scr_cmd,[Play voice 53 from folder 29]
txt,,そんなこと、ないです……
scr_cmd,[Show next arrow]
scr_cmd,[Wait for msg click]
scr_cmd,[Make active:5]
scr_cmd,[Erase text]
txt,,……
scr_cmd,[Make active:1]
scr_cmd,[Erase text]
txt,,ほら、はじめての後輩だろう。
txt,,ちゃんとしないか。
scr_cmd,[Show next arrow]
scr_cmd,[Wait for msg click]
scr_cmd,[Make active:6]
scr_cmd,[Erase text]
scr_cmd,[Play voice 54 from folder 29]
txt,,あ、わたしは、セシリス。
scr_cmd,[Show next arrow]
scr_cmd,[Wait for msg click]
scr_cmd,[Play voice 55 from folder 29]
txt,,セシリス＝フィノットです。
scr_cmd,[Show next arrow]
scr_cmd,[Wait for msg click]
scr_cmd,[Play voice 56 from folder 29]
txt,,あなたは、ケスト……
scr_cmd,[Show next arrow]
scr_cmd,[Wait for msg click]
scr_cmd,[Make active:1]
scr_cmd,[Erase text]
txt,,……
scr_cmd,[Make active:5]
scr_cmd,[Erase text]
scr_cmd,[Play voice 57 from folder 29]
txt,,ケスト＝シュノンソウです！
scr_cmd,[Show next arrow]
scr_cmd,[Wait for msg click]
scr_cmd,[Make active:6]
scr_cmd,[Erase text]
scr_cmd,[Play voice 58 from folder 29]
txt,,これからも、どうか、よろしくね……？
scr_cmd,[Show next arrow]
scr_cmd,[Wait for msg click]
scr_cmd,[Make active:5]
scr_cmd,[Erase text]
scr_cmd,[Play voice 59 from folder 29]
txt,,はい！！
scr_cmd,[Show next arrow]
scr_cmd,[Wait for msg click]
scr_cmd,[Play voice 60 from folder 29]
txt,,ケスト、がんばります！
scr_cmd,[Show next arrow]
scr_cmd,[Wait for msg click]
scr_cmd,[Make active:6]
scr_cmd,[Erase text]
txt,,……
scr_cmd,[Make active:1]
scr_cmd,[Erase text]
txt,,よろしく、ケスト。
scr_cmd,[Show next arrow]
scr_cmd,[Wait for msg click]
scr_cmd,[Make active:5]
scr_cmd,[Erase text]
scr_cmd,[Play voice 61 from folder 29]
txt,,はい☆
scr_cmd,[Show next arrow]
scr_cmd,[Wait for msg click]
scr_cmd,[Play voice 62 from folder 29]
txt,,どうか、よろしくお願いします！！
scr_cmd,[Show next arrow]
scr_cmd,[Wait for msg click]
scr_cmd,[ms wait:600]
scr_cmd,[Change Screen: Fadeout then Darken] (4)
scr_cmd,[Script cleanup...] A(0x8000c) B(0x2000003c)
scr_cmd,Error: Unknown code:0xc0097
scr_cmd,Error: Unknown code:0x2000000b
scr_cmd,Error: Unknown code:0x20000000
scr_cmd,Error: Unknown code:0xc005b
scr_cmd,Error: Unknown code:0x20000006
scr_cmd,Error: Unknown code:0x20000002
scr_cmd,[END SCENE]
