scr_cmd,[Change Screen: Darken ] (0)
scr_cmd,[Unknown code 1: 0x20000000]
scr_cmd,[Play BGM #7]
scr_cmd,[Show BG image N(119) S(1)]
scr_cmd,[Show char112with expr0at pos7on delay600]
scr_cmd,[Change Screen: Fadein then Lighten] (3)
scr_cmd,[Make active:7]
txt,,言いなさい
txt,,どこにあるのです？
txt,,知っているはずです、あなたなら。
scr_cmd,[Show next arrow]
scr_cmd,[Wait for msg click]
scr_cmd,[Erase text]
txt,,ナビロス＝ルシフージュ。
txt,,光と闇を司るあなたなら、
txt,,知っているはずです。
scr_cmd,[Show next arrow]
scr_cmd,[Wait for msg click]
scr_cmd,[Show char113with expr0at pos8on delay600]
scr_cmd,[Make active:8]
txt,,……
scr_cmd,[Show next arrow]
scr_cmd,[Wait for msg click]
scr_cmd,[Make active:7]
scr_cmd,[Erase text]
txt,,苛立たせることにかけても、
txt,,四大の頂点にあるか、聖セヴィエス。
txt,,望まぬ問いを、そうやって沈黙ばかりで返す。
scr_cmd,[Show next arrow]
scr_cmd,[Wait for msg click]
scr_cmd,[Make active:8]
scr_cmd,[Erase text]
txt,,……
scr_cmd,[Show next arrow]
scr_cmd,[Wait for msg click]
scr_cmd,[Make active:7]
scr_cmd,[Erase text]
txt,,それほどまでに、
txt,,這い出し者どもを擁護する……
txt,,エルメナスの生命よりも、大切なのですね。
scr_cmd,[Show next arrow]
scr_cmd,[Wait for msg click]
scr_cmd,[Make active:8]
scr_cmd,[Erase text]
txt,,……
scr_cmd,[Show next arrow]
scr_cmd,[Wait for msg click]
scr_cmd,[Make active:7]
scr_cmd,[Erase text]
txt,,いいでしょう、そこまでの覚悟なら、
txt,,それもまたあなたの道です。
scr_cmd,[Show next arrow]
scr_cmd,[Wait for msg click]
scr_cmd,[Make active:8]
scr_cmd,[Erase text]
txt,,……
scr_cmd,[Show next arrow]
scr_cmd,[Wait for msg click]
scr_cmd,[Make active:7]
scr_cmd,[Erase text]
txt,,となれば、沈黙の礼拝堂の所在もまた、
txt,,秘匿なさいますか。
scr_cmd,[Show next arrow]
scr_cmd,[Wait for msg click]
scr_cmd,[Make active:8]
scr_cmd,[Erase text]
txt,,……
scr_cmd,[Show next arrow]
scr_cmd,[Wait for msg click]
scr_cmd,[Make active:7]
scr_cmd,[Erase text]
txt,,なるほど。
txt,,ならば仕方ありますまい。
txt,,子供たちに聞くまでのことです。
scr_cmd,[Show next arrow]
scr_cmd,[Wait for msg click]
scr_cmd,[Make active:8]
scr_cmd,[Erase text]
txt,,……
scr_cmd,[Show next arrow]
scr_cmd,[Wait for msg click]
scr_cmd,[Make active:7]
scr_cmd,[Erase text]
txt,,沈思の聖堂が堕ちるはずがないと、
txt,,お思いですかな？
txt,,四大の頂点に立つ聖セヴィエスが、
txt,,新参のパラダインごときに
txt,,敗れるはずがない、と？
scr_cmd,[Show next arrow]
scr_cmd,[Wait for msg click]
scr_cmd,[Erase text]
txt,,魔を退ける法の守護者たちが、
txt,,魔術師どもの手によって、
txt,,敗れるはずがない、と？
scr_cmd,[Show next arrow]
scr_cmd,[Wait for msg click]
scr_cmd,[Make active:8]
scr_cmd,[Erase text]
txt,,……
scr_cmd,[Show next arrow]
scr_cmd,[Wait for msg click]
scr_cmd,[Make active:7]
scr_cmd,[Erase text]
txt,,どうやら、ロイヤル・センテの撤退戦を、
txt,,よくご存知ではないらしい。
scr_cmd,[Show next arrow]
scr_cmd,[Wait for msg click]
scr_cmd,[Make active:8]
scr_cmd,[Erase text]
txt,,……
scr_cmd,[Show next arrow]
scr_cmd,[Wait for msg click]
scr_cmd,[Make active:7]
scr_cmd,[Erase text]
txt,,あなたの愛する子供たちは、
txt,,ひとりでも多くの友を救おうと、
txt,,最後までがんばりました。
txt,,それは素晴らしい活躍でした。
scr_cmd,[Show next arrow]
scr_cmd,[Wait for msg click]
scr_cmd,[Erase text]
txt,,イノセンティアも、
txt,,ゴスペルブラスも、
txt,,我らパラダインも、
txt,,少なからぬ恩恵を賜りました。
scr_cmd,[Show next arrow]
scr_cmd,[Wait for msg click]
scr_cmd,[Erase text]
txt,,そして、
txt,,いまやここに師を欠き、
txt,,わずかにそう、
txt,,片手の指で数えるに足るほどが残った。
scr_cmd,[Show next arrow]
scr_cmd,[Wait for msg click]
scr_cmd,[Make active:8]
scr_cmd,[Erase text]
txt,,……
scr_cmd,[Show next arrow]
scr_cmd,[Wait for msg click]
scr_cmd,[Make active:7]
scr_cmd,[Erase text]
txt,,気にいらないのは、それです。
txt,,あなたはこうして口を閉ざすのに、
txt,,子供たちはあなたを信じて、
txt,,ひたすらに信じて、難事に挑む。
scr_cmd,[Show next arrow]
scr_cmd,[Wait for msg click]
scr_cmd,[Make active:8]
scr_cmd,[Erase text]
txt,,……
scr_cmd,[Show next arrow]
scr_cmd,[Wait for msg click]
scr_cmd,[Make active:7]
scr_cmd,[Erase text]
txt,,残念です。
txt,,あなたの導いた子供たちに、
txt,,伝えてあげなくてはね。
txt,,自らの秘めたる使命のために、
txt,,あなたは口をつぐんだ、と。
scr_cmd,[Show next arrow]
scr_cmd,[Wait for msg click]
scr_cmd,[Erase text]
txt,,暗い闇の中で、
txt,,さめざめと嘆く子供たちの声が、
txt,,さぞ悲しく響くでしょうな。
txt,,いや、それとも、その嘆きさえ、
txt,,沈黙の中に消えましょうかな。
scr_cmd,[Show next arrow]
scr_cmd,[Wait for msg click]
scr_cmd,[Make active:8]
scr_cmd,[Erase text]
txt,,……
scr_cmd,[Show next arrow]
scr_cmd,[Wait for msg click]
scr_cmd,[Make active:7]
scr_cmd,[Erase text]
txt,,覚えておいてください。
txt,,沈思の聖堂を闇に堕としたのは、
txt,,あなたの沈黙である、と。
scr_cmd,[Show next arrow]
scr_cmd,[Wait for msg click]
scr_cmd,[Make active:8]
scr_cmd,[Erase text]
txt,,……
scr_cmd,[Show next arrow]
scr_cmd,[Wait for msg click]
scr_cmd,[Make active:7]
scr_cmd,[Erase text]
txt,,愚かな。
txt,,一生そうしていればいい。
scr_cmd,[Show next arrow]
scr_cmd,[Wait for msg click]
scr_cmd,[Erase text]
scr_cmd,[Make active:7]
scr_cmd,[Erase text]
scr_cmd,Error: Unknown code:0xc001f
scr_cmd,Error: Unknown code:0x20000007
scr_cmd,Error: Unknown code:0x2000001e
scr_cmd,Error: Unknown code:0xc0020
scr_cmd,Error: Unknown code:0x20000008
scr_cmd,Error: Unknown code:0x2000001e
scr_cmd,[ms wait:600]
scr_cmd,[Show char107with expr0at pos8on delay600]
scr_cmd,[Make active:8]
txt,,さすがに動じませんな、漆黒は。
scr_cmd,[Show next arrow]
scr_cmd,[Wait for msg click]
scr_cmd,[Show char112with expr0at pos7on delay600]
scr_cmd,[Make active:7]
txt,,まさに。
scr_cmd,[Show next arrow]
scr_cmd,[Wait for msg click]
scr_cmd,[Make active:8]
scr_cmd,[Erase text]
txt,,……純潔の盾に、戻ったようです。
txt,,翡翠の都から、若き賢者が。
scr_cmd,[Show next arrow]
scr_cmd,[Wait for msg click]
scr_cmd,[Make active:7]
scr_cmd,[Erase text]
txt,,そうですか。
scr_cmd,[Show next arrow]
scr_cmd,[Wait for msg click]
scr_cmd,[Make active:8]
scr_cmd,[Erase text]
txt,,……推察の範疇でありましたか。
scr_cmd,[Show next arrow]
scr_cmd,[Wait for msg click]
scr_cmd,[Make active:7]
scr_cmd,[Erase text]
txt,,それぐらいの手は打つでしょう。
txt,,が、黄昏の月も、
txt,,まことやることにそつがない。
scr_cmd,[Show next arrow]
scr_cmd,[Wait for msg click]
scr_cmd,[Make active:8]
scr_cmd,[Erase text]
txt,,……
txt,,よろしいのですかな？
scr_cmd,[Show next arrow]
scr_cmd,[Wait for msg click]
scr_cmd,[Make active:7]
scr_cmd,[Erase text]
txt,,放っておけばいいのです。
txt,,今のイノセンティアには、
txt,,なんの力もありません。
scr_cmd,[Show next arrow]
scr_cmd,[Wait for msg click]
scr_cmd,[Make active:8]
scr_cmd,[Erase text]
txt,,白銀の薔薇と……
txt,,翼の長とがありましょう。
scr_cmd,[Show next arrow]
scr_cmd,[Wait for msg click]
scr_cmd,[Make active:7]
scr_cmd,[Erase text]
txt,,……
txt,,そう、そして、彼らに導かれて育つ果実は、
txt,,さぞや甘い。
scr_cmd,[Show next arrow]
scr_cmd,[Wait for msg click]
scr_cmd,[Make active:8]
scr_cmd,[Erase text]
txt,,……
scr_cmd,[Make active:7]
scr_cmd,[Erase text]
txt,,けれど、
txt,,美しいからと言って無碍に花を摘めば、
txt,,実りもない道理。
scr_cmd,[Show next arrow]
scr_cmd,[Wait for msg click]
scr_cmd,[Make active:8]
scr_cmd,[Erase text]
txt,,……御意に。
scr_cmd,[Show next arrow]
scr_cmd,[Wait for msg click]
scr_cmd,[ms wait:600]
scr_cmd,[Change Screen: Fadeout then Darken] (4)
scr_cmd,[Script cleanup...] A(0x8000c) B(0x2000003c)
scr_cmd,[END SCENE]
