scr_cmd,[Change Screen: Darken ] (0)
scr_cmd,[Show image &0] (&3374)
scr_cmd,Img params: X 0 Y 324 W 1024 H 128 U 0x35 A 0x20000000 C 0x0 D 0x0
scr_cmd,[Change Screen: Fadein then Lighten] (3)
scr_cmd,[Wait for click?]
scr_cmd,[Change Screen: Fadeout then Darken] (4)
scr_cmd,[Erase title]
scr_cmd,[ms wait:600]
scr_cmd,[Change Screen: Darken ] (0)
scr_cmd,[Unknown code 1: 0x20000001]
scr_cmd,[Play BGM #2]
scr_cmd,[Show BG image N(49) S(1)]
scr_cmd,[Show char10with expr0at pos5on delay600]
scr_cmd,[Change Screen: Fadein then Lighten] (3)
scr_cmd,[Make active:5]
txt,,……
scr_cmd,[Show next arrow]
scr_cmd,[Wait for msg click]
scr_cmd,[Show char5with expr0at pos6on delay600]
scr_cmd,[Make active:6]
txt,,……
scr_cmd,[Show next arrow]
scr_cmd,[Wait for msg click]
scr_cmd,[Make active:5]
scr_cmd,[Erase text]
scr_cmd,[Play voice 0 from folder 62]
txt,,ファナ＝ヒュベリオス。
scr_cmd,[Show next arrow]
scr_cmd,[Wait for msg click]
scr_cmd,[Make active:6]
scr_cmd,[Erase text]
scr_cmd,[Play voice 1 from folder 62]
txt,,オスキル＝ベインハート。
scr_cmd,[Show next arrow]
scr_cmd,[Wait for msg click]
scr_cmd,[Play voice 2 from folder 62]
txt,,門限破りまでさせて、
txt,,その覚悟はあるんだろうな〜
scr_cmd,[Show next arrow]
scr_cmd,[Wait for msg click]
scr_cmd,[Make active:5]
scr_cmd,[Erase text]
txt,,……
scr_cmd,[Show next arrow]
scr_cmd,[Wait for msg click]
scr_cmd,[Make active:6]
scr_cmd,[Erase text]
scr_cmd,[Play voice 3 from folder 62]
txt,,ん〜〜〜〜
scr_cmd,[Show next arrow]
scr_cmd,[Wait for msg click]
scr_cmd,[Play voice 4 from folder 62]
txt,,そんなに咬みついてほしいのか？
scr_cmd,[Show next arrow]
scr_cmd,[Wait for msg click]
scr_cmd,[Make active:5]
scr_cmd,[Erase text]
txt,,……
scr_cmd,[Show next arrow]
scr_cmd,[Wait for msg click]
scr_cmd,[Make active:6]
scr_cmd,[Erase text]
scr_cmd,[Play voice 5 from folder 62]
txt,,なぜ聖セヴィエスを陥としたと、
txt,,どれほどに憎んだか知れない。
scr_cmd,[Show next arrow]
scr_cmd,[Wait for msg click]
scr_cmd,[Play voice 6 from folder 62]
txt,,悔しくて、悔しくて、
txt,,ひとり涙をこらえた夜もあった。
scr_cmd,[Show next arrow]
scr_cmd,[Wait for msg click]
scr_cmd,[Erase text]
scr_cmd,[Play voice 7 from folder 62]
txt,,こんなところで這いつくばって、
txt,,なんになると、悔やみもした。
scr_cmd,[Show next arrow]
scr_cmd,[Wait for msg click]
scr_cmd,[Make active:5]
scr_cmd,[Erase text]
txt,,……
scr_cmd,[Show next arrow]
scr_cmd,[Wait for msg click]
scr_cmd,[Make active:6]
scr_cmd,[Erase text]
scr_cmd,[Play voice 8 from folder 62]
txt,,すぐにでも、
txt,,パラダインと雌雄を決したいと思っていた。
scr_cmd,[Show next arrow]
scr_cmd,[Wait for msg click]
scr_cmd,[Play voice 9 from folder 62]
txt,,囚われ苦しむ友を、
txt,,すぐにでも救いたいと思っていた。
scr_cmd,[Show next arrow]
scr_cmd,[Wait for msg click]
scr_cmd,[Erase text]
scr_cmd,[Play voice 10 from folder 62]
txt,,でも純潔の盾は、
txt,,それもお見通しだったんだろうな。
scr_cmd,[Show next arrow]
scr_cmd,[Wait for msg click]
scr_cmd,[Play voice 11 from folder 62]
txt,,乱れたこころで、
txt,,なにを見出すこともできやしない。
scr_cmd,[Show next arrow]
scr_cmd,[Wait for msg click]
scr_cmd,[Erase text]
scr_cmd,[Play voice 12 from folder 62]
txt,,そう気づいた。
scr_cmd,[Show next arrow]
scr_cmd,[Wait for msg click]
scr_cmd,[Play voice 13 from folder 62]
txt,,いや、違うな。
scr_cmd,[Show next arrow]
scr_cmd,[Wait for msg click]
scr_cmd,[Play voice 14 from folder 62]
txt,,教えているつもりだったけど……
scr_cmd,[Show next arrow]
scr_cmd,[Wait for msg click]
scr_cmd,[Play voice 15 from folder 62]
txt,,いつしか、わたしの方こそ、教えられた。
scr_cmd,[Show next arrow]
scr_cmd,[Wait for msg click]
scr_cmd,[Make active:5]
scr_cmd,[Erase text]
txt,,……
scr_cmd,[Show next arrow]
scr_cmd,[Wait for msg click]
scr_cmd,[Make active:6]
scr_cmd,[Erase text]
scr_cmd,[Play voice 16 from folder 62]
txt,,おなじやるなら、楽しんでやるって決めた。
scr_cmd,[Show next arrow]
scr_cmd,[Wait for msg click]
scr_cmd,[Play voice 17 from folder 62]
txt,,口喧嘩で別れるだけなら、いつだってできる。
scr_cmd,[Show next arrow]
scr_cmd,[Wait for msg click]
scr_cmd,[Play voice 18 from folder 62]
txt,,パラダインの息の根を止めるために、
txt,,この生命を投げ打つことも。
scr_cmd,[Show next arrow]
scr_cmd,[Wait for msg click]
scr_cmd,[Play voice 19 from folder 62]
txt,,だから、それはその時までとっておく。
scr_cmd,[Show next arrow]
scr_cmd,[Wait for msg click]
scr_cmd,[Make active:5]
scr_cmd,[Erase text]
txt,,……
scr_cmd,[Show next arrow]
scr_cmd,[Wait for msg click]
scr_cmd,[Make active:6]
scr_cmd,[Erase text]
scr_cmd,[Play voice 20 from folder 62]
txt,,かつてはともに歩んだあんただから、聞く。
scr_cmd,[Show next arrow]
scr_cmd,[Wait for msg click]
scr_cmd,[Play voice 21 from folder 62]
txt,,パラダインに移ったのは……
scr_cmd,[Show next arrow]
scr_cmd,[Wait for msg click]
scr_cmd,[Play voice 22 from folder 62]
txt,,聖セヴィエスを陥とし、わたしを裏切る。
scr_cmd,[Show next arrow]
scr_cmd,[Wait for msg click]
scr_cmd,[Play voice 23 from folder 62]
txt,,そんなことをするためだったのか？
scr_cmd,[Show next arrow]
scr_cmd,[Wait for msg click]
scr_cmd,[Make active:5]
scr_cmd,[Erase text]
txt,,……
scr_cmd,[Show next arrow]
scr_cmd,[Wait for msg click]
scr_cmd,[Make active:6]
scr_cmd,[Erase text]
scr_cmd,[Play voice 24 from folder 62]
txt,,きっと師もそうして
txt,,口をつぐんだのだろうな。
scr_cmd,[Show next arrow]
scr_cmd,[Wait for msg click]
scr_cmd,[Make active:5]
scr_cmd,[Erase text]
scr_cmd,[Play voice 25 from folder 62]
txt,,十二王杯は、遠からず出揃う。
scr_cmd,[Show next arrow]
scr_cmd,[Wait for msg click]
scr_cmd,[Play voice 26 from folder 62]
txt,,時間の問題だ。
scr_cmd,[Show next arrow]
scr_cmd,[Wait for msg click]
scr_cmd,[Make active:6]
scr_cmd,[Erase text]
txt,,……
scr_cmd,[Show next arrow]
scr_cmd,[Wait for msg click]
scr_cmd,[Make active:5]
scr_cmd,[Erase text]
scr_cmd,[Play voice 27 from folder 62]
txt,,ファナ。
scr_cmd,[Show next arrow]
scr_cmd,[Wait for msg click]
scr_cmd,[Play voice 28 from folder 62]
txt,,パラダインに歩め。
scr_cmd,[Show next arrow]
scr_cmd,[Wait for msg click]
scr_cmd,[Play voice 29 from folder 62]
txt,,ナビロス＝ルシフージュの
txt,,沈思の呪縛を、解け。
scr_cmd,[Show next arrow]
scr_cmd,[Wait for msg click]
scr_cmd,[Play voice 30 from folder 62]
txt,,おまえの友も一緒に。
scr_cmd,[Show next arrow]
scr_cmd,[Wait for msg click]
scr_cmd,[Make active:6]
scr_cmd,[Erase text]
scr_cmd,[Play voice 31 from folder 62]
txt,,きっとそう言うと思っていた。
scr_cmd,[Show next arrow]
scr_cmd,[Wait for msg click]
scr_cmd,[Play voice 32 from folder 62]
txt,,けど、それでどうなる？
scr_cmd,[Show next arrow]
scr_cmd,[Wait for msg click]
scr_cmd,[Play voice 33 from folder 62]
txt,,聖堂とともに堕ちることを
txt,,わかっていながら……
scr_cmd,[Show next arrow]
scr_cmd,[Wait for msg click]
scr_cmd,[Erase text]
scr_cmd,[Make active:5]
scr_cmd,[Erase text]
txt,,……
scr_cmd,[Make active:6]
scr_cmd,[Erase text]
scr_cmd,[Play voice 34 from folder 62]
txt,,すべてを覚悟して、それでもわたしだけを
txt,,逃がしてくれたみんなが……
scr_cmd,[Show next arrow]
scr_cmd,[Wait for msg click]
scr_cmd,[Play voice 35 from folder 62]
txt,,師を見捨てることを、友が望むとでも……？
scr_cmd,[Show next arrow]
scr_cmd,[Wait for msg click]
scr_cmd,[Make active:5]
scr_cmd,[Erase text]
scr_cmd,[Play voice 36 from folder 62]
txt,,ではおまえは、
txt,,愛する者が苦しむことを望むのだな。
scr_cmd,[Show next arrow]
scr_cmd,[Wait for msg click]
scr_cmd,[Make active:6]
scr_cmd,[Erase text]
scr_cmd,[Play voice 37 from folder 62]
txt,,あんたにはそう見えるんだろうネ。
scr_cmd,[Show next arrow]
scr_cmd,[Wait for msg click]
scr_cmd,[Play voice 38 from folder 62]
txt,,けどなにひとつ、
txt,,からまった糸をほぐしちゃいない。
scr_cmd,[Show next arrow]
scr_cmd,[Wait for msg click]
scr_cmd,[Play voice 39 from folder 62]
txt,,まだ、わたしはわたしのするべきことを、
txt,,しちゃいない……！
scr_cmd,[Show next arrow]
scr_cmd,[Wait for msg click]
scr_cmd,[Make active:5]
scr_cmd,[Erase text]
txt,,……
scr_cmd,[Show next arrow]
scr_cmd,[Wait for msg click]
scr_cmd,[Make active:6]
scr_cmd,[Erase text]
scr_cmd,[Play voice 40 from folder 62]
txt,,それなのに……
scr_cmd,[Show next arrow]
scr_cmd,[Wait for msg click]
scr_cmd,[Play voice 41 from folder 62]
txt,,それが苦しいからと、
txt,,わからないからと言って。
scr_cmd,[Show next arrow]
scr_cmd,[Wait for msg click]
scr_cmd,[Erase text]
scr_cmd,[Play voice 42 from folder 62]
txt,,あんたの言葉に従って、
txt,,ぜんぶ投げ捨てることを、
txt,,聖セヴィエスの誰が望むだろう？
scr_cmd,[Show next arrow]
scr_cmd,[Wait for msg click]
scr_cmd,[Erase text]
scr_cmd,[Play voice 43 from folder 62]
txt,,誰もが藻掻く。
scr_cmd,[Show next arrow]
scr_cmd,[Wait for msg click]
scr_cmd,[Play voice 44 from folder 62]
txt,,それなのに、わたしだけが、
txt,,逃げ出すと、あんたは本気で思うのか……？
scr_cmd,[Show next arrow]
scr_cmd,[Wait for msg click]
scr_cmd,[Make active:5]
scr_cmd,[Erase text]
scr_cmd,[Play voice 45 from folder 62]
txt,,ならば、
txt,,聖セヴィエスは永遠の幕を降ろすのみ。
scr_cmd,[Show next arrow]
scr_cmd,[Wait for msg click]
scr_cmd,[Make active:6]
scr_cmd,[Erase text]
txt,,……
scr_cmd,[Show next arrow]
scr_cmd,[Wait for msg click]
scr_cmd,[Make active:5]
scr_cmd,[Erase text]
scr_cmd,[Play voice 46 from folder 62]
txt,,我らパラダインは、エルメナスを救う。
scr_cmd,[Show next arrow]
scr_cmd,[Wait for msg click]
scr_cmd,[Play voice 47 from folder 62]
txt,,十二王杯を集めて、混沌を退けるだろう。
scr_cmd,[Show next arrow]
scr_cmd,[Wait for msg click]
scr_cmd,[Make active:6]
scr_cmd,[Erase text]
scr_cmd,[Play voice 48 from folder 62]
txt,,そんなに上手くいくかな……
scr_cmd,[Show next arrow]
scr_cmd,[Wait for msg click]
scr_cmd,[Play voice 49 from folder 62]
txt,,競い合い、磨き合い、高め合ってこそ。
scr_cmd,[Show next arrow]
scr_cmd,[Wait for msg click]
scr_cmd,[Make active:5]
scr_cmd,[Erase text]
txt,,……
scr_cmd,[Show next arrow]
scr_cmd,[Wait for msg click]
scr_cmd,[Make active:6]
scr_cmd,[Erase text]
scr_cmd,[Play voice 50 from folder 62]
txt,,聖セヴィエスの勝ち得た王杯を、
txt,,裏切りと不意討ちによって
txt,,背徳の内に掠め取る。
scr_cmd,[Show next arrow]
scr_cmd,[Wait for msg click]
scr_cmd,[Play voice 51 from folder 62]
txt,,誇り高い不動の橋立からは、
txt,,その忠誠のこころを弄んで、搾り取る。
scr_cmd,[Show next arrow]
scr_cmd,[Wait for msg click]
scr_cmd,[Erase text]
scr_cmd,[Play voice 52 from folder 62]
txt,,物見の尖塔からは、
txt,,たいそう立派な理が見えるんだろうな。
scr_cmd,[Show next arrow]
scr_cmd,[Wait for msg click]
scr_cmd,[Play voice 53 from folder 62]
txt,,それが本当にエルメナスを救う道になると、
txt,,あんたは信じているわけだ。
scr_cmd,[Show next arrow]
scr_cmd,[Wait for msg click]
scr_cmd,[Make active:5]
scr_cmd,[Erase text]
scr_cmd,[Play voice 54 from folder 62]
txt,,拒んだのは聖セヴィエスだ。
scr_cmd,[Show next arrow]
scr_cmd,[Wait for msg click]
scr_cmd,[Make active:6]
scr_cmd,[Erase text]
scr_cmd,[Play voice 55 from folder 62]
txt,,……オスキル＝ベインハート。
scr_cmd,[Show next arrow]
scr_cmd,[Wait for msg click]
scr_cmd,[Play voice 56 from folder 62]
txt,,見損なったよ。
scr_cmd,[Show next arrow]
scr_cmd,[Wait for msg click]
scr_cmd,[Play voice 57 from folder 62]
txt,,あんたなら、
txt,,パラダインを掣肘できると思ってた。
scr_cmd,[Show next arrow]
scr_cmd,[Wait for msg click]
scr_cmd,[Make active:5]
scr_cmd,[Erase text]
txt,,……
scr_cmd,[Show next arrow]
scr_cmd,[Wait for msg click]
scr_cmd,[Make active:6]
scr_cmd,[Erase text]
scr_cmd,[Play voice 58 from folder 62]
txt,,なぜナビロス様は口をつぐみ、
txt,,混沌を呼ぶ咎に、
txt,,あえて異を唱えなかったのか。
scr_cmd,[Show next arrow]
scr_cmd,[Wait for msg click]
scr_cmd,[Play voice 59 from folder 62]
txt,,なぜ混沌を払うことも、
txt,,王杯を譲ることも拒まれたのか。
scr_cmd,[Show next arrow]
scr_cmd,[Wait for msg click]
scr_cmd,[Erase text]
scr_cmd,[Play voice 60 from folder 62]
txt,,なぜ聖セヴィエスの陥落をも
txt,,已む無しとしたのか。
scr_cmd,[Show next arrow]
scr_cmd,[Wait for msg click]
scr_cmd,[Play voice 61 from folder 62]
txt,,なぜ縛鎖に囚われる苦しみを強いたのか。
scr_cmd,[Show next arrow]
scr_cmd,[Wait for msg click]
scr_cmd,[Play voice 62 from folder 62]
txt,,なぜ、わたしはここにいるのか。
scr_cmd,[Show next arrow]
scr_cmd,[Wait for msg click]
scr_cmd,[Make active:5]
scr_cmd,[Erase text]
txt,,……
scr_cmd,[Show next arrow]
scr_cmd,[Wait for msg click]
scr_cmd,[Make active:6]
scr_cmd,[Erase text]
scr_cmd,[Play voice 63 from folder 62]
txt,,聖セヴィエスを失って、
txt,,言葉を交わした友を失って、
txt,,導いてくれる師を失って。
scr_cmd,[Show next arrow]
scr_cmd,[Wait for msg click]
scr_cmd,[Make active:5]
scr_cmd,[Erase text]
txt,,……
scr_cmd,[Show next arrow]
scr_cmd,[Wait for msg click]
scr_cmd,[Make active:6]
scr_cmd,[Erase text]
scr_cmd,[Play voice 64 from folder 62]
txt,,ぜんぶをあんたに奪われて。
scr_cmd,[Show next arrow]
scr_cmd,[Wait for msg click]
scr_cmd,[Play voice 65 from folder 62]
txt,,這魔の烙印を負わされたわたしを、
txt,,純潔の盾は、
txt,,それでも何も言わずに受け容れてくれた。
scr_cmd,[Show next arrow]
scr_cmd,[Wait for msg click]
scr_cmd,[Make active:5]
scr_cmd,[Erase text]
txt,,……
scr_cmd,[Show next arrow]
scr_cmd,[Wait for msg click]
scr_cmd,[Make active:6]
scr_cmd,[Erase text]
scr_cmd,[Play voice 66 from folder 62]
txt,,はじめて、その重さを知ったよ。
scr_cmd,[Show next arrow]
scr_cmd,[Wait for msg click]
scr_cmd,[Make active:5]
scr_cmd,[Erase text]
txt,,……
scr_cmd,[Show next arrow]
scr_cmd,[Wait for msg click]
scr_cmd,[Make active:6]
scr_cmd,[Erase text]
scr_cmd,[Play voice 67 from folder 62]
txt,,だからこそ、
txt,,わたしはその答えを見つけなければ。
scr_cmd,[Show next arrow]
scr_cmd,[Wait for msg click]
scr_cmd,[Play voice 68 from folder 62]
txt,,他の誰でもない。
scr_cmd,[Show next arrow]
scr_cmd,[Wait for msg click]
scr_cmd,[Play voice 69 from folder 62]
txt,,わたし自身で。
scr_cmd,[Show next arrow]
scr_cmd,[Wait for msg click]
scr_cmd,[Make active:5]
scr_cmd,[Erase text]
txt,,……
scr_cmd,[Show next arrow]
scr_cmd,[Wait for msg click]
scr_cmd,[Make active:6]
scr_cmd,[Erase text]
scr_cmd,[Play voice 70 from folder 62]
txt,,あんたにはないのか？
scr_cmd,[Show next arrow]
scr_cmd,[Wait for msg click]
scr_cmd,[Play voice 71 from folder 62]
txt,,どんなことよりも大切なものが？
scr_cmd,[Show next arrow]
scr_cmd,[Wait for msg click]
scr_cmd,[Make active:5]
scr_cmd,[Erase text]
scr_cmd,[Play voice 72 from folder 62]
txt,,……ファナ＝ヒュベリオス。
scr_cmd,[Show next arrow]
scr_cmd,[Wait for msg click]
scr_cmd,[Make active:6]
scr_cmd,[Erase text]
txt,,……
scr_cmd,[Show next arrow]
scr_cmd,[Wait for msg click]
scr_cmd,[Make active:5]
scr_cmd,[Erase text]
scr_cmd,[Play voice 73 from folder 62]
txt,,せめて絆をほどかないようにな。
scr_cmd,[Show next arrow]
scr_cmd,[Wait for msg click]
scr_cmd,[Make active:6]
scr_cmd,[Erase text]
scr_cmd,[Play voice 74 from folder 62]
txt,,純潔の盾は、脆いようで堅固。
scr_cmd,[Show next arrow]
scr_cmd,[Wait for msg click]
scr_cmd,[Play voice 75 from folder 62]
txt,,危ういほどに、真価を発揮すること請合だ。
scr_cmd,[Show next arrow]
scr_cmd,[Wait for msg click]
scr_cmd,[Make active:5]
scr_cmd,[Erase text]
txt,,……
scr_cmd,[Play voice 76 from folder 62]
txt,,ではな。
scr_cmd,[Show next arrow]
scr_cmd,[Wait for msg click]
scr_cmd,[Make active:6]
scr_cmd,[Erase text]
scr_cmd,[Play voice 77 from folder 62]
txt,,いつかまた、あの頃のように。
scr_cmd,[Show next arrow]
scr_cmd,[Wait for msg click]
scr_cmd,[Play voice 78 from folder 62]
txt,,笑って話せればいいのにな。
scr_cmd,[Show next arrow]
scr_cmd,[Wait for msg click]
scr_cmd,[Make active:5]
scr_cmd,[Erase text]
txt,,……
scr_cmd,[Play voice 79 from folder 62]
txt,,もしも互いにそれを目指すなら。
scr_cmd,[Show next arrow]
scr_cmd,[Wait for msg click]
scr_cmd,[Make active:6]
scr_cmd,[Erase text]
scr_cmd,[Play voice 80 from folder 62]
txt,,ああ。
scr_cmd,[Show next arrow]
scr_cmd,[Wait for msg click]
scr_cmd,[Play voice 81 from folder 62]
txt,,そう願ってる。
scr_cmd,[Show next arrow]
scr_cmd,[Wait for msg click]
scr_cmd,[Play voice 82 from folder 62]
txt,,でなきゃ、あんたの残りの人生は、
txt,,たいそうみじめなものになる。
scr_cmd,[Show next arrow]
scr_cmd,[Wait for msg click]
scr_cmd,[Play voice 83 from folder 62]
txt,,それを忘れるなよ、オスキル。
scr_cmd,[Show next arrow]
scr_cmd,[Wait for msg click]
scr_cmd,[Make active:5]
scr_cmd,[Erase text]
scr_cmd,[Play voice 84 from folder 62]
txt,,……覚えておこう。
scr_cmd,[Show next arrow]
scr_cmd,[Wait for msg click]
scr_cmd,[Make active:6]
scr_cmd,[Erase text]
txt,,……
scr_cmd,[Show next arrow]
scr_cmd,[Wait for msg click]
scr_cmd,[ms wait:600]
scr_cmd,[Change Screen: Fadeout then Darken] (4)
scr_cmd,[Script cleanup...] A(0x8000c) B(0x2000003c)
scr_cmd,[Load chapter: 1]
scr_cmd,[END SCENE]
