scr_cmd,[Change Screen: Darken ] (0)
scr_cmd,[Unknown code 1: 0x20000000]
scr_cmd,[Show BG image N(122) S(1)]
scr_cmd,[Open nameless msg box at %4](0x2fffffff2fffffff)
scr_cmd,[Change Screen: Fadein then Lighten] (3)
scr_cmd,[Make active:4]
txt,,……どう見る？
scr_cmd,[Show next arrow]
scr_cmd,[Wait for msg click]
scr_cmd,[Show char116with expr0at pos8on delay600]
scr_cmd,[Make active:8]
txt,,バウベス＝フォアトッドと言えば、
txt,,シュナイドラの片腕……
txt,,……しかも、ハズバン＝シューニングまで。
txt,,惜しげもなく添えてくるとは驚きいった。
scr_cmd,[Show next arrow]
scr_cmd,[Wait for msg click]
scr_cmd,[Make active:4]
scr_cmd,[Erase text]
txt,,……
scr_cmd,[Show char110with expr0at pos7on delay600]
scr_cmd,[Make active:7]
txt,,惜しがらなかったかどうかは、
txt,,わからないけど……
scr_cmd,[Show next arrow]
scr_cmd,[Wait for msg click]
scr_cmd,[Make active:8]
scr_cmd,[Erase text]
txt,,……
scr_cmd,[Make active:4]
scr_cmd,[Erase text]
txt,,……
scr_cmd,[Show next arrow]
scr_cmd,[Wait for msg click]
scr_cmd,[Make active:7]
scr_cmd,[Erase text]
txt,,純潔の盾とは名ばかりに、
txt,,諸刃の剣にでも見えたってことでしょ。
txt,,十二王杯が出揃う前に、
txt,,いろいろされるのは
txt,,楽しいことじゃないだろうし……
scr_cmd,[Show next arrow]
scr_cmd,[Wait for msg click]
scr_cmd,[Erase text]
txt,,まあ、
txt,,内輪もめしてる場合じゃないからって、
txt,,我が友はゴネもしないんだけど。
scr_cmd,[Show next arrow]
scr_cmd,[Wait for msg click]
scr_cmd,[Make active:8]
scr_cmd,[Erase text]
scr_cmd,[Change id 8 to character 115 with expr 0]
scr_cmd,[Unknown code 2]
scr_cmd,[Make active:8]
txt,,……
scr_cmd,[Show next arrow]
scr_cmd,[Wait for msg click]
scr_cmd,[Make active:7]
scr_cmd,[Erase text]
txt,,……
scr_cmd,[Make active:4]
scr_cmd,[Erase text]
txt,,パラダインが携える理に、
txt,,異存がないわけではありませんよ。
scr_cmd,[Show next arrow]
scr_cmd,[Wait for msg click]
scr_cmd,[Make active:7]
scr_cmd,[Erase text]
scr_cmd,[Change id 7 to character 118 with expr 0]
scr_cmd,[Unknown code 2]
scr_cmd,[Make active:7]
txt,,そうは言っても、互いに多くは望めぬ……
txt,,炎の長の登城とは、
txt,,パラダイン最大の譲歩であって、
txt,,言霊の上では誠意にあたろう。
scr_cmd,[Show next arrow]
scr_cmd,[Wait for msg click]
scr_cmd,[Make active:4]
scr_cmd,[Erase text]
txt,,……
scr_cmd,[Make active:8]
scr_cmd,[Erase text]
txt,,だからと言って、
txt,,黒衣の呪い人を討つ責務を負うのですか？
scr_cmd,[Show next arrow]
scr_cmd,[Wait for msg click]
scr_cmd,[Make active:7]
scr_cmd,[Erase text]
scr_cmd,[Change id 7 to character 110 with expr 0]
scr_cmd,[Unknown code 2]
scr_cmd,[Make active:7]
txt,,すべてを水に流すことはしないよ。
txt,,でもねシェリル。
txt,,今できることを、最善と信じる道に歩むこと。
txt,,それが、賢者の涙ぐましくて、
txt,,あさましいところだからね。
scr_cmd,[Show next arrow]
scr_cmd,[Wait for msg click]
scr_cmd,[Make active:8]
scr_cmd,[Erase text]
txt,,……
scr_cmd,[Show next arrow]
scr_cmd,[Wait for msg click]
scr_cmd,[Make active:7]
scr_cmd,[Erase text]
txt,,もちろん。
txt,,ちゃぶ台をひっくり返すのは好きな方なんだ。
txt,,もしそうするつもりなら一枚噛むよ、
txt,,いつでも、すぐにでも。
scr_cmd,[Show next arrow]
scr_cmd,[Wait for msg click]
scr_cmd,[Make active:4]
scr_cmd,[Erase text]
txt,,長……
scr_cmd,[Show next arrow]
scr_cmd,[Wait for msg click]
scr_cmd,[Make active:7]
scr_cmd,[Erase text]
scr_cmd,[Change id 7 to character 101 with expr 0]
scr_cmd,[Unknown code 2]
scr_cmd,[Make active:7]
txt,,……シャロンの成した北壁の誓いに、
txt,,黒衣の呪いびとは狡猾な呪いを講じてみせた。
txt,,エルメナスが滅ばぬ限りは、
txt,,ほんとうの力が封じられたままとは言え……
scr_cmd,[Show next arrow]
scr_cmd,[Wait for msg click]
scr_cmd,[Make active:4]
scr_cmd,[Erase text]
txt,,……
scr_cmd,[Make active:8]
scr_cmd,[Erase text]
scr_cmd,[Change id 8 to character 116 with expr 0]
scr_cmd,[Unknown code 2]
scr_cmd,[Make active:8]
txt,,その力は強力だった。
scr_cmd,[Show next arrow]
scr_cmd,[Wait for msg click]
scr_cmd,[Make active:7]
scr_cmd,[Erase text]
txt,,然様。
txt,,囚われの身にあったものたちが、
txt,,混沌の力を受けてその縛鎖を
txt,,解かれたのであろう。
scr_cmd,[Show next arrow]
scr_cmd,[Wait for msg click]
scr_cmd,[Make active:8]
scr_cmd,[Erase text]
txt,,……パラダインが不安を感じるのも、
txt,,無理はない。
scr_cmd,[Show next arrow]
scr_cmd,[Wait for msg click]
scr_cmd,[Make active:7]
scr_cmd,[Erase text]
txt,,……
scr_cmd,[Show next arrow]
scr_cmd,[Wait for msg click]
scr_cmd,[Make active:8]
scr_cmd,[Erase text]
txt,,……
scr_cmd,[Make active:4]
scr_cmd,[Erase text]
txt,,……
scr_cmd,[Show next arrow]
scr_cmd,[Wait for msg click]
scr_cmd,[Make active:7]
scr_cmd,[Erase text]
txt,,十二王杯の集成を物見の尖塔が成し遂げ、
txt,,混沌を払うと言うのなら……
scr_cmd,[Show next arrow]
scr_cmd,[Wait for msg click]
scr_cmd,[Make active:4]
scr_cmd,[Erase text]
txt,,パラダインを支え、黒衣の呪いびとを討つ。
txt,,確かにそれは、
txt,,純潔の盾の役目かも知れません。
scr_cmd,[Show next arrow]
scr_cmd,[Wait for msg click]
scr_cmd,[Make active:7]
scr_cmd,[Erase text]
txt,,……
scr_cmd,[Make active:8]
scr_cmd,[Erase text]
txt,,過去がどうあれ？
scr_cmd,[Show next arrow]
scr_cmd,[Wait for msg click]
scr_cmd,[Make active:7]
scr_cmd,[Erase text]
txt,,過去が、どうあれ。
scr_cmd,[Make active:4]
scr_cmd,[Erase text]
txt,,過去が、どうあれ。
scr_cmd,[Show next arrow]
scr_cmd,[Wait for msg click]
scr_cmd,[ms wait:600]
scr_cmd,[Change Screen: Fadeout then Darken] (4)
scr_cmd,[Script cleanup...] A(0x8000c) B(0x2000003c)
scr_cmd,Error: Unknown code:0xc0097
scr_cmd,Error: Unknown code:0x2000000b
scr_cmd,Error: Unknown code:0x20000000
scr_cmd,[END SCENE]
