scr_cmd,[Change Screen: Darken ] (0)
scr_cmd,[Unknown code 1: 0x20000001]
scr_cmd,[Play BGM #2]
scr_cmd,[Show BG image N(1) S(1)]
scr_cmd,[Show char6with expr0at pos6on delay600]
scr_cmd,[Change Screen: Fadein then Lighten] (3)
scr_cmd,[Make active:6]
scr_cmd,[Play voice 0 from folder 30]
txt,,神秘の深奥、緑の山麓にその威容を誇る、
txt,,荘厳なる学び舎。
scr_cmd,[Show next arrow]
scr_cmd,[Wait for msg click]
scr_cmd,[Play voice 1 from folder 30]
txt,,守るべきなにかのために、
txt,,成すべきなにかのために、
txt,,自らの信念と魂とを磨く聖なる地。
scr_cmd,[Show next arrow]
scr_cmd,[Wait for msg click]
scr_cmd,[Erase text]
scr_cmd,[Play voice 2 from folder 30]
txt,,”それが私の終の棲家、
txt,,安息の地””エルメナス””だ。”
scr_cmd,[Show next arrow]
scr_cmd,[Wait for msg click]
scr_cmd,[Erase text]
scr_cmd,[Play voice 3 from folder 30]
txt,,自らの目標に向かい、約束を交わし、
txt,,時には掟を背負い、誓いを果たす。
scr_cmd,[Show next arrow]
scr_cmd,[Wait for msg click]
scr_cmd,[Play voice 4 from folder 30]
txt,,幼くとも老いるとも。
scr_cmd,[Show next arrow]
scr_cmd,[Wait for msg click]
scr_cmd,[Play voice 5 from folder 30]
txt,,魔術であれ、鋼鉄であれ、神々の奇跡であれ、
txt,,弦のわななきであれ……
scr_cmd,[Show next arrow]
scr_cmd,[Wait for msg click]
scr_cmd,[Erase text]
scr_cmd,[Play voice 6 from folder 30]
txt,,求めるなにかを目指す者にとって、
txt,,ここはまさに楽園と言えよう。
scr_cmd,[Show next arrow]
scr_cmd,[Wait for msg click]
scr_cmd,[Erase text]
scr_cmd,[Play voice 7 from folder 30]
txt,,だが、世界には滅びが近づいていた。
scr_cmd,[Show next arrow]
scr_cmd,[Wait for msg click]
scr_cmd,[Play voice 8 from folder 30]
txt,,錆付いていた歴史の歯車は、
txt,,しかし、その動きを止めてはいなかった。
scr_cmd,[Show next arrow]
scr_cmd,[Wait for msg click]
scr_cmd,[Play voice 9 from folder 30]
txt,,誰もが気付かぬ内に、静かに、
txt,,その力を蓄えていたのだ。
scr_cmd,[Show next arrow]
scr_cmd,[Wait for msg click]
scr_cmd,[Erase text]
scr_cmd,[Play voice 10 from folder 30]
txt,,世界には混沌に誘われた災いと闇とが、
txt,,押し寄せようとしていた。
scr_cmd,[Show next arrow]
scr_cmd,[Wait for msg click]
scr_cmd,[Play voice 11 from folder 30]
txt,,物見の隠者は目を伏せて警句を紡ぎ、
txt,,月詠みの巫女は物憂げに
txt,,呪いの言葉を織り成した。
scr_cmd,[Show next arrow]
scr_cmd,[Wait for msg click]
scr_cmd,[Erase text]
scr_cmd,[Play voice 12 from folder 30]
txt,,只ならぬ不穏を感じた賢者たちは、
txt,,冷たい雨の降る夜、
txt,,災いの渦へと踏み出した。
scr_cmd,[Show next arrow]
scr_cmd,[Wait for msg click]
scr_cmd,[Erase text]
scr_cmd,[Play voice 13 from folder 30]
txt,,遥かな地平を目指し、
txt,,彼らはどれほどの人々に手を差し伸べ、
txt,,癒し、救い、導くことだろう。
scr_cmd,[Show next arrow]
scr_cmd,[Wait for msg click]
scr_cmd,[Erase text]
scr_cmd,[Play voice 14 from folder 30]
txt,,その労苦を想い、
txt,,残された私達がせめて成すべきは、
txt,,彼らの故郷を守ることなのだ。
scr_cmd,[Show next arrow]
scr_cmd,[Wait for msg click]
scr_cmd,[Erase text]
scr_cmd,[Play voice 15 from folder 30]
txt,,……物言わぬ調停者から最後の手紙が
txt,,届けられたのは、賢者たちが旅立ち、
txt,,最初の新月を迎えた夜だった。
scr_cmd,[Show next arrow]
scr_cmd,[Wait for msg click]
scr_cmd,[Erase text]
scr_cmd,[Play voice 16 from folder 30]
txt,,白銀の月は、
txt,,畏怖にも似た緋色で美しく染まり、
txt,,闇へと誘う霧にそっと浮かんでいた。
scr_cmd,[Show next arrow]
scr_cmd,[Wait for msg click]
scr_cmd,[Play voice 17 from folder 30]
txt,,学び舎の祭司長にして隻眼の大賢者……
scr_cmd,[Show next arrow]
scr_cmd,[Wait for msg click]
scr_cmd,[Erase text]
scr_cmd,[Play voice 18 from folder 30]
txt,,彼の愛した不死鳥が、
txt,,最後の命を懸けてもたらした言葉を、
txt,,生涯忘れることはないだろう。
scr_cmd,[Show next arrow]
scr_cmd,[Wait for msg click]
scr_cmd,[Erase text]
scr_cmd,[Play voice 19 from folder 30]
txt,,あまねく災厄を逃るるは賢者の学び舎、
txt,,其は古より護られし稀有なる砦。
scr_cmd,[Show next arrow]
scr_cmd,[Wait for msg click]
scr_cmd,[Play voice 20 from folder 30]
txt,,世界を覆う、
txt,,最も深き闇をも照らす灯火を育み給え。
scr_cmd,[Show next arrow]
scr_cmd,[Wait for msg click]
scr_cmd,[Erase text]
scr_cmd,[Play voice 21 from folder 30]
txt,,至高なる鍵を磨き求め、
txt,,漆黒の大地へと歩み出で給え。
scr_cmd,[Show next arrow]
scr_cmd,[Wait for msg click]
scr_cmd,[Erase text]
scr_cmd,[Play voice 22 from folder 30]
txt,,賢者の学び舎の門という門は、静かに、
txt,,しかし堅く閉ざされた。
scr_cmd,[Show next arrow]
scr_cmd,[Wait for msg click]
scr_cmd,[Erase text]
scr_cmd,[Play voice 23 from folder 30]
txt,,そして、
txt,,学び舎の失ったもののあまりの大きさに、
txt,,誰もが膝を折り、祈り、嘆き、悔やみ、
txt,,そして天を仰いだ。
scr_cmd,[Show next arrow]
scr_cmd,[Wait for msg click]
scr_cmd,[Play voice 24 from folder 30]
txt,,苦難の地に取り残された人々と賢者たち。
scr_cmd,[Show next arrow]
scr_cmd,[Wait for msg click]
scr_cmd,[Erase text]
scr_cmd,[Play voice 25 from folder 30]
txt,,否……
scr_cmd,[Show next arrow]
scr_cmd,[Wait for msg click]
scr_cmd,[Play voice 26 from folder 30]
txt,,残されたのは彼らか、
txt,,それともエルメナスか？
scr_cmd,[Show next arrow]
scr_cmd,[Wait for msg click]
scr_cmd,[Erase text]
scr_cmd,[Play voice 27 from folder 30]
txt,,今や私が身を寄せる学び舎は、
txt,,大海原に漂う箱舟そのものである。
scr_cmd,[Show next arrow]
scr_cmd,[Wait for msg click]
scr_cmd,[Play voice 28 from folder 30]
txt,,そう、賢者という名の尊い命を生贄に、
txt,,世界は深い闇へと堕ちたのだ。
scr_cmd,[Show next arrow]
scr_cmd,[Wait for msg click]
scr_cmd,[Erase text]
scr_cmd,[Play voice 29 from folder 30]
txt,,だが──
scr_cmd,[Show next arrow]
scr_cmd,[Wait for msg click]
scr_cmd,[Play voice 30 from folder 30]
txt,,誰がそれを想像し得たろう。
scr_cmd,[Show next arrow]
scr_cmd,[Wait for msg click]
scr_cmd,[Play voice 31 from folder 30]
txt,,エルメナスさえもが、
txt,,すでにして混沌の渦中にあることを。
scr_cmd,[Show next arrow]
scr_cmd,[Wait for msg click]
scr_cmd,[Erase text]
scr_cmd,[Play voice 32 from folder 30]
txt,,星詠みの天蓋は今宵も
txt,,月明かりの下でその美を誇り、
txt,,英霊の長城は変わることなく
txt,,学び舎を守護している。
scr_cmd,[Show next arrow]
scr_cmd,[Wait for msg click]
scr_cmd,[Erase text]
scr_cmd,[Play voice 33 from folder 30]
txt,,静かなる安息の法塔は、
txt,,私たちを最後のその時まで、
txt,,護り抜くことだろう。
scr_cmd,[Show next arrow]
scr_cmd,[Wait for msg click]
scr_cmd,[Play voice 34 from folder 30]
txt,,けれど、この胸には心を焦がす不安が逆巻き、
txt,,肌にひりつく熱傷が癒えることはない。
scr_cmd,[Show next arrow]
scr_cmd,[Wait for msg click]
scr_cmd,[Erase text]
scr_cmd,[Play voice 35 from folder 30]
txt,,わたしたちは、
txt,,高く羽ばたくことができるだろうか？
scr_cmd,[Show next arrow]
scr_cmd,[Wait for msg click]
scr_cmd,[Play voice 36 from folder 30]
txt,,混沌を拭い去り、
txt,,暗黒を照らす光となることが
txt,,できるだろうか？
scr_cmd,[Show next arrow]
scr_cmd,[Wait for msg click]
scr_cmd,[Erase text]
scr_cmd,[Play voice 37 from folder 30]
txt,,だが、せめて諦めることだけはすまい。
scr_cmd,[Show next arrow]
scr_cmd,[Wait for msg click]
scr_cmd,[Play voice 38 from folder 30]
txt,,自らの脚で立ちあがるその時まで。
scr_cmd,[Show next arrow]
scr_cmd,[Wait for msg click]
scr_cmd,[Play voice 39 from folder 30]
txt,,幾百幾千という賢者の原石が、
txt,,人々を照らす灯火と
txt,,なるまで────────
scr_cmd,[Show next arrow]
scr_cmd,[Wait for msg click]
scr_cmd,[ms wait:600]
scr_cmd,[Change Screen: Fadeout then Darken] (4)
scr_cmd,[Script cleanup...] A(0x8000c) B(0x2000003c)
scr_cmd,[Unknown code 1: 0x20000000]
scr_cmd,[Show BG image N(1) S(1)]
scr_cmd,[Show char6with expr0at pos8on delay600]
scr_cmd,[Change Screen: Fadein then Lighten] (3)
scr_cmd,[Make active:8]
txt,,……
scr_cmd,[Show next arrow]
scr_cmd,[Wait for msg click]
scr_cmd,[Show char115with expr0at pos7on delay600]
scr_cmd,[Make active:7]
txt,,あら〜
txt,,あなたはやっぱり、
txt,,剣だけで終わる器ではないですわね〜
scr_cmd,[Show next arrow]
scr_cmd,[Wait for msg click]
scr_cmd,[Make active:8]
scr_cmd,[Erase text]
txt,,シェリル。
scr_cmd,[Show next arrow]
scr_cmd,[Wait for msg click]
scr_cmd,[Make active:7]
scr_cmd,[Erase text]
txt,,その情熱を、たまには、
txt,,なにか違うものに向けてごらんなさいな。
txt,,そしたら、今まで見えなかったことが、
txt,,見えるようになるって思うの。
scr_cmd,[Show next arrow]
scr_cmd,[Wait for msg click]
scr_cmd,[Make active:8]
scr_cmd,[Erase text]
txt,,……
scr_cmd,[Show next arrow]
scr_cmd,[Wait for msg click]
scr_cmd,[Make active:7]
scr_cmd,[Erase text]
txt,,つまるところ、
txt,,わたしたちが置かれてる状況も、
txt,,よくなっていたかも知れないですわ。
scr_cmd,[Show next arrow]
scr_cmd,[Wait for msg click]
scr_cmd,[Make active:8]
scr_cmd,[Erase text]
txt,,？
scr_cmd,[Show next arrow]
scr_cmd,[Wait for msg click]
scr_cmd,[Make active:7]
scr_cmd,[Erase text]
txt,,囲まれていますわよ、わたしたち。
scr_cmd,[Show next arrow]
scr_cmd,[Wait for msg click]
scr_cmd,[Make active:8]
scr_cmd,[Erase text]
txt,,……ほう。
scr_cmd,[Show next arrow]
scr_cmd,[Wait for msg click]
scr_cmd,[ms wait:600]
scr_cmd,[Change Screen: Fadeout then Darken] (4)
scr_cmd,[Script cleanup...] A(0x8000c) B(0x2000003c)
scr_cmd,[END SCENE]
