scr_cmd,[Change Screen: Darken ] (0)
scr_cmd,[Unknown code 1: 0x20000000]
scr_cmd,[Play BGM #12]
scr_cmd,[Show BG image N(119) S(1)]
scr_cmd,[Show char108with expr0at pos7on delay600]
scr_cmd,[Change Screen: Fadein then Lighten] (3)
scr_cmd,[Make active:7]
txt,,良いのだな、シュナイドラ。
scr_cmd,[Show next arrow]
scr_cmd,[Wait for msg click]
scr_cmd,[Show char112with expr0at pos8on delay600]
scr_cmd,[Make active:8]
txt,,は……
scr_cmd,[Show next arrow]
scr_cmd,[Wait for msg click]
scr_cmd,[Make active:7]
scr_cmd,[Erase text]
txt,,……
scr_cmd,[Show char106with expr0at pos9on delay600]
scr_cmd,[Make active:9]
txt,,賢者の円卓が身を寄せるのに、
txt,,これより相応しい場所を知らぬゆえ。
txt,,厄介になる。
scr_cmd,[Show next arrow]
scr_cmd,[Wait for msg click]
scr_cmd,[Make active:8]
scr_cmd,[Erase text]
txt,,レイバン＝ゴウトバッファ様。
txt,,学院長代行にして、
txt,,麗しき物見の長におかれましては、
txt,,ご無事でなによりにございます。
scr_cmd,[Show next arrow]
scr_cmd,[Wait for msg click]
scr_cmd,[Erase text]
scr_cmd,[Make active:9]
scr_cmd,[Erase text]
txt,,……
scr_cmd,[Make active:8]
txt,,わだつみの長、ネフ＝ドナ様。
txt,,扉の長、バウベス＝フォアトッド様。
txt,,石積みの長、バルボ＝アドラース様。
txt,,こうして物見の尖塔にお迎えできたことを、
txt,,嬉しく思います。
scr_cmd,[Show next arrow]
scr_cmd,[Wait for msg click]
scr_cmd,[Make active:9]
scr_cmd,[Erase text]
txt,,……
scr_cmd,[Make active:7]
scr_cmd,[Erase text]
scr_cmd,[Change id 7 to character 109 with expr 0]
scr_cmd,[Unknown code 2]
scr_cmd,[Make active:7]
txt,,ご苦労。
txt,,聖セヴィエスはどうか。
scr_cmd,[Show next arrow]
scr_cmd,[Wait for msg click]
scr_cmd,[Make active:8]
scr_cmd,[Erase text]
txt,,ご存知の通り……
txt,,闇の導き手、
txt,,漆黒のナビロス＝ルシフージュは、
txt,,混沌を擁護するに至り、
txt,,自ら縛鎖につながれました。
scr_cmd,[Show next arrow]
scr_cmd,[Wait for msg click]
scr_cmd,[Erase text]
scr_cmd,[Make active:7]
scr_cmd,[Erase text]
txt,,……
scr_cmd,[Make active:8]
txt,,その子らは、
txt,,沈思の聖堂にて捕縛、暗厳の牢獄に。
txt,,哀れなものです。
txt,,師が混沌を導いたとも知らずに。
scr_cmd,[Show next arrow]
scr_cmd,[Wait for msg click]
scr_cmd,[Make active:9]
scr_cmd,[Erase text]
scr_cmd,[Change id 9 to character 107 with expr 0]
scr_cmd,[Unknown code 2]
scr_cmd,[Make active:9]
txt,,……
scr_cmd,[Show next arrow]
scr_cmd,[Wait for msg click]
scr_cmd,[Make active:8]
scr_cmd,[Erase text]
txt,,……
scr_cmd,[Make active:7]
scr_cmd,[Erase text]
txt,,……混沌は、闇にありき。
txt,,聖セヴィエスの
txt,,総裁ナビロス＝ルシフージュが、
txt,,這い出し者どもを導いた。
txt,,それでいいのだな？
scr_cmd,[Show next arrow]
scr_cmd,[Wait for msg click]
scr_cmd,[Make active:8]
scr_cmd,[Erase text]
txt,,混沌を払うことを拒む沈黙こそ、
txt,,なによりの証。
scr_cmd,[Show next arrow]
scr_cmd,[Wait for msg click]
scr_cmd,[Make active:7]
scr_cmd,[Erase text]
txt,,……
scr_cmd,[Make active:9]
scr_cmd,[Erase text]
scr_cmd,[Change id 9 to character 106 with expr 0]
scr_cmd,[Unknown code 2]
scr_cmd,[Make active:9]
txt,,……
scr_cmd,[Show next arrow]
scr_cmd,[Wait for msg click]
scr_cmd,[Make active:8]
scr_cmd,[Erase text]
txt,,ナビロスの師、
txt,,沈黙の長ジルメア＝ファンヴァトゥークも
txt,,また……
txt,,静寂の都、聖者の墳墓にて、口を閉じたとか。
txt,,まあ、あの方はいつも通りに過ぎませんか。
scr_cmd,[Show next arrow]
scr_cmd,[Wait for msg click]
scr_cmd,[Make active:9]
scr_cmd,[Erase text]
txt,,四賢使の御名をもって、
txt,,其を貶める物言いは慎まぬか！！
scr_cmd,[Show next arrow]
scr_cmd,[Wait for msg click]
scr_cmd,[Make active:8]
scr_cmd,[Erase text]
txt,,……
scr_cmd,[Make active:7]
scr_cmd,[Erase text]
scr_cmd,[Change id 7 to character 108 with expr 0]
scr_cmd,[Unknown code 2]
scr_cmd,[Make active:7]
txt,,……
scr_cmd,[Show next arrow]
scr_cmd,[Wait for msg click]
scr_cmd,[Make active:9]
scr_cmd,[Erase text]
txt,,……
scr_cmd,[Make active:8]
scr_cmd,[Erase text]
txt,,……異論があるならば、
txt,,申し開きの場を求めるはず。
txt,,弁論を成す者もなく、孤立にして無援。
txt,,沈黙の意味するところ、
txt,,答えは出ているかと存じます。
scr_cmd,[Show next arrow]
scr_cmd,[Wait for msg click]
scr_cmd,[Make active:9]
scr_cmd,[Erase text]
txt,,安易には定められぬぞ、シュナイドラ。
txt,,聖セヴィエスに名を連ねた者のある限り……
txt,,我ら円卓は沈黙も越えて、
txt,,双方の言い分を聞きたい。
scr_cmd,[Show next arrow]
scr_cmd,[Wait for msg click]
scr_cmd,[Make active:8]
scr_cmd,[Erase text]
txt,,無論です。
txt,,最後の代弁は、
txt,,聖セヴィエスの補佐官がこれにあたります。
scr_cmd,[Show next arrow]
scr_cmd,[Wait for msg click]
scr_cmd,[Make active:8]
scr_cmd,[Erase text]
txt,,……
scr_cmd,[Make active:9]
scr_cmd,[Erase text]
scr_cmd,[Change id 9 to character 106 with expr 0]
scr_cmd,[Unknown code 2]
scr_cmd,[Make active:9]
txt,,シェリル＝ジェノワース……
txt,,余程の覚悟であろうな。
scr_cmd,[Show next arrow]
scr_cmd,[Wait for msg click]
scr_cmd,[ms wait:600]
scr_cmd,[Change Screen: Fadeout then Darken] (4)
scr_cmd,[Script cleanup...] A(0x8000c) B(0x2000001e)
scr_cmd,[Show BG image N(119) S(1)]
scr_cmd,[Show char115with expr0at pos7on delay600]
scr_cmd,[Change Screen: Fadein then Lighten] (3)
scr_cmd,[Make active:7]
txt,,……ロイヤル・センテで衰えたとはいえ、
txt,,誇りある四大の聖セヴィエス。
txt,,邪悪なる道を開き、混沌を招いたとするは、
txt,,あまりに無体にございますまいか。
scr_cmd,[Show next arrow]
scr_cmd,[Wait for msg click]
scr_cmd,[Show char112with expr0at pos8on delay600]
scr_cmd,[Make active:8]
txt,,それを覆したくば……
txt,,ナビロス殿の沈黙を汲み、想いを紡ぎなさい。
scr_cmd,[Show next arrow]
scr_cmd,[Wait for msg click]
scr_cmd,[Make active:7]
scr_cmd,[Erase text]
txt,,……
scr_cmd,[Show char107with expr0at pos9on delay600]
scr_cmd,[Make active:9]
txt,,……
scr_cmd,[Show next arrow]
scr_cmd,[Wait for msg click]
scr_cmd,[Make active:8]
scr_cmd,[Erase text]
txt,,……
scr_cmd,[Make active:9]
scr_cmd,[Erase text]
scr_cmd,[Change id 9 to character 106 with expr 0]
scr_cmd,[Unknown code 2]
scr_cmd,[Make active:9]
txt,,……
scr_cmd,[Show next arrow]
scr_cmd,[Wait for msg click]
scr_cmd,[Make active:7]
scr_cmd,[Erase text]
txt,,それは……
scr_cmd,[Show next arrow]
scr_cmd,[Wait for msg click]
scr_cmd,[Make active:8]
scr_cmd,[Erase text]
txt,,それは？
scr_cmd,[Show next arrow]
scr_cmd,[Wait for msg click]
scr_cmd,[Make active:7]
scr_cmd,[Erase text]
txt,,わたしは……
txt,,わたしは聖セヴィエスの総裁を
txt,,補佐する身として……
txt,,ナビロス様のその行い、その沈黙に、
txt,,一片の疑いもありません！！！
scr_cmd,[Show next arrow]
scr_cmd,[Wait for msg click]
scr_cmd,[Make active:8]
scr_cmd,[Erase text]
txt,,……
scr_cmd,[Make active:9]
scr_cmd,[Erase text]
scr_cmd,[Change id 9 to character 108 with expr 0]
scr_cmd,[Unknown code 2]
scr_cmd,[Make active:9]
txt,,それが意味するところを、そなた、
txt,,わかっておろうな。
txt,,エルメナスに害をもたらした咎を、
txt,,聖セヴィエスが一身に受けるということぞ。
scr_cmd,[Show next arrow]
scr_cmd,[Wait for msg click]
scr_cmd,[Make active:7]
scr_cmd,[Erase text]
txt,,……バルボ様。
txt,,聖セヴィエスを担った聖騎士のあなたが、
txt,,なぜ？
scr_cmd,[Show next arrow]
scr_cmd,[Wait for msg click]
scr_cmd,[Make active:9]
scr_cmd,[Erase text]
txt,,たしかに。
txt,,ジルメア様を尊敬していたかった。
txt,,ナビロスを友と思いたかった。
txt,,だが、混沌を赦すことだけはできん。
scr_cmd,[Show next arrow]
scr_cmd,[Wait for msg click]
scr_cmd,[Make active:7]
scr_cmd,[Erase text]
txt,,ナビロス様が後を継いだことを、
txt,,あなたは今も……
scr_cmd,[Show next arrow]
scr_cmd,[Wait for msg click]
scr_cmd,[Make active:9]
scr_cmd,[Erase text]
txt,,言うな！！
txt,,汚らわしい闇の導き手が、
txt,,聖セヴィエスを狂わした。
scr_cmd,[Show next arrow]
scr_cmd,[Wait for msg click]
scr_cmd,[Erase text]
scr_cmd,[Make active:7]
scr_cmd,[Erase text]
txt,,……
scr_cmd,[Make active:9]
txt,,やはり、
txt,,ロイヤル・センテが混沌に堕ちたのも、
txt,,闇の邪悪がすべての根源に違いない！！
scr_cmd,[Show next arrow]
scr_cmd,[Wait for msg click]
scr_cmd,[Make active:7]
scr_cmd,[Erase text]
txt,,石積みの長の名を冠すあなたが、
txt,,なんという……
scr_cmd,[Show next arrow]
scr_cmd,[Wait for msg click]
scr_cmd,[Make active:9]
scr_cmd,[Erase text]
txt,,……
scr_cmd,[Show next arrow]
scr_cmd,[Wait for msg click]
scr_cmd,[Make active:7]
scr_cmd,[Erase text]
txt,,ひとかどの賢者の成した
txt,,真意を慮らずして……
txt,,なんのための賢者の円卓にあられるや！？
scr_cmd,[Show next arrow]
scr_cmd,[Wait for msg click]
scr_cmd,[Make active:9]
scr_cmd,[Erase text]
txt,,その言、看過ならぬ。
txt,,よもや貴殿、すでに混沌に心奪われたか。
txt,,エルメナスを守らずして、
txt,,なんのための賢者という！？
scr_cmd,[Show next arrow]
scr_cmd,[Wait for msg click]
scr_cmd,[Make active:7]
scr_cmd,[Erase text]
txt,,されば、ともに歩んだ同胞を守らぬは……
txt,,これ賢者にあらざるや否や！？
scr_cmd,[Show next arrow]
scr_cmd,[Wait for msg click]
scr_cmd,[Make active:9]
scr_cmd,[Erase text]
txt,,乱心したか、シェリル＝ジェノワース。
txt,,貴殿にそれを問う資格はない！
scr_cmd,[Show next arrow]
scr_cmd,[Wait for msg click]
scr_cmd,[Make active:7]
scr_cmd,[Erase text]
txt,,なんと卑劣な……！
txt,,それをお決めになられたのはどなたです！？
txt,,なぜ、お答えになられない！？
scr_cmd,[Show next arrow]
scr_cmd,[Wait for msg click]
scr_cmd,[Make active:9]
scr_cmd,[Erase text]
txt,,沈黙は貴殿のよく知るところではないか！！
scr_cmd,[Show next arrow]
scr_cmd,[Wait for msg click]
scr_cmd,[Make active:7]
scr_cmd,[Erase text]
txt,,！！！
scr_cmd,[Show next arrow]
scr_cmd,[Wait for msg click]
scr_cmd,[Make active:9]
scr_cmd,[Erase text]
txt,,ばかめ、返す言葉もあるまいに……
scr_cmd,[Show next arrow]
scr_cmd,[Wait for msg click]
scr_cmd,[Make active:7]
scr_cmd,[Erase text]
txt,,……
txt,,聖セヴィエスの説く沈思を……
txt,,望まぬ問いゆえの沈黙とお考えであられるか。
scr_cmd,[Show next arrow]
scr_cmd,[Wait for msg click]
scr_cmd,[Make active:9]
scr_cmd,[Erase text]
txt,,……
scr_cmd,[Show next arrow]
scr_cmd,[Wait for msg click]
scr_cmd,[Make active:7]
scr_cmd,[Erase text]
txt,,……
scr_cmd,[Show next arrow]
scr_cmd,[Wait for msg click]
scr_cmd,[Make active:8]
scr_cmd,[Erase text]
scr_cmd,[Change id 8 to character 109 with expr 0]
scr_cmd,[Unknown code 2]
scr_cmd,[Make active:8]
txt,,聖セヴィエス補佐官、
txt,,シェリル＝ジェノワース。
txt,,闇を持ちて混沌を招き、
txt,,エルメナスの名を汚した疑い、
txt,,それさえも罪深い。
scr_cmd,[Show next arrow]
scr_cmd,[Wait for msg click]
scr_cmd,[Erase text]
scr_cmd,[Make active:8]
txt,,真摯に罪を悔い、黙して罰を容れよ。
scr_cmd,[Show next arrow]
scr_cmd,[Wait for msg click]
scr_cmd,[Make active:8]
scr_cmd,[Erase text]
scr_cmd,[Change id 8 to character 106 with expr 0]
scr_cmd,[Unknown code 2]
scr_cmd,[Make active:8]
txt,,……
scr_cmd,[Show next arrow]
scr_cmd,[Wait for msg click]
scr_cmd,[Make active:7]
scr_cmd,[Erase text]
txt,,……
txt,,どうぞ私から、すべてをお奪いください。
txt,,恐れ多くも、
txt,,等しく賢者と呼ばれるだけでもおぞましい。
scr_cmd,[Show next arrow]
scr_cmd,[Wait for msg click]
scr_cmd,[Make active:9]
scr_cmd,[Erase text]
txt,,貴殿……
txt,,置かれた立場がわかっておらんようだな。
scr_cmd,[Show next arrow]
scr_cmd,[Wait for msg click]
scr_cmd,[Make active:7]
scr_cmd,[Erase text]
txt,,言ったはずです。
txt,,奪えるものがあるならば、
txt,,すべてをお奪いなさい。
txt,,けれど私の心までは奪えない。
scr_cmd,[Show next arrow]
scr_cmd,[Wait for msg click]
scr_cmd,[Erase text]
scr_cmd,[Make active:9]
scr_cmd,[Erase text]
txt,,……
scr_cmd,[Make active:7]
txt,,聖セヴィエスに生きた証を、
txt,,あなたは奪えない。
scr_cmd,[Show next arrow]
scr_cmd,[Wait for msg click]
scr_cmd,[Make active:9]
scr_cmd,[Erase text]
txt,,……
scr_cmd,[Show next arrow]
scr_cmd,[Wait for msg click]
scr_cmd,[Make active:7]
scr_cmd,[Erase text]
txt,,……
scr_cmd,[Make active:8]
scr_cmd,[Erase text]
scr_cmd,[Change id 8 to character 112 with expr 0]
scr_cmd,[Unknown code 2]
scr_cmd,[Make active:8]
txt,,あなたの言ひとつで、
txt,,沈思の聖堂を救うこともできようものを。
scr_cmd,[Show next arrow]
scr_cmd,[Wait for msg click]
scr_cmd,[Make active:7]
scr_cmd,[Erase text]
txt,,我が師の名に懸けて、幻惑の言霊よ去れ……
scr_cmd,[Show next arrow]
scr_cmd,[Wait for msg click]
scr_cmd,[Make active:8]
scr_cmd,[Erase text]
txt,,……
scr_cmd,[Make active:9]
scr_cmd,[Erase text]
txt,,……すべては奪えんと言ったな。
txt,,聖セヴィエスが焼け落ちるのを見て、
txt,,それでも構わぬと言うか。
txt,,子供たちが泣き叫び、蹂躙される様も、
txt,,耐えると言うか。
scr_cmd,[Show next arrow]
scr_cmd,[Wait for msg click]
scr_cmd,[Erase text]
scr_cmd,[Make active:7]
scr_cmd,[Erase text]
txt,,……
scr_cmd,[Make active:9]
txt,,であるならば、まさにそれこそが、
txt,,混沌を招く闇の烙印を捺された動かぬ証。
scr_cmd,[Show next arrow]
scr_cmd,[Wait for msg click]
scr_cmd,[Make active:7]
scr_cmd,[Erase text]
txt,,……
scr_cmd,[Show next arrow]
scr_cmd,[Wait for msg click]
scr_cmd,[Make active:9]
scr_cmd,[Erase text]
txt,,……
scr_cmd,[Make active:8]
scr_cmd,[Erase text]
scr_cmd,[Change id 8 to character 109 with expr 0]
scr_cmd,[Unknown code 2]
scr_cmd,[Make active:8]
txt,,捕らえよ。
scr_cmd,[Show next arrow]
scr_cmd,[Wait for msg click]
scr_cmd,[Make active:8]
scr_cmd,[Erase text]
scr_cmd,[Change id 8 to character 116 with expr 0]
scr_cmd,[Unknown code 2]
scr_cmd,[Make active:8]
txt,,待たれよ、長の方々。
txt,,シェリル＝ジェノワースに叛意あらず。
txt,,不肖ジェライト＝ロバリー。
txt,,この名に懸けて、偽りは語り申さず。
scr_cmd,[Show next arrow]
scr_cmd,[Wait for msg click]
scr_cmd,[Make active:9]
scr_cmd,[Erase text]
txt,,ロバリー。
txt,,賢者くずれがなにを……
scr_cmd,[Show next arrow]
scr_cmd,[Wait for msg click]
scr_cmd,[Make active:8]
scr_cmd,[Erase text]
txt,,聖セヴィエスの美しき導き手には、
txt,,手出し一切無用。
txt,,このお嬢さんの代わりは、オレが務める。
txt,,捕らえるならこの出来損ないで
txt,,我慢しておくんだな、バルボ。
scr_cmd,[Show next arrow]
scr_cmd,[Wait for msg click]
scr_cmd,[Make active:9]
scr_cmd,[Erase text]
txt,,貴様……
scr_cmd,[Show next arrow]
scr_cmd,[Wait for msg click]
scr_cmd,[Make active:8]
scr_cmd,[Erase text]
txt,,……
scr_cmd,[Make active:7]
scr_cmd,[Erase text]
txt,,いけません、ロバリー卿。
scr_cmd,[Show next arrow]
scr_cmd,[Wait for msg click]
scr_cmd,[Make active:9]
scr_cmd,[Erase text]
txt,,……
scr_cmd,[Make active:8]
scr_cmd,[Erase text]
txt,,……
txt,,あんた、昔っからそうだ。
txt,,そうやってぜんぶ背負い込んじまう。
scr_cmd,[Show next arrow]
scr_cmd,[Wait for msg click]
scr_cmd,[Make active:7]
scr_cmd,[Erase text]
txt,,……
scr_cmd,[Show next arrow]
scr_cmd,[Wait for msg click]
scr_cmd,[Make active:8]
scr_cmd,[Erase text]
txt,,いつも良くしてもらったっけな。
txt,,誰もがオレから目を背ける時に限って、
txt,,あんたは傍にいてくれた。
scr_cmd,[Show next arrow]
scr_cmd,[Wait for msg click]
scr_cmd,[Make active:7]
scr_cmd,[Erase text]
txt,,それは……
scr_cmd,[Show next arrow]
scr_cmd,[Wait for msg click]
scr_cmd,[Make active:8]
scr_cmd,[Erase text]
txt,,あいつの友だから。
txt,,そう、それだけでいいんだ。
scr_cmd,[Show next arrow]
scr_cmd,[Wait for msg click]
scr_cmd,[Make active:7]
scr_cmd,[Erase text]
txt,,ロバリー卿。
scr_cmd,[Show next arrow]
scr_cmd,[Wait for msg click]
scr_cmd,[Make active:8]
scr_cmd,[Erase text]
txt,,あいつは良い後輩を持った。
txt,,いや、あんたがあいつに応えたからかもな。
txt,,なら、あんたがあるべきは、
txt,,暗い牢獄でもなければ、
txt,,あさましい責め苦の喘ぎでもない。
scr_cmd,[Show next arrow]
scr_cmd,[Wait for msg click]
scr_cmd,[Erase text]
scr_cmd,[Make active:7]
scr_cmd,[Erase text]
txt,,……
scr_cmd,[Make active:8]
txt,,今はあいつの傍にいてやってくれ。
scr_cmd,[Show next arrow]
scr_cmd,[Wait for msg click]
scr_cmd,[Make active:7]
scr_cmd,[Erase text]
txt,,……それなら、むしろあなたが。
scr_cmd,[Show next arrow]
scr_cmd,[Wait for msg click]
scr_cmd,[Make active:8]
scr_cmd,[Erase text]
txt,,こんな馬鹿弟子が戻ったら、
txt,,デネヒアのじじい、倒れっちまうよ。
txt,,その点あんたなら、喜ばれることに疑いなし。
scr_cmd,[Show next arrow]
scr_cmd,[Wait for msg click]
scr_cmd,[Make active:7]
scr_cmd,[Erase text]
txt,,……
scr_cmd,[Show next arrow]
scr_cmd,[Wait for msg click]
scr_cmd,[Make active:8]
scr_cmd,[Erase text]
txt,,さて。
txt,,この名にかける誓いだ。
txt,,ナビロス様との名では釣合も取れまいが……
txt,,賢者の円卓と言えど、
txt,,今度ばかりは聞き届けてもらうぞ……！
scr_cmd,[Show next arrow]
scr_cmd,[Wait for msg click]
scr_cmd,[Make active:9]
scr_cmd,[Erase text]
txt,,後悔するなよ、ロバリー。
scr_cmd,[Show next arrow]
scr_cmd,[Wait for msg click]
scr_cmd,[Make active:8]
scr_cmd,[Erase text]
txt,,すべてを捧げるに相応しい。
txt,,なにを悔やむものかよ。
scr_cmd,[Show next arrow]
scr_cmd,[Wait for msg click]
scr_cmd,[Make active:9]
scr_cmd,[Erase text]
txt,,強がるのも今のうちだ。
txt,,いずれ独り縛鎖に繋がれ、
txt,,精も魂も尽き果てる。
scr_cmd,[Show next arrow]
scr_cmd,[Wait for msg click]
scr_cmd,[Make active:8]
scr_cmd,[Erase text]
txt,,ぬかせ。
txt,,ここでオマエを捻じ伏せないのはな、いいか。
txt,,いつになるかは知らんがな、
txt,,オレが晴れて自由になって。
scr_cmd,[Show next arrow]
scr_cmd,[Wait for msg click]
scr_cmd,[Erase text]
scr_cmd,[Make active:9]
scr_cmd,[Erase text]
txt,,……
scr_cmd,[Make active:8]
txt,,僭越ながらオマエの邪悪を
txt,,暴いてさしあげてだな、
txt,,それで思いっきりぶちのめすためだぜ。
scr_cmd,[Show next arrow]
scr_cmd,[Wait for msg click]
scr_cmd,[Make active:9]
scr_cmd,[Erase text]
txt,,……
txt,,連れて行け。
scr_cmd,[Show next arrow]
scr_cmd,[Wait for msg click]
scr_cmd,[Make active:8]
scr_cmd,[Erase text]
txt,,シェリル＝ジェノワース。
txt,,オレのことは気にしてくれるなよ？
txt,,これは、オレが望んですることだ。
scr_cmd,[Show next arrow]
scr_cmd,[Wait for msg click]
scr_cmd,[Make active:9]
scr_cmd,[Erase text]
txt,,……
scr_cmd,[Make active:7]
scr_cmd,[Erase text]
txt,,ロバリー卿……
scr_cmd,[Show next arrow]
scr_cmd,[Wait for msg click]
scr_cmd,[Make active:8]
scr_cmd,[Erase text]
txt,,明るい顔で、あんたの故郷に帰んな。
txt,,あんたでなきゃ導いてやれない子がいる。
txt,,あんたを必要としているやつがいる。
txt,,あんたでなきゃ伝えられないことを、
txt,,がんばって伝えてくれ。
scr_cmd,[Show next arrow]
scr_cmd,[Wait for msg click]
scr_cmd,[Make active:7]
scr_cmd,[Erase text]
txt,,……はい。
scr_cmd,[Show next arrow]
scr_cmd,[Wait for msg click]
scr_cmd,[Make active:8]
scr_cmd,[Erase text]
txt,,なに、このくだらない賢者ごっこには、
txt,,いい加減飽き飽きだったんだ。
txt,,ちょいと暗がりでゆったりしてくらあ。
scr_cmd,[Show next arrow]
scr_cmd,[Wait for msg click]
scr_cmd,[ms wait:600]
scr_cmd,[Change Screen: Fadeout then Darken] (4)
scr_cmd,[Script cleanup...] A(0x8000c) B(0x2000003c)
scr_cmd,[END SCENE]
