scr_cmd,[Change Screen: Darken ] (0)
scr_cmd,[Unknown code 1: 0x20000000]
scr_cmd,[Show BG image N(1) S(1)]
scr_cmd,[Change Screen: Fadein then Lighten] (3)
scr_cmd,[ms wait:600]
scr_cmd,[Show char0with expr0at pos7on delay600]
scr_cmd,[Make active:7]
txt,,北壁の雪花を煎じ損ねてこの様か。
txt,,学び舎の七哲が聞いて呆れる。
scr_cmd,[Show next arrow]
scr_cmd,[Wait for msg click]
scr_cmd,[Show char0with expr0at pos8on delay600]
scr_cmd,[Make active:8]
txt,,知っているか？
txt,,エルメナスに潜む邪悪を。
scr_cmd,[Show next arrow]
scr_cmd,[Wait for msg click]
scr_cmd,[Make active:7]
scr_cmd,[Erase text]
txt,,……
scr_cmd,[Show char0with expr0at pos9on delay600]
scr_cmd,[Make active:9]
txt,,這い出し者どもではないぞ。
txt,,人の皮を被った悪魔が、
txt,,いつのまにか跋扈するようになった。
txt,,エルメナスも変わった。
scr_cmd,[Show next arrow]
scr_cmd,[Wait for msg click]
scr_cmd,[Make active:8]
scr_cmd,[Erase text]
txt,,……
scr_cmd,[Make active:7]
scr_cmd,[Erase text]
txt,,真にエルメナスを憂れう者は、世界に旅立つ。
txt,,そういうものだからな。
scr_cmd,[Show next arrow]
scr_cmd,[Wait for msg click]
scr_cmd,[ms wait:600]
scr_cmd,[Change Screen: Fadeout then Darken] (4)
scr_cmd,[Script cleanup...] A(0x8000c) B(0x2000003c)
scr_cmd,[END SCENE]
