scr_cmd,[Change Screen: Darken ] (0)
scr_cmd,[Unknown code 1: 0x20000000]
scr_cmd,[Show BG image N(1) S(1)]
scr_cmd,[Show char10with expr0at pos7on delay600]
scr_cmd,[Change Screen: Fadein then Lighten] (3)
scr_cmd,[Make active:7]
txt,,……
scr_cmd,[Show next arrow]
scr_cmd,[Wait for msg click]
scr_cmd,[Show char3with expr0at pos8on delay600]
scr_cmd,[Make active:8]
txt,,……
scr_cmd,[Show next arrow]
scr_cmd,[Wait for msg click]
scr_cmd,[Show char112with expr0at pos9on delay600]
scr_cmd,[Make active:9]
txt,,……
scr_cmd,[Show next arrow]
scr_cmd,[Wait for msg click]
scr_cmd,[Make active:7]
scr_cmd,[Erase text]
scr_cmd,[Change id 7 to character 12 with expr 0]
scr_cmd,[Unknown code 2]
scr_cmd,[Make active:7]
txt,,……
scr_cmd,[Show next arrow]
scr_cmd,[Wait for msg click]
scr_cmd,[Make active:9]
scr_cmd,[Erase text]
scr_cmd,[Change box 9 to 4 and change chr 255 expression 255]
scr_cmd,Error: Unknown code:0xc0018
scr_cmd,Error: Unknown code:0x20000004
scr_cmd,Error: Unknown code:0x20000001
scr_cmd,[Make active:4]
txt,,……やるぞ。
scr_cmd,[Show next arrow]
scr_cmd,[Wait for msg click]
scr_cmd,[Make active:7]
scr_cmd,[Erase text]
scr_cmd,[Change id 7 to character 10 with expr 0]
scr_cmd,[Unknown code 2]
scr_cmd,[Make active:7]
txt,,はい！！
scr_cmd,[Make active:8]
scr_cmd,[Erase text]
txt,,はい！！
scr_cmd,[Show next arrow]
scr_cmd,[Wait for msg click]
scr_cmd,[Erase text]
scr_cmd,[Make active:4]
scr_cmd,[Erase text]
txt,,……
scr_cmd,[Make active:7]
scr_cmd,[Erase text]
scr_cmd,[Change id 7 to character 112 with expr 0]
scr_cmd,[Change id 8 to character 12 with expr 0]
scr_cmd,[Unknown code 2]
scr_cmd,[Make active:7]
txt,,はい！！
scr_cmd,[Make active:8]
txt,,はい！！
scr_cmd,[Show next arrow]
scr_cmd,[Wait for msg click]
scr_cmd,[Make active:7]
scr_cmd,[Erase text]
scr_cmd,[Make active:8]
scr_cmd,[Erase text]
txt,,……
scr_cmd,[Change id 7 to character 121 with expr 0]
scr_cmd,[Unknown code 2]
scr_cmd,[Make active:7]
txt,,十分な時間をありがとう、諸君。
txt,,滅びの帝は、まもなく参られる。
txt,,絶望に暮れながら、残された時間を、
txt,,せめて大切にするのだな。
scr_cmd,[Show next arrow]
scr_cmd,[Wait for msg click]
scr_cmd,[Make active:4]
scr_cmd,[Erase text]
txt,,……遅かったか。
scr_cmd,[Show next arrow]
scr_cmd,[Wait for msg click]
scr_cmd,[ms wait:600]
scr_cmd,[Change Screen: Fadeout then Darken] (4)
scr_cmd,[Script cleanup...] A(0x8000c) B(0x2000003c)
scr_cmd,[END SCENE]
