scr_cmd,[Change Screen: Darken ] (0)
scr_cmd,[Unknown code 1: 0x20000000]
scr_cmd,[Show BG image N(8) S(1)]
scr_cmd,[Open nameless msg box at %4](0x2fffffff2fffffff)
scr_cmd,[Change Screen: Fadein then Lighten] (3)
scr_cmd,[Make active:4]
txt,,どう思う？
scr_cmd,[Show next arrow]
scr_cmd,[Wait for msg click]
scr_cmd,[Show char115with expr0at pos8on delay600]
scr_cmd,[Make active:8]
txt,,……ユアンの滝がざわめいているのは、
txt,,事実です。
scr_cmd,[Show next arrow]
scr_cmd,[Wait for msg click]
scr_cmd,[Make active:4]
scr_cmd,[Erase text]
txt,,……
scr_cmd,[Show char110with expr0at pos7on delay600]
scr_cmd,[Make active:7]
txt,,キャロットの通ってきた道に重なるね。
scr_cmd,[Show next arrow]
scr_cmd,[Wait for msg click]
scr_cmd,[Make active:8]
scr_cmd,[Erase text]
txt,,這い出し者は、水脈をも道とします。
txt,,ユアンは水脈の集う地。
txt,,抑えておけば、
txt,,後の憂いにはならないかと……
scr_cmd,[Show next arrow]
scr_cmd,[Wait for msg click]
scr_cmd,[Make active:7]
scr_cmd,[Erase text]
txt,,水編みがそう言うのなら。
txt,,救うべき少女も、そこにいるに違いない。
scr_cmd,[Show next arrow]
scr_cmd,[Wait for msg click]
scr_cmd,[Make active:8]
scr_cmd,[Erase text]
txt,,……
scr_cmd,[Make active:4]
scr_cmd,[Erase text]
txt,,……やってみるとしましょう。
scr_cmd,[Show next arrow]
scr_cmd,[Wait for msg click]
scr_cmd,[ms wait:600]
scr_cmd,[Change Screen: Fadeout then Darken] (4)
scr_cmd,[Script cleanup...] A(0x8000c) B(0x2000003c)
scr_cmd,[END SCENE]
