scr_cmd,[Change Screen: Darken ] (0)
scr_cmd,[Unknown code 1: 0x20000001]
scr_cmd,[Play BGM #22]
scr_cmd,[Show BG image N(10) S(1)]
scr_cmd,[Show char3with expr0at pos5on delay600]
scr_cmd,[Change Screen: Fadein then Lighten] (3)
scr_cmd,[Make active:5]
scr_cmd,[Play voice 0 from folder 104]
txt,,卒業生、答辞。
scr_cmd,[Show next arrow]
scr_cmd,[Wait for msg click]
scr_cmd,[Show char7with expr0at pos6on delay600]
scr_cmd,[Make active:6]
scr_cmd,[Play voice 1 from folder 104]
txt,,冬の去った学び舎、舞う鳥の啼く蒼空、
txt,,天の御恵に浴する今日この日。
scr_cmd,[Show next arrow]
scr_cmd,[Wait for msg click]
scr_cmd,[Play voice 2 from folder 104]
txt,,草の緑も萌え出でて、優しくこの足を包む。
scr_cmd,[Show next arrow]
scr_cmd,[Wait for msg click]
scr_cmd,[Make active:5]
scr_cmd,[Erase text]
scr_cmd,[Change id 5 to character 4 with expr 0]
scr_cmd,[Unknown code 2]
scr_cmd,[Make active:5]
scr_cmd,[Play voice 3 from folder 104]
txt,,今思い返します。
scr_cmd,[Show next arrow]
scr_cmd,[Wait for msg click]
scr_cmd,[Play voice 4 from folder 104]
txt,,そう、誰もが聞いてすぐに微笑んでくれる、
txt,,そんな楽しい思い出は、
txt,,わたしたちにはありませんでした。
scr_cmd,[Show next arrow]
scr_cmd,[Wait for msg click]
scr_cmd,[Erase text]
scr_cmd,[Make active:6]
scr_cmd,[Erase text]
txt,,……
scr_cmd,[Make active:5]
scr_cmd,[Play voice 5 from folder 104]
txt,,ただ、日々を追われ、
txt,,腰を下ろして休むことさえなかったこの年月。
scr_cmd,[Show next arrow]
scr_cmd,[Wait for msg click]
scr_cmd,[Erase text]
scr_cmd,[Play voice 6 from folder 104]
txt,,伝説に聞くお祭に賑わうことも、
txt,,合唱祭にこころ打つ間もなく、
txt,,旅といえば、
txt,,戦いの道具を携えての行軍ばかりでした。
scr_cmd,[Show next arrow]
scr_cmd,[Wait for msg click]
scr_cmd,[Make active:6]
scr_cmd,[Erase text]
scr_cmd,[Change id 6 to character 1 with expr 0]
scr_cmd,[Unknown code 2]
scr_cmd,[Make active:6]
scr_cmd,[Play voice 7 from folder 104]
txt,,高鳴る弦を引き絞り、
txt,,研ぎ澄ました魔術を競い、流れる剣を交じえ。
scr_cmd,[Show next arrow]
scr_cmd,[Wait for msg click]
scr_cmd,[Play voice 8 from folder 104]
txt,,でも、それでいい。
scr_cmd,[Show next arrow]
scr_cmd,[Wait for msg click]
scr_cmd,[Play voice 9 from folder 104]
txt,,ううん、それが、良かったんだ。
scr_cmd,[Show next arrow]
scr_cmd,[Wait for msg click]
scr_cmd,[Make active:5]
scr_cmd,[Erase text]
scr_cmd,[Change id 5 to character 5 with expr 0]
scr_cmd,[Unknown code 2]
scr_cmd,[Make active:5]
scr_cmd,[Play voice 10 from folder 104]
txt,,なぜなら、わたしたちは知っている。
scr_cmd,[Show next arrow]
scr_cmd,[Wait for msg click]
scr_cmd,[Make active:6]
scr_cmd,[Erase text]
scr_cmd,[Change id 6 to character 6 with expr 0]
scr_cmd,[Unknown code 2]
scr_cmd,[Make active:6]
scr_cmd,[Play voice 11 from folder 104]
txt,,そこに、学んだ道があることを。
scr_cmd,[Show next arrow]
scr_cmd,[Wait for msg click]
scr_cmd,[Make active:5]
scr_cmd,[Erase text]
scr_cmd,[Change id 5 to character 8 with expr 0]
scr_cmd,[Unknown code 2]
scr_cmd,[Make active:5]
scr_cmd,[Play voice 12 from folder 104]
txt,,素敵な先生が、
txt,,手をとってくれたことを。
scr_cmd,[Show next arrow]
scr_cmd,[Wait for msg click]
scr_cmd,[Make active:6]
scr_cmd,[Erase text]
scr_cmd,[Change id 6 to character 2 with expr 0]
scr_cmd,[Unknown code 2]
scr_cmd,[Make active:6]
scr_cmd,[Play voice 13 from folder 104]
txt,,そして、かけがえのない友達が、
txt,,いまも、微笑んでくれることを。
scr_cmd,[Show next arrow]
scr_cmd,[Wait for msg click]
scr_cmd,[Make active:5]
scr_cmd,[Erase text]
scr_cmd,[Change id 5 to character 9 with expr 0]
scr_cmd,[Unknown code 2]
scr_cmd,[Make active:5]
scr_cmd,[Play voice 14 from folder 104]
txt,,格言好きな、ナビロス先生。
scr_cmd,[Show next arrow]
scr_cmd,[Wait for msg click]
scr_cmd,[Play voice 15 from folder 104]
txt,,その言霊に、何度も頷きました。
scr_cmd,[Show next arrow]
scr_cmd,[Wait for msg click]
scr_cmd,[Erase text]
scr_cmd,[Make active:6]
scr_cmd,[Erase text]
txt,,……
scr_cmd,[Change id 5 to character 3 with expr 0]
scr_cmd,[Unknown code 2]
scr_cmd,[Make active:5]
scr_cmd,[Play voice 16 from folder 104]
txt,,パペッシュ先生。
scr_cmd,[Show next arrow]
scr_cmd,[Wait for msg click]
scr_cmd,[Play voice 17 from folder 104]
txt,,薬草学の講義では、いつもどこかに
txt,,行ってしまわれてばかりでしたね。
scr_cmd,[Show next arrow]
scr_cmd,[Wait for msg click]
scr_cmd,[Make active:6]
scr_cmd,[Erase text]
scr_cmd,[Change id 6 to character 4 with expr 0]
scr_cmd,[Unknown code 2]
scr_cmd,[Make active:6]
scr_cmd,[Play voice 18 from folder 104]
txt,,ロバリー先生、多分、
txt,,いつも言われていると思うのですけれど……
scr_cmd,[Show next arrow]
scr_cmd,[Wait for msg click]
scr_cmd,[Play voice 19 from folder 104]
txt,,お願いですから、これからは、
txt,,もう少しマジメに、
txt,,質問に答えてくださいね？
scr_cmd,[Show next arrow]
scr_cmd,[Wait for msg click]
scr_cmd,[Make active:5]
scr_cmd,[Erase text]
scr_cmd,[Change id 5 to character 8 with expr 0]
scr_cmd,[Unknown code 2]
scr_cmd,[Make active:5]
scr_cmd,[Play voice 20 from folder 104]
txt,,デネヒア老先生。
scr_cmd,[Show next arrow]
scr_cmd,[Wait for msg click]
scr_cmd,[Play voice 21 from folder 104]
txt,,わたしたちの、優しいお爺ちゃん。
scr_cmd,[Show next arrow]
scr_cmd,[Wait for msg click]
scr_cmd,[Play voice 22 from folder 104]
txt,,キビシイ顔に、くしゃくしゃの笑顔、
txt,,凛々しいおひげ、キラキラした瞳。
scr_cmd,[Show next arrow]
scr_cmd,[Wait for msg click]
scr_cmd,[Make active:6]
scr_cmd,[Erase text]
scr_cmd,[Change id 6 to character 5 with expr 0]
scr_cmd,[Unknown code 2]
scr_cmd,[Make active:6]
scr_cmd,[Play voice 23 from folder 104]
txt,,そしてすべての先生へ。
scr_cmd,[Show next arrow]
scr_cmd,[Wait for msg click]
scr_cmd,[Play voice 24 from folder 104]
txt,,ほんとうに、お世話になりました。
scr_cmd,[Show next arrow]
scr_cmd,[Wait for msg click]
scr_cmd,[Make active:5]
scr_cmd,[Erase text]
scr_cmd,[Change id 5 to character 4 with expr 0]
scr_cmd,[Unknown code 2]
scr_cmd,[Make active:5]
scr_cmd,[Play voice 25 from folder 104]
txt,,こんなに素敵なエルメナスを、今、
txt,,思い出にして、わたしたちは旅立ちます。
scr_cmd,[Show next arrow]
scr_cmd,[Wait for msg click]
scr_cmd,[Erase text]
scr_cmd,[Make active:6]
scr_cmd,[Erase text]
txt,,……
scr_cmd,[Make active:5]
scr_cmd,[Play voice 26 from folder 104]
txt,,あれほどに苦しく、辛く、
txt,,楽しいことなんてなかったって、
txt,,どんなに思っても。
scr_cmd,[Show next arrow]
scr_cmd,[Wait for msg click]
scr_cmd,[Play voice 27 from folder 104]
txt,,蘇るのは、胸を打つ光景ばかり。
scr_cmd,[Show next arrow]
scr_cmd,[Wait for msg click]
scr_cmd,[Erase text]
scr_cmd,[Change id 5 to character 3 with expr 0]
scr_cmd,[Unknown code 2]
scr_cmd,[Make active:5]
scr_cmd,[Play voice 28 from folder 104]
txt,,誰しもが、苦しみ、悲しみを背負うと、
txt,,先生は仰った。
scr_cmd,[Show next arrow]
scr_cmd,[Wait for msg click]
scr_cmd,[Play voice 29 from folder 104]
txt,,この道を歩むなら……
scr_cmd,[Show next arrow]
scr_cmd,[Wait for msg click]
scr_cmd,[Play voice 30 from folder 104]
txt,,苦しいこともある。
scr_cmd,[Show next arrow]
scr_cmd,[Wait for msg click]
scr_cmd,[Play voice 31 from folder 104]
txt,,悲しいこともある。
scr_cmd,[Show next arrow]
scr_cmd,[Wait for msg click]
scr_cmd,[Make active:6]
scr_cmd,[Erase text]
scr_cmd,[Change id 6 to character 2 with expr 0]
scr_cmd,[Unknown code 2]
scr_cmd,[Make active:6]
scr_cmd,[Play voice 32 from folder 104]
txt,,ふと見渡せば、
txt,,いかに恵まれた路を歩んできたことか。
scr_cmd,[Show next arrow]
scr_cmd,[Wait for msg click]
scr_cmd,[Play voice 33 from folder 104]
txt,,導かれる師もなく、心通う友もなく、
txt,,信念を見出せぬ人生さえ、ある。
scr_cmd,[Show next arrow]
scr_cmd,[Wait for msg click]
scr_cmd,[Erase text]
scr_cmd,[Make active:5]
scr_cmd,[Erase text]
txt,,……
scr_cmd,[Make active:6]
scr_cmd,[Play voice 34 from folder 104]
txt,,わたしは、伝えたい。
scr_cmd,[Show next arrow]
scr_cmd,[Wait for msg click]
scr_cmd,[Play voice 35 from folder 104]
txt,,エルメナスで出逢った、その想いを。
scr_cmd,[Show next arrow]
scr_cmd,[Wait for msg click]
scr_cmd,[Play voice 36 from folder 104]
txt,,これから出逢う、新しい世界へと。
scr_cmd,[Show next arrow]
scr_cmd,[Wait for msg click]
scr_cmd,[Erase text]
scr_cmd,[Change id 6 to character 6 with expr 0]
scr_cmd,[Unknown code 2]
scr_cmd,[Make active:6]
scr_cmd,[Play voice 37 from folder 104]
txt,,今日この日、
txt,,わたしたちは初めて
txt,,エルメナスからはばたきます。
scr_cmd,[Show next arrow]
scr_cmd,[Wait for msg click]
scr_cmd,[Erase text]
scr_cmd,[Play voice 38 from folder 104]
txt,,学び舎に歩む前に抱いた不安、憧れ、情熱。
scr_cmd,[Show next arrow]
scr_cmd,[Wait for msg click]
scr_cmd,[Play voice 39 from folder 104]
txt,,あの純真な想いを、もう一度胸に擁き、
txt,,精一杯歩みます。
scr_cmd,[Show next arrow]
scr_cmd,[Wait for msg click]
scr_cmd,[Make active:5]
scr_cmd,[Erase text]
scr_cmd,[Change id 5 to character 4 with expr 0]
scr_cmd,[Unknown code 2]
scr_cmd,[Make active:5]
scr_cmd,[Play voice 40 from folder 104]
txt,,この御恩、あの日々と、
txt,,その手の温もりのすべてを、
txt,,わたしたちは忘れません。
scr_cmd,[Show next arrow]
scr_cmd,[Wait for msg click]
scr_cmd,[Play voice 41 from folder 104]
txt,,エルメナスで学んだことを、
txt,,決して忘れません。
scr_cmd,[Show next arrow]
scr_cmd,[Wait for msg click]
scr_cmd,Error: Unknown code:0x800ab
scr_cmd,Error: Unknown code:0x0
scr_cmd,Error: Unknown code:0x140008
scr_cmd,Error: Unknown code:0x1
scr_cmd,Error: Unknown code:0x0
scr_cmd,Error: Unknown code:0x20000001
scr_cmd,Error: Unknown code:0x882
scr_cmd,Error: Unknown code:0x140008
scr_cmd,Error: Unknown code:0x1
scr_cmd,Error: Unknown code:0x0
scr_cmd,Error: Unknown code:0x20000002
scr_cmd,Error: Unknown code:0x8bc
scr_cmd,Error: Unknown code:0x140008
scr_cmd,Error: Unknown code:0x1
scr_cmd,Error: Unknown code:0x0
scr_cmd,Error: Unknown code:0x20000003
scr_cmd,Error: Unknown code:0x8f6
scr_cmd,Error: Unknown code:0x140008
scr_cmd,Error: Unknown code:0x1
scr_cmd,Error: Unknown code:0x0
scr_cmd,Error: Unknown code:0x20000004
scr_cmd,Error: Unknown code:0x930
scr_cmd,Error: Unknown code:0x140008
scr_cmd,Error: Unknown code:0x1
scr_cmd,Error: Unknown code:0x0
scr_cmd,Error: Unknown code:0x20000005
scr_cmd,Error: Unknown code:0x94a
scr_cmd,Error: Unknown code:0x140008
scr_cmd,Error: Unknown code:0x1
scr_cmd,Error: Unknown code:0x0
scr_cmd,Error: Unknown code:0x20000006
scr_cmd,Error: Unknown code:0x984
scr_cmd,Error: Unknown code:0x140008
scr_cmd,Error: Unknown code:0x1
scr_cmd,Error: Unknown code:0x0
scr_cmd,Error: Unknown code:0x20000007
scr_cmd,Error: Unknown code:0x99e
scr_cmd,Error: Unknown code:0x140008
scr_cmd,Error: Unknown code:0x1
scr_cmd,Error: Unknown code:0x0
scr_cmd,Error: Unknown code:0x20000008
scr_cmd,Error: Unknown code:0x9d8
scr_cmd,Error: Unknown code:0x140008
scr_cmd,Error: Unknown code:0x1
scr_cmd,Error: Unknown code:0x0
scr_cmd,Error: Unknown code:0x20000009
scr_cmd,Error: Unknown code:0xa12
scr_cmd,Error: Unknown code:0x140008
scr_cmd,Error: Unknown code:0x1
scr_cmd,Error: Unknown code:0x0
scr_cmd,Error: Unknown code:0x2000000a
scr_cmd,Error: Unknown code:0xa4c
scr_cmd,Error: Unknown code:0x140008
scr_cmd,Error: Unknown code:0x1
scr_cmd,Error: Unknown code:0x0
scr_cmd,Error: Unknown code:0x2000000b
scr_cmd,Error: Unknown code:0xa86
scr_cmd,Error: Unknown code:0x140008
scr_cmd,Error: Unknown code:0x1
scr_cmd,Error: Unknown code:0x0
scr_cmd,Error: Unknown code:0x2000000c
scr_cmd,Error: Unknown code:0xac0
scr_cmd,Error: Unknown code:0x8000b
scr_cmd,Error: Unknown code:0x930
scr_cmd,[Make active:6]
scr_cmd,[Erase text]
txt,,……
scr_cmd,[Make active:5]
scr_cmd,[Erase text]
scr_cmd,[Change id 5 to character 1 with expr 0]
scr_cmd,[Unknown code 2]
scr_cmd,Error: Unknown code:0x800ac
scr_cmd,Error: Unknown code:0x0
scr_cmd,[Make active:5]
scr_cmd,[Erase text]
txt,,……
scr_cmd,[Make active:6]
scr_cmd,[Erase text]
scr_cmd,[Change id 6 to character 2 with expr 0]
scr_cmd,[Unknown code 2]
scr_cmd,Error: Unknown code:0x800ac
scr_cmd,Error: Unknown code:0x1
scr_cmd,[Make active:6]
scr_cmd,[Erase text]
txt,,……
scr_cmd,[Make active:5]
scr_cmd,[Erase text]
scr_cmd,[Change id 5 to character 3 with expr 0]
scr_cmd,[Unknown code 2]
scr_cmd,Error: Unknown code:0x800ac
scr_cmd,Error: Unknown code:0x2
scr_cmd,[Make active:6]
scr_cmd,[Erase text]
txt,,……
scr_cmd,Error: Unknown code:0x800ac
scr_cmd,Error: Unknown code:0x3
scr_cmd,[Make active:6]
scr_cmd,[Erase text]
txt,,……
scr_cmd,[Make active:5]
scr_cmd,[Erase text]
scr_cmd,[Change id 5 to character 5 with expr 0]
scr_cmd,[Unknown code 2]
scr_cmd,Error: Unknown code:0x800ac
scr_cmd,Error: Unknown code:0x4
scr_cmd,[Make active:5]
scr_cmd,[Erase text]
txt,,……
scr_cmd,Error: Unknown code:0x800ac
scr_cmd,Error: Unknown code:0x5
scr_cmd,[Make active:5]
scr_cmd,[Erase text]
txt,,……
scr_cmd,[Make active:6]
scr_cmd,[Erase text]
scr_cmd,[Change id 6 to character 7 with expr 0]
scr_cmd,[Unknown code 2]
scr_cmd,Error: Unknown code:0x800ac
scr_cmd,Error: Unknown code:0x6
scr_cmd,[Make active:6]
scr_cmd,[Erase text]
txt,,……
scr_cmd,[Make active:5]
scr_cmd,[Erase text]
scr_cmd,[Change id 5 to character 8 with expr 0]
scr_cmd,[Unknown code 2]
scr_cmd,Error: Unknown code:0x800ac
scr_cmd,Error: Unknown code:0x7
scr_cmd,[Make active:5]
scr_cmd,[Erase text]
txt,,……
scr_cmd,[Make active:6]
scr_cmd,[Erase text]
scr_cmd,[Change id 6 to character 9 with expr 0]
scr_cmd,[Unknown code 2]
scr_cmd,Error: Unknown code:0x800ac
scr_cmd,Error: Unknown code:0x8
scr_cmd,[Make active:6]
scr_cmd,[Erase text]
txt,,……
scr_cmd,[Make active:5]
scr_cmd,[Erase text]
scr_cmd,[Change id 5 to character 10 with expr 0]
scr_cmd,[Unknown code 2]
scr_cmd,Error: Unknown code:0x800ac
scr_cmd,Error: Unknown code:0x9
scr_cmd,[Make active:6]
scr_cmd,[Erase text]
txt,,……
scr_cmd,[Make active:5]
scr_cmd,[Erase text]
scr_cmd,[Change id 5 to character 11 with expr 0]
scr_cmd,[Unknown code 2]
scr_cmd,Error: Unknown code:0x800ac
scr_cmd,Error: Unknown code:0xa
scr_cmd,[Make active:6]
scr_cmd,[Erase text]
txt,,……
scr_cmd,[Make active:5]
scr_cmd,[Erase text]
scr_cmd,[Change id 5 to character 12 with expr 0]
scr_cmd,[Unknown code 2]
scr_cmd,Error: Unknown code:0x800ac
scr_cmd,Error: Unknown code:0xb
scr_cmd,[END SCENE]
