scr_cmd,[Change Screen: Darken ] (0)
scr_cmd,[Show image &0] (&2174)
scr_cmd,Img params: X 0 Y 324 W 1024 H 128 U 0x35 A 0x20000000 C 0x0 D 0x0
scr_cmd,[Change Screen: Fadein then Lighten] (3)
scr_cmd,[Wait for click?]
scr_cmd,[Change Screen: Fadeout then Darken] (4)
scr_cmd,[Erase title]
scr_cmd,[ms wait:600]
scr_cmd,[Change Screen: Darken ] (0)
scr_cmd,[Unknown code 1: 0x20000000]
scr_cmd,[Play BGM #2]
scr_cmd,[Show BG image N(6) S(1)]
scr_cmd,[Show char115with expr0at pos7on delay600]
scr_cmd,[Change Screen: Fadein then Lighten] (3)
scr_cmd,[Make active:7]
txt,,先輩……
txt,,わたしには、わからないのです。
txt,,パラダインの総帥
txt,,シュナイドラ＝バレスティは、
txt,,聖セヴィエスを混沌の源と定めました。
scr_cmd,[Show next arrow]
scr_cmd,[Wait for msg click]
scr_cmd,[Erase text]
txt,,聖セヴィエスの司る光の対極、
txt,,闇の力が混沌を呼んだ、と。
txt,,けれど、ナビロス様は、なぜ……！
txt,,なぜ、その根も葉もない讒言を、
txt,,お容れになられたのか……！！
scr_cmd,[Show next arrow]
scr_cmd,[Wait for msg click]
scr_cmd,[Erase text]
txt,,這い出し者どもとの戦いを拒み……
txt,,混沌を払うエルメナスの秘宝、
txt,,奇跡なる十二王杯の委譲をも拒み……
txt,,ナビロス様は沈黙を守り、
txt,,その咎を一身にお受けになられた……
scr_cmd,[Show next arrow]
scr_cmd,[Wait for msg click]
scr_cmd,[Open nameless msg box at %4](0x2fffffff2fffffff)
scr_cmd,[Make active:4]
txt,,それでも、今なお、
txt,,先生を信じている？
scr_cmd,[Show next arrow]
scr_cmd,[Wait for msg click]
scr_cmd,[Make active:7]
scr_cmd,[Erase text]
txt,,……はい。
txt,,ナビロス様が囚われ、
txt,,わたしもその後を追おうとした時……
txt,,ロバリー卿が、救ってくださいました。
scr_cmd,[Show next arrow]
scr_cmd,[Wait for msg click]
scr_cmd,[Erase text]
scr_cmd,[Make active:4]
scr_cmd,[Erase text]
txt,,……
scr_cmd,[Make active:7]
txt,,わたしの身代わりとなり、
txt,,その名を懸けて……
scr_cmd,[Show next arrow]
scr_cmd,[Wait for msg click]
scr_cmd,[Make active:4]
scr_cmd,[Erase text]
txt,,……
scr_cmd,[Show next arrow]
scr_cmd,[Wait for msg click]
scr_cmd,[Erase text]
scr_cmd,[Make active:7]
scr_cmd,[Erase text]
txt,,……
scr_cmd,[Make active:4]
txt,,≪危険を顧みず、
txt,,　ナビロス様は沈黙を守った……
txt,,　恐らくは、
txt,,　沈思の聖堂を堕とされる覚悟で、
txt,,　拒んだ。≫
scr_cmd,[Show next arrow]
scr_cmd,[Wait for msg click]
scr_cmd,[Erase text]
scr_cmd,[Make active:4]
txt,,……
txt,,十二王杯は今、どう分かれている……？
scr_cmd,[Show next arrow]
scr_cmd,[Wait for msg click]
scr_cmd,[Make active:7]
scr_cmd,[Erase text]
txt,,パラダインに、三つ。
txt,,ゴスペルブラスに、一つ。
txt,,聖セヴィエスには七つの王杯があり、
txt,,残るひとつは行方が知れません。
scr_cmd,[Show next arrow]
scr_cmd,[Wait for msg click]
scr_cmd,[Make active:4]
scr_cmd,[Erase text]
txt,,さすがは四大の頂点。
txt,,然して、純潔の盾に王杯なし、か。
scr_cmd,[Show next arrow]
scr_cmd,[Wait for msg click]
scr_cmd,[Make active:7]
scr_cmd,[Erase text]
txt,,九年前……
txt,,先輩達は、十二王杯すべてを勝ち得た。
txt,,その偉大さが、今さらながらに、
txt,,わかります。
scr_cmd,[Show next arrow]
scr_cmd,[Wait for msg click]
scr_cmd,[Make active:4]
scr_cmd,[Erase text]
txt,,勝利の女神は気まぐれだ。
txt,,あの頃とは、事情も違う。
scr_cmd,[Show next arrow]
scr_cmd,[Wait for msg click]
scr_cmd,[Make active:7]
scr_cmd,[Erase text]
txt,,……
scr_cmd,[Show next arrow]
scr_cmd,[Wait for msg click]
scr_cmd,[Make active:4]
scr_cmd,[Erase text]
txt,,……
scr_cmd,[Show next arrow]
scr_cmd,[Wait for msg click]
scr_cmd,[Make active:7]
scr_cmd,[Erase text]
txt,,先輩……
txt,,魔術と対を成す法術は、光の言葉であり……
txt,,そして光を支える、
txt,,闇の言葉がともにあります。
scr_cmd,[Show next arrow]
scr_cmd,[Wait for msg click]
scr_cmd,[Erase text]
scr_cmd,[Make active:4]
scr_cmd,[Erase text]
txt,,……
scr_cmd,[Make active:7]
txt,,私は、そのいずれをも誇りに思い、
txt,,そして、愛しています。
txt,,先輩は……
scr_cmd,[Show next arrow]
scr_cmd,[Wait for msg click]
scr_cmd,[Erase text]
scr_cmd,[Make active:7]
txt,,あの、闇は、闇だからといって、
txt,,あなたは、その、混沌を呼ぶ邪悪だと、
txt,,お思いですか？
scr_cmd,[Show next arrow]
scr_cmd,[Wait for msg click]
scr_cmd,[Make active:4]
scr_cmd,[Erase text]
txt,,今更、なにを。
scr_cmd,[Show next arrow]
scr_cmd,[Wait for msg click]
scr_cmd,[Make active:7]
scr_cmd,[Erase text]
txt,,こうして沈思の聖堂を追われてみて、
txt,,初めてわかりました。
txt,,闇の安寧を説く者として……
txt,,こんなにも、恐ろしい……！
scr_cmd,[Show next arrow]
scr_cmd,[Wait for msg click]
scr_cmd,[Make active:4]
scr_cmd,[Erase text]
txt,,見通せぬ闇に、畏怖を抱くこともある。
txt,,闇を恐れる気持ちもある。
scr_cmd,[Show next arrow]
scr_cmd,[Wait for msg click]
scr_cmd,[Make active:7]
scr_cmd,[Erase text]
txt,,……
scr_cmd,[Show next arrow]
scr_cmd,[Wait for msg click]
scr_cmd,[Make active:4]
scr_cmd,[Erase text]
txt,,けれど、聖セヴィエスから学んだことは、
txt,,純潔の盾にとって、
txt,,はかることもできない財産だ。
scr_cmd,[Show next arrow]
scr_cmd,[Wait for msg click]
scr_cmd,[Erase text]
scr_cmd,[Make active:7]
scr_cmd,[Erase text]
txt,,……
scr_cmd,[Make active:4]
txt,,それを感謝する者があり、
txt,,憎む者があるとして。
txt,,慈愛の光と、
txt,,安寧の闇とを分け与えてくれた四大の友を、
txt,,救いたいと思う。
scr_cmd,[Show next arrow]
scr_cmd,[Wait for msg click]
scr_cmd,[Erase text]
txt,,子供たちがそう望む以上、
txt,,そこに向かいたい。
scr_cmd,[Show next arrow]
scr_cmd,[Wait for msg click]
scr_cmd,[Make active:7]
scr_cmd,[Erase text]
txt,,先輩……
txt,,素直で、元気で、
txt,,屈託のない笑顔が素敵だと……
txt,,イノセンティアの子供達を見ていると、
txt,,そう思います。
scr_cmd,[Show next arrow]
scr_cmd,[Wait for msg click]
scr_cmd,[Make active:4]
scr_cmd,[Erase text]
txt,,……
scr_cmd,[Show next arrow]
scr_cmd,[Wait for msg click]
scr_cmd,[Make active:7]
scr_cmd,[Erase text]
txt,,……
scr_cmd,[Show char101with expr0at pos8on delay600]
scr_cmd,[Make active:8]
txt,,……
scr_cmd,[Show next arrow]
scr_cmd,[Wait for msg click]
scr_cmd,[Make active:7]
scr_cmd,[Erase text]
txt,,どうか私が迷う時も、見守っていて下さい。
scr_cmd,[Show next arrow]
scr_cmd,[Wait for msg click]
scr_cmd,[Make active:4]
scr_cmd,[Erase text]
txt,,ああ。
txt,,そしてきみも、
txt,,あの子たちを見守ってあげてほしい。
scr_cmd,[Show next arrow]
scr_cmd,[Wait for msg click]
scr_cmd,[Make active:7]
scr_cmd,[Erase text]
txt,,はい……！
scr_cmd,[Show next arrow]
scr_cmd,[Wait for msg click]
scr_cmd,[ms wait:600]
scr_cmd,[Change Screen: Fadeout then Darken] (4)
scr_cmd,[Script cleanup...] A(0x8000c) B(0x2000003c)
scr_cmd,[Unknown code 1: 0x20000001]
scr_cmd,[Show BG image N(6) S(1)]
scr_cmd,[Show char101with expr0at pos6on delay600]
scr_cmd,[Change Screen: Fadein then Lighten] (3)
scr_cmd,[Make active:6]
scr_cmd,[Play voice 0 from folder 33]
txt,,賢者の手の出せぬ混沌が相手である以上……
scr_cmd,[Show next arrow]
scr_cmd,[Wait for msg click]
scr_cmd,[Play voice 1 from folder 33]
txt,,やはり、十二王杯の力が必要になるか。
scr_cmd,[Show next arrow]
scr_cmd,[Wait for msg click]
scr_cmd,[Open nameless msg box at %2](0x2fffffff2fffffff)
scr_cmd,[Make active:2]
txt,,……
scr_cmd,[Show next arrow]
scr_cmd,[Wait for msg click]
scr_cmd,[Make active:6]
scr_cmd,[Erase text]
scr_cmd,[Play voice 2 from folder 33]
txt,,エルメナスに秘められた、
txt,,奇跡を紐解くための鍵……
scr_cmd,[Show next arrow]
scr_cmd,[Wait for msg click]
scr_cmd,[Play voice 3 from folder 33]
txt,,その気高く、強大すぎる力ゆえに、
txt,,十二の王杯に分かたれた。
scr_cmd,[Show next arrow]
scr_cmd,[Wait for msg click]
scr_cmd,[Erase text]
scr_cmd,[Play voice 4 from folder 33]
txt,,いつしか、四大の競い合う場で、
txt,,優勝の証となった。
scr_cmd,[Show next arrow]
scr_cmd,[Wait for msg click]
scr_cmd,[Play voice 5 from folder 33]
txt,,神々の祝福をもたらす、
txt,,奇跡の結晶として。
scr_cmd,[Show next arrow]
scr_cmd,[Wait for msg click]
scr_cmd,[Make active:2]
scr_cmd,[Erase text]
txt,,……
scr_cmd,[Show next arrow]
scr_cmd,[Wait for msg click]
scr_cmd,[Make active:6]
scr_cmd,[Erase text]
scr_cmd,[Play voice 6 from folder 33]
txt,,混沌払う奇跡、
txt,,十二王杯を求めて進むパラダイン。
scr_cmd,[Show next arrow]
scr_cmd,[Wait for msg click]
scr_cmd,[Play voice 7 from folder 33]
txt,,ナビロス＝ルシフージュは、
txt,,身にかかる咎にさえ異を唱えず、
txt,,十二王杯の委譲をも拒む。
scr_cmd,[Show next arrow]
scr_cmd,[Wait for msg click]
scr_cmd,[Erase text]
scr_cmd,[Play voice 8 from folder 33]
txt,,よもや、ナビロスは……
scr_cmd,[Show next arrow]
scr_cmd,[Wait for msg click]
scr_cmd,[Make active:2]
scr_cmd,[Erase text]
txt,,先生。
scr_cmd,[Show next arrow]
scr_cmd,[Wait for msg click]
scr_cmd,[Make active:6]
scr_cmd,[Erase text]
scr_cmd,[Play voice 9 from folder 33]
txt,,……
scr_cmd,[Show next arrow]
scr_cmd,[Wait for msg click]
scr_cmd,[Make active:2]
scr_cmd,[Erase text]
txt,,……
scr_cmd,[Show next arrow]
scr_cmd,[Wait for msg click]
scr_cmd,[Make active:6]
scr_cmd,[Erase text]
scr_cmd,[Play voice 10 from folder 33]
txt,,うむ……
scr_cmd,[Show next arrow]
scr_cmd,[Wait for msg click]
scr_cmd,[Play voice 11 from folder 33]
txt,,時に、エンディミオンへは、いつ？
scr_cmd,[Show next arrow]
scr_cmd,[Wait for msg click]
scr_cmd,[Make active:2]
scr_cmd,[Erase text]
txt,,いずれ訪れるでしょう。
txt,,あの子たちが、
txt,,その想いを伝えてくれる時が。
scr_cmd,[Show next arrow]
scr_cmd,[Wait for msg click]
scr_cmd,[Make active:6]
scr_cmd,[Erase text]
scr_cmd,[Play voice 12 from folder 33]
txt,,されば、見守るのみ、よの。
scr_cmd,[Show next arrow]
scr_cmd,[Wait for msg click]
scr_cmd,[Make active:2]
scr_cmd,[Erase text]
txt,,はい。
txt,,お願いします。
scr_cmd,[Show next arrow]
scr_cmd,[Wait for msg click]
scr_cmd,[ms wait:600]
scr_cmd,[Change Screen: Fadeout then Darken] (4)
scr_cmd,[Script cleanup...] A(0x8000c) B(0x2000003c)
scr_cmd,Error: Unknown code:0xc0097
scr_cmd,Error: Unknown code:0x2000000b
scr_cmd,Error: Unknown code:0x20000000
scr_cmd,Error: Unknown code:0xc005b
scr_cmd,Error: Unknown code:0x20000006
scr_cmd,Error: Unknown code:0x20000002
scr_cmd,[END SCENE]
