scr_cmd,[Change Screen: Darken ] (0)
scr_cmd,[Unknown code 1: 0x20000000]
scr_cmd,[Show BG image N(14) S(1)]
scr_cmd,[Show char116with expr0at pos10on delay600]
scr_cmd,[Change Screen: Fadein then Lighten] (3)
scr_cmd,[Make active:10]
txt,,なあ。
scr_cmd,[Show next arrow]
scr_cmd,[Wait for msg click]
scr_cmd,[Open nameless msg box at %4](0x2fffffff2fffffff)
scr_cmd,[Make active:4]
txt,,うん？
scr_cmd,[Show next arrow]
scr_cmd,[Wait for msg click]
scr_cmd,[Make active:10]
scr_cmd,[Erase text]
txt,,ここいらで、エンディミオン名物、
txt,,いっとくか。
scr_cmd,[Show next arrow]
scr_cmd,[Wait for msg click]
scr_cmd,[Make active:4]
scr_cmd,[Erase text]
txt,,……
scr_cmd,[Show next arrow]
scr_cmd,[Wait for msg click]
scr_cmd,[Make active:10]
scr_cmd,[Erase text]
txt,,本来なら、もっと早く……
txt,,そう、できればエルベロワでやれてたら。
txt,,もっとラクができたかも知れんが。
scr_cmd,[Show next arrow]
scr_cmd,[Wait for msg click]
scr_cmd,[Make active:4]
scr_cmd,[Erase text]
txt,,ココでなければ、そんな自由もないさ。
scr_cmd,[Show next arrow]
scr_cmd,[Wait for msg click]
scr_cmd,[Make active:10]
scr_cmd,[Erase text]
txt,,……すまんな。
scr_cmd,[Show next arrow]
scr_cmd,[Wait for msg click]
scr_cmd,[Make active:4]
scr_cmd,[Erase text]
txt,,できる時に、できることを、全力でする。
txt,,それがイノセンティアの流儀に違いない。
scr_cmd,[Show next arrow]
scr_cmd,[Wait for msg click]
scr_cmd,[Make active:10]
scr_cmd,[Erase text]
txt,,なるほど。
txt,,おまえさんは九年も
txt,,エルメナスを離れてたのにな。
scr_cmd,[Show next arrow]
scr_cmd,[Wait for msg click]
scr_cmd,[Make active:4]
scr_cmd,[Erase text]
txt,,……
scr_cmd,[Make active:10]
scr_cmd,[Erase text]
txt,,オレなんか、
txt,,ちょちょいと牢獄に囲われただけで、
txt,,このザマだ。
scr_cmd,[Show next arrow]
scr_cmd,[Wait for msg click]
scr_cmd,[Make active:4]
scr_cmd,[Erase text]
txt,,……
scr_cmd,[Show next arrow]
scr_cmd,[Wait for msg click]
scr_cmd,[Make active:10]
scr_cmd,[Erase text]
txt,,それだけに。
txt,,ナビロス様が敢えて口をつぐみ、
txt,,囚われの身となったことには……
txt,,相当のお覚悟あってのことだろうさ。
scr_cmd,[Show next arrow]
scr_cmd,[Wait for msg click]
scr_cmd,[Make active:4]
scr_cmd,[Erase text]
txt,,……
scr_cmd,[Show next arrow]
scr_cmd,[Wait for msg click]
scr_cmd,[Make active:10]
scr_cmd,[Erase text]
txt,,まあ、それはともかく。
txt,,第三中庭に、準備だけはしてある。
txt,,いつでも試してみれくれい。
scr_cmd,[Show next arrow]
scr_cmd,[Wait for msg click]
scr_cmd,[Make active:4]
scr_cmd,[Erase text]
txt,,ああ。
txt,,ありがとう。
scr_cmd,[Show next arrow]
scr_cmd,[Wait for msg click]
scr_cmd,[ms wait:600]
scr_cmd,[Change Screen: Fadeout then Darken] (4)
scr_cmd,[Script cleanup...] A(0x8000c) B(0x2000003c)
scr_cmd,Error: Unknown code:0xc0097
scr_cmd,Error: Unknown code:0x20000003
scr_cmd,Error: Unknown code:0x20000001
scr_cmd,Error: Unknown code:0xc005b
scr_cmd,Error: Unknown code:0x2000000e
scr_cmd,Error: Unknown code:0x20000002
scr_cmd,[END SCENE]
