scr_cmd,[Change Screen: Darken ] (0)
scr_cmd,[Unknown code 1: 0x20000001]
scr_cmd,[Play BGM #2]
scr_cmd,[Show BG image N(10) S(1)]
scr_cmd,[Show char3with expr0at pos5on delay600]
scr_cmd,[Change Screen: Fadein then Lighten] (3)
scr_cmd,[Make active:5]
scr_cmd,[Play voice 0 from folder 50]
txt,,≪ほんとうに。
scr_cmd,[Show next arrow]
scr_cmd,[Wait for msg click]
scr_cmd,[Play voice 1 from folder 50]
txt,,　ほんとうに、わずかな時間で、
txt,,　あの方は……≫
scr_cmd,[Show next arrow]
scr_cmd,[Wait for msg click]
scr_cmd,[Erase text]
scr_cmd,[Play voice 2 from folder 50]
txt,,≪純潔の盾を、白皙の城砦に帰還せしめた。
scr_cmd,[Show next arrow]
scr_cmd,[Wait for msg click]
scr_cmd,[Play voice 3 from folder 50]
txt,,　これが、
txt,,　学び舎の十傑に名を連ねる方のお力か。≫
scr_cmd,[Show next arrow]
scr_cmd,[Wait for msg click]
scr_cmd,[Erase text]
scr_cmd,[Play voice 4 from folder 50]
txt,,≪古くは父デネヒアに導かれ、
txt,,　手厚い庇護のもと、
txt,,　優れた指導で黄金時代が訪れ……≫
scr_cmd,[Show next arrow]
scr_cmd,[Wait for msg click]
scr_cmd,[Erase text]
scr_cmd,[Play voice 5 from folder 50]
txt,,≪純潔の盾の十六将、
txt,,　黄昏の月オルフェス＝ロマノーヴァが
txt,,　後を継いで五年。≫
scr_cmd,[Show next arrow]
scr_cmd,[Wait for msg click]
scr_cmd,[Erase text]
scr_cmd,[Play voice 6 from folder 50]
txt,,≪伝統を引き継ぎ、
txt,,　なお柔らかな慈しみで包む。
scr_cmd,[Show next arrow]
scr_cmd,[Wait for msg click]
scr_cmd,[Play voice 7 from folder 50]
txt,,　わたくしには、わかる。
scr_cmd,[Show next arrow]
scr_cmd,[Wait for msg click]
scr_cmd,[Play voice 8 from folder 50]
txt,,　二人が、すべてを託した後継者の、
txt,,　その高い心が、その深い瞳が。≫
scr_cmd,[Show next arrow]
scr_cmd,[Wait for msg click]
scr_cmd,[Erase text]
scr_cmd,[Play voice 9 from folder 50]
txt,,≪あの方から放たれる強い意思はどうだろう。
scr_cmd,[Show next arrow]
scr_cmd,[Wait for msg click]
scr_cmd,[Play voice 10 from folder 50]
txt,,　わたくしは、
txt,,　まるで突き動かされそうになった。
scr_cmd,[Show next arrow]
scr_cmd,[Wait for msg click]
scr_cmd,[Play voice 11 from folder 50]
txt,,　そう、あれは学院長様と同じ、
txt,,　深い、濃密な慈愛。≫
scr_cmd,[Show next arrow]
scr_cmd,[Wait for msg click]
scr_cmd,[Erase text]
scr_cmd,[Play voice 12 from folder 50]
txt,,≪けれどそれを、
txt,,　真実恵まれたるとするべきなのか……
scr_cmd,[Show next arrow]
scr_cmd,[Wait for msg click]
scr_cmd,[Play voice 13 from folder 50]
txt,,　……わたくしは恐ろしい。≫
scr_cmd,[Show next arrow]
scr_cmd,[Wait for msg click]
scr_cmd,[Erase text]
scr_cmd,[Play voice 14 from folder 50]
txt,,≪望むと望まざるとに関わらず、
txt,,　純潔の盾は高みへと導かれ……
scr_cmd,[Show next arrow]
scr_cmd,[Wait for msg click]
scr_cmd,[Play voice 15 from folder 50]
txt,,　果てしない苦難の末に、
txt,,　誰もが逃れ得ぬ宿命を
txt,,　背負うというのなら。≫
scr_cmd,[Show next arrow]
scr_cmd,[Wait for msg click]
scr_cmd,[Erase text]
scr_cmd,[Play voice 16 from folder 50]
txt,,≪オスキルや、ロザリアでさえ、
txt,,　悩み、喘ぎ、
txt,,　そして暗闇の中をひとり歩む。
scr_cmd,[Show next arrow]
scr_cmd,[Wait for msg click]
scr_cmd,[Play voice 17 from folder 50]
txt,,　……まだ幼いあの子たちに、
txt,,　それが、耐えられるのか。≫
scr_cmd,[Show next arrow]
scr_cmd,[Wait for msg click]
scr_cmd,[Erase text]
scr_cmd,[Play voice 18 from folder 50]
txt,,≪ゆっくりと、
txt,,　じっくりと導かれたトライデンタでさえ、
txt,,　引き裂かれた。
scr_cmd,[Show next arrow]
scr_cmd,[Wait for msg click]
scr_cmd,[Play voice 19 from folder 50]
txt,,　今、純潔の盾の歩みが、
txt,,　どれほどに速いことだろう。≫
scr_cmd,[Show next arrow]
scr_cmd,[Wait for msg click]
scr_cmd,[Erase text]
scr_cmd,[Play voice 20 from folder 50]
txt,,≪疲れた体を休める間さえなく、
txt,,　否応なしに高みへと手を引かれた時、
txt,,　踏み固められた土台なくば……
scr_cmd,[Show next arrow]
scr_cmd,[Wait for msg click]
scr_cmd,[Play voice 21 from folder 50]
txt,,　わたくしは、それを知りながら、
txt,,　笑顔で見守れるのか。≫
scr_cmd,[Show next arrow]
scr_cmd,[Wait for msg click]
scr_cmd,[Erase text]
scr_cmd,[Play voice 22 from folder 50]
txt,,いいえ……
scr_cmd,[Show next arrow]
scr_cmd,[Wait for msg click]
scr_cmd,[Play voice 23 from folder 50]
txt,,あの方を信じ、あの子たちを支えることが、
txt,,わたくしの務め。
scr_cmd,[Show next arrow]
scr_cmd,[Wait for msg click]
scr_cmd,[Play voice 24 from folder 50]
txt,,それが、故郷を守ることになる。
scr_cmd,[Show next arrow]
scr_cmd,[Wait for msg click]
scr_cmd,[Play voice 25 from folder 50]
txt,,ただそれだけ、ですわね。
scr_cmd,[Show next arrow]
scr_cmd,[Wait for msg click]
scr_cmd,[ms wait:600]
scr_cmd,[Change Screen: Fadeout then Darken] (4)
scr_cmd,[Script cleanup...] A(0x8000c) B(0x2000003c)
scr_cmd,[END SCENE]
