scr_cmd,[Change Screen: Darken ] (0)
scr_cmd,[Show image &0] (&1048)
scr_cmd,Img params: X 0 Y 324 W 1024 H 128 U 0x35 A 0x20000000 C 0x0 D 0x0
scr_cmd,[Change Screen: Fadein then Lighten] (3)
scr_cmd,[Wait for click?]
scr_cmd,[Change Screen: Fadeout then Darken] (4)
scr_cmd,[Erase title]
scr_cmd,[ms wait:600]
scr_cmd,[Change Screen: Darken ] (0)
scr_cmd,[Unknown code 1: 0x20000001]
scr_cmd,[Play BGM #3]
scr_cmd,[Show BG image N(14) S(1)]
scr_cmd,[Show char3with expr0at pos5on delay600]
scr_cmd,[Change Screen: Fadein then Lighten] (3)
scr_cmd,[Make active:5]
scr_cmd,[Play voice 0 from folder 51]
txt,,先生。
scr_cmd,[Show next arrow]
scr_cmd,[Wait for msg click]
scr_cmd,[Play voice 1 from folder 51]
txt,,シリウス＝ミュージィが、
txt,,ここへ来るというのは、本当ですか？
scr_cmd,[Show next arrow]
scr_cmd,[Wait for msg click]
scr_cmd,[Open nameless msg box at %1](0x2fffffff2fffffff)
scr_cmd,[Make active:1]
txt,,ああ。
txt,,いよいよ、ベルドラクルの大家、
txt,,ミュージィ大公殿下のお出ましだ。
txt,,粗相のない様に、せめてつとめるとしよう。
scr_cmd,[Show next arrow]
scr_cmd,[Wait for msg click]
scr_cmd,[Make active:5]
scr_cmd,[Erase text]
scr_cmd,[Play voice 2 from folder 51]
txt,,名などはともかく、いいえ、
txt,,手紙の真意が奈辺にあったにせよ。
scr_cmd,[Show next arrow]
scr_cmd,[Wait for msg click]
scr_cmd,[Play voice 3 from folder 51]
txt,,許せることと、許せないことがあります。
scr_cmd,[Show next arrow]
scr_cmd,[Wait for msg click]
scr_cmd,[Make active:1]
scr_cmd,[Erase text]
txt,,ことの真偽を確かめたとしても、
txt,,霧が晴れるとは限らないものだが……
txt,,避けられない道もある、か。
scr_cmd,[Show next arrow]
scr_cmd,[Wait for msg click]
scr_cmd,[Make active:5]
scr_cmd,[Erase text]
txt,,……
scr_cmd,[Show next arrow]
scr_cmd,[Wait for msg click]
scr_cmd,[Make active:1]
scr_cmd,[Erase text]
txt,,……
scr_cmd,[Show next arrow]
scr_cmd,[Wait for msg click]
scr_cmd,[Show char6with expr0at pos6on delay600]
scr_cmd,[Make active:6]
scr_cmd,[Play voice 4 from folder 51]
txt,,もとより、あのような書面を
txt,,送りつけるような方ではありません。
scr_cmd,[Show next arrow]
scr_cmd,[Wait for msg click]
scr_cmd,[Make active:5]
scr_cmd,[Erase text]
scr_cmd,[Play voice 5 from folder 51]
txt,,アルシエ。
scr_cmd,[Show next arrow]
scr_cmd,[Wait for msg click]
scr_cmd,[Make active:6]
scr_cmd,[Erase text]
scr_cmd,[Play voice 6 from folder 51]
txt,,なにか、大きな苦しみを
txt,,抱えているのではないか、と。
scr_cmd,[Show next arrow]
scr_cmd,[Wait for msg click]
scr_cmd,[Play voice 7 from folder 51]
txt,,そう思うのです。
scr_cmd,[Show next arrow]
scr_cmd,[Wait for msg click]
scr_cmd,[Make active:5]
scr_cmd,[Erase text]
txt,,……
scr_cmd,[Make active:1]
scr_cmd,[Erase text]
txt,,……
scr_cmd,[Show next arrow]
scr_cmd,[Wait for msg click]
scr_cmd,[Make active:6]
scr_cmd,[Erase text]
scr_cmd,[Play voice 8 from folder 51]
txt,,もしもほんとうに、膝下に従えるつもりで
txt,,あの手紙を寄越したのなら……
scr_cmd,[Show next arrow]
scr_cmd,[Wait for msg click]
scr_cmd,[Play voice 9 from folder 51]
txt,,純潔の盾が、エンディミオンに
txt,,戻る前に事を構えたはずです。
scr_cmd,[Show next arrow]
scr_cmd,[Wait for msg click]
scr_cmd,[Make active:1]
scr_cmd,[Erase text]
txt,,……確かに。
scr_cmd,[Show next arrow]
scr_cmd,[Wait for msg click]
scr_cmd,[Make active:6]
scr_cmd,[Erase text]
txt,,……
scr_cmd,[Make active:5]
scr_cmd,[Erase text]
scr_cmd,[Play voice 10 from folder 51]
txt,,彼らの求めるところを知りたいと思います。
scr_cmd,[Show next arrow]
scr_cmd,[Wait for msg click]
scr_cmd,[Make active:1]
scr_cmd,[Erase text]
txt,,よし。
txt,,ちょうどいい。
txt,,実を言えば、向こうからは、
txt,,きみを指名してきた。
scr_cmd,[Show next arrow]
scr_cmd,[Wait for msg click]
scr_cmd,[Make active:5]
scr_cmd,[Erase text]
scr_cmd,[Play voice 11 from folder 51]
txt,,え？
scr_cmd,[Show next arrow]
scr_cmd,[Wait for msg click]
scr_cmd,[Make active:1]
scr_cmd,[Erase text]
txt,,話をできないのは、悲しいが……
txt,,彼にとって、
txt,,重要なのは賢者ではないようだ。
txt,,パルミラ。
scr_cmd,[Show next arrow]
scr_cmd,[Wait for msg click]
scr_cmd,[Erase text]
scr_cmd,[Make active:5]
scr_cmd,[Erase text]
txt,,……
scr_cmd,[Make active:1]
txt,,ベルドラクルの大公殿下との会見は、
txt,,きみに任せよう。
scr_cmd,[Show next arrow]
scr_cmd,[Wait for msg click]
scr_cmd,[ms wait:600]
scr_cmd,[Change Screen: Fadeout then Darken] (4)
scr_cmd,[Script cleanup...] A(0x8000c) B(0x2000003c)
scr_cmd,[Load chapter: 1]
scr_cmd,[END SCENE]
