scr_cmd,[Unknown code 1: 0x20000001]
scr_cmd,[Play BGM #9]
scr_cmd,[Show BG image N(16) S(1)]
scr_cmd,[Open nameless msg box at %5](0x2000000020000004)
scr_cmd,[Change Screen: Fadein then Lighten] (3)
scr_cmd,[Make active:5]
scr_cmd,[Play voice 0 from folder 92]
txt,,先生。
scr_cmd,[Show next arrow]
scr_cmd,[Wait for msg click]
scr_cmd,[Open nameless msg box at %3](0x2fffffff2fffffff)
scr_cmd,[Make active:3]
txt,,　≪来てしまったか……
txt,,　やはり、この時が。≫
scr_cmd,[Show next arrow]
scr_cmd,[Wait for msg click]
scr_cmd,[Make active:5]
scr_cmd,[Erase text]
scr_cmd,[Play voice 1 from folder 92]
txt,,先生？
scr_cmd,[Show next arrow]
scr_cmd,[Wait for msg click]
scr_cmd,[Make active:3]
scr_cmd,[Erase text]
txt,,入りなさい。
scr_cmd,[Show next arrow]
scr_cmd,[Wait for msg click]
scr_cmd,[Erase text]
scr_cmd,[Change id 5 to character 4 with expr 0]
scr_cmd,Error: Unknown code:0xc0023
scr_cmd,Error: Unknown code:0x20000005
scr_cmd,Error: Unknown code:0x20000000
scr_cmd,[Make active:5]
scr_cmd,[Erase text]
txt,,……
scr_cmd,[Change box 3 to 6 and change chr 6 expression 0]
scr_cmd,[Show char6with expr0at pos6on delay600]
scr_cmd,[Make active:6]
scr_cmd,[Play voice 2 from folder 92]
txt,,先生……
scr_cmd,[Show next arrow]
scr_cmd,[Wait for msg click]
scr_cmd,[Play voice 3 from folder 92]
txt,,第十三の王杯とは？
scr_cmd,[Show next arrow]
scr_cmd,[Wait for msg click]
scr_cmd,[Open nameless msg box at %1](0x2fffffff2fffffff)
scr_cmd,[Make active:1]
txt,,……九年前に失われた、最後の王杯だ。
scr_cmd,[Show next arrow]
scr_cmd,[Wait for msg click]
scr_cmd,[Make active:5]
scr_cmd,[Erase text]
scr_cmd,[Change id 5 to character 5 with expr 0]
scr_cmd,Error: Unknown code:0xc0023
scr_cmd,Error: Unknown code:0x20000005
scr_cmd,Error: Unknown code:0x20000001
scr_cmd,[Make active:5]
scr_cmd,[Play voice 4 from folder 92]
txt,,それは？
scr_cmd,[Show next arrow]
scr_cmd,[Wait for msg click]
scr_cmd,[Play voice 5 from folder 92]
txt,,混沌を払うための……？
scr_cmd,[Show next arrow]
scr_cmd,[Wait for msg click]
scr_cmd,[Make active:6]
scr_cmd,[Erase text]
txt,,……
scr_cmd,[Make active:1]
scr_cmd,[Erase text]
txt,,違う。
txt,,その望みのままに。
txt,,混沌、秩序、光、闇……
txt,,どんな願いさえも、叶える。
scr_cmd,[Show next arrow]
scr_cmd,[Wait for msg click]
scr_cmd,[Make active:5]
scr_cmd,[Erase text]
scr_cmd,[Change id 5 to character 8 with expr 0]
scr_cmd,Error: Unknown code:0xc0023
scr_cmd,Error: Unknown code:0x20000005
scr_cmd,Error: Unknown code:0x20000001
scr_cmd,[Make active:5]
scr_cmd,[Play voice 6 from folder 92]
txt,,どんな、願いも……？
scr_cmd,[Show next arrow]
scr_cmd,[Wait for msg click]
scr_cmd,[Make active:1]
scr_cmd,[Erase text]
txt,,……
scr_cmd,[Make active:6]
scr_cmd,[Erase text]
scr_cmd,[Change id 6 to character 7 with expr 0]
scr_cmd,Error: Unknown code:0xc0023
scr_cmd,Error: Unknown code:0x20000006
scr_cmd,Error: Unknown code:0x20000001
scr_cmd,[Make active:6]
scr_cmd,[Play voice 7 from folder 92]
txt,,這い出し者どもが、
txt,,エルメナスを滅ぼしたいと思うなら……
scr_cmd,[Show next arrow]
scr_cmd,[Wait for msg click]
scr_cmd,[Play voice 8 from folder 92]
txt,,それは叶えられる。
scr_cmd,[Show next arrow]
scr_cmd,[Wait for msg click]
scr_cmd,[Make active:5]
scr_cmd,[Erase text]
scr_cmd,[Change id 5 to character 4 with expr 0]
scr_cmd,Error: Unknown code:0xc0023
scr_cmd,Error: Unknown code:0x20000005
scr_cmd,Error: Unknown code:0x20000001
scr_cmd,[Make active:5]
scr_cmd,[Play voice 9 from folder 92]
txt,,そんな……！
scr_cmd,[Show next arrow]
scr_cmd,[Wait for msg click]
scr_cmd,[Make active:6]
scr_cmd,[Erase text]
scr_cmd,[Change id 6 to character 2 with expr 0]
scr_cmd,Error: Unknown code:0xc0023
scr_cmd,Error: Unknown code:0x20000006
scr_cmd,Error: Unknown code:0x20000001
scr_cmd,[Make active:6]
scr_cmd,[Play voice 10 from folder 92]
txt,,だとしたら……
scr_cmd,[Show next arrow]
scr_cmd,[Wait for msg click]
scr_cmd,[Make active:5]
scr_cmd,[Erase text]
scr_cmd,[Change id 5 to character 9 with expr 0]
scr_cmd,Error: Unknown code:0xc0023
scr_cmd,Error: Unknown code:0x20000005
scr_cmd,Error: Unknown code:0x20000001
scr_cmd,[Make active:5]
scr_cmd,[Play voice 11 from folder 92]
txt,,パルミラさんは……！？
scr_cmd,[Show next arrow]
scr_cmd,[Wait for msg click]
scr_cmd,[Make active:6]
scr_cmd,[Erase text]
scr_cmd,[Change id 6 to character 6 with expr 0]
scr_cmd,Error: Unknown code:0xc0023
scr_cmd,Error: Unknown code:0x20000006
scr_cmd,Error: Unknown code:0x20000001
scr_cmd,[Make active:6]
scr_cmd,[Play voice 12 from folder 92]
txt,,エルメナスが、危ない……
scr_cmd,[Show next arrow]
scr_cmd,[Wait for msg click]
scr_cmd,[Make active:5]
scr_cmd,[Erase text]
scr_cmd,[Change id 5 to character 4 with expr 0]
scr_cmd,Error: Unknown code:0xc0023
scr_cmd,Error: Unknown code:0x20000005
scr_cmd,Error: Unknown code:0x20000001
scr_cmd,[Make active:5]
scr_cmd,[Play voice 13 from folder 92]
txt,,先生！！
scr_cmd,[Show next arrow]
scr_cmd,[Wait for msg click]
scr_cmd,[Make active:6]
scr_cmd,[Erase text]
scr_cmd,[Change id 6 to character 11 with expr 0]
scr_cmd,Error: Unknown code:0xc0023
scr_cmd,Error: Unknown code:0x20000006
scr_cmd,Error: Unknown code:0x20000001
scr_cmd,[Make active:6]
scr_cmd,[Play voice 14 from folder 92]
txt,,先生！！
scr_cmd,[Show next arrow]
scr_cmd,[Wait for msg click]
scr_cmd,[Make active:5]
scr_cmd,[Erase text]
txt,,……
scr_cmd,[Make active:1]
scr_cmd,[Erase text]
txt,,ああ、行こう。
txt,,その願いを、届けに。
scr_cmd,[Show next arrow]
scr_cmd,[Wait for msg click]
scr_cmd,[ms wait:600]
scr_cmd,[Change Screen: Fadeout then Darken] (4)
scr_cmd,[Script cleanup...] A(0x8000c) B(0x2000003c)
scr_cmd,[END SCENE]
