scr_cmd,[Change Screen: Darken ] (0)
scr_cmd,[Unknown code 1: 0x20000001]
scr_cmd,[Play BGM #6]
scr_cmd,[Show BG image N(8) S(1)]
scr_cmd,[Show char101with expr0at pos6on delay600]
scr_cmd,[Change Screen: Fadein then Lighten] (3)
scr_cmd,[Make active:6]
scr_cmd,[Play voice 0 from folder 100]
txt,,いいのだね……？
scr_cmd,[Show next arrow]
scr_cmd,[Wait for msg click]
scr_cmd,[Play voice 1 from folder 100]
txt,,そなたの大切な子らを……
scr_cmd,[Show next arrow]
scr_cmd,[Wait for msg click]
scr_cmd,[Play voice 2 from folder 100]
txt,,この困難な戦いに、
txt,,送り出してくれるというのだね。
scr_cmd,[Show next arrow]
scr_cmd,[Wait for msg click]
scr_cmd,[Open nameless msg box at %2](0x2fffffff2fffffff)
scr_cmd,[Make active:2]
txt,,あの子たちは、そう望んでいます。
txt,,……
txt,,暗黒に覆われたあの子たちの故郷では、
txt,,目指すべきものさえ見つからず、
txt,,自由を得ることもなく……
scr_cmd,[Show next arrow]
scr_cmd,[Wait for msg click]
scr_cmd,[Erase text]
scr_cmd,[Make active:6]
scr_cmd,[Erase text]
txt,,……
scr_cmd,[Make active:2]
txt,,理不尽な恐怖の中で、ただ生きることすら
txt,,ままならない子もいます。
txt,,私は思うのです。
txt,,たとえその歩みが困難な道であったとしても、
txt,,あの子たちは自ら求めるでしょう。
scr_cmd,[Show next arrow]
scr_cmd,[Wait for msg click]
scr_cmd,[Erase text]
txt,,どうしてこの手に留めおくことが
txt,,できるでしょうか、あの子たちが、
txt,,信念の翼を広げようとしているのに？
scr_cmd,[Show next arrow]
scr_cmd,[Wait for msg click]
scr_cmd,[Make active:6]
scr_cmd,[Erase text]
scr_cmd,[Play voice 3 from folder 100]
txt,,すまぬ。
scr_cmd,[Show next arrow]
scr_cmd,[Wait for msg click]
scr_cmd,[Make active:2]
scr_cmd,[Erase text]
txt,,……いいえ。
txt,,やっと気付いたのです。
txt,,私自身、幼い日に夢見た旅立ちの想いが、
txt,,今まさにあの子たちとともにあると。
scr_cmd,[Show next arrow]
scr_cmd,[Wait for msg click]
scr_cmd,[Make active:6]
scr_cmd,[Erase text]
scr_cmd,[Play voice 4 from folder 100]
txt,,わしにできることはなかろうか？
scr_cmd,[Show next arrow]
scr_cmd,[Wait for msg click]
scr_cmd,[Make active:2]
scr_cmd,[Erase text]
txt,,かつて、あなたがそうしてくれたように。
txt,,優しく、強く、信じてあげてください。
txt,,我が子を想う母のように、無償の愛で。
scr_cmd,[Show next arrow]
scr_cmd,[Wait for msg click]
scr_cmd,[Make active:6]
scr_cmd,[Erase text]
txt,,……
scr_cmd,[Show next arrow]
scr_cmd,[Wait for msg click]
scr_cmd,[Make active:2]
scr_cmd,[Erase text]
txt,,……
scr_cmd,[Show next arrow]
scr_cmd,[Wait for msg click]
scr_cmd,[Make active:6]
scr_cmd,[Erase text]
scr_cmd,[Play voice 5 from folder 100]
txt,,……良い顔になった。
scr_cmd,[Show next arrow]
scr_cmd,[Wait for msg click]
scr_cmd,[Play voice 6 from folder 100]
txt,,幾年月を経て、
txt,,今ほどにそなたを誇りに思うたことはない。
scr_cmd,[Show next arrow]
scr_cmd,[Wait for msg click]
scr_cmd,[Play voice 7 from folder 100]
txt,,信じよう、そなたと、そなたの子らを。
scr_cmd,[Show next arrow]
scr_cmd,[Wait for msg click]
scr_cmd,[Erase text]
scr_cmd,[Play voice 8 from folder 100]
txt,,そして、
txt,,最期のその時まで、支えることを誓おう。
scr_cmd,[Show next arrow]
scr_cmd,[Wait for msg click]
scr_cmd,[Make active:2]
scr_cmd,[Erase text]
txt,,たとえ傷つき、敗れ果てたとしても……
scr_cmd,[Show next arrow]
scr_cmd,[Wait for msg click]
scr_cmd,[Make active:6]
scr_cmd,[Erase text]
scr_cmd,[Play voice 9 from folder 100]
txt,,……負けた時が終わりではないと、
txt,,諦めた時が終わりであると。
scr_cmd,[Show next arrow]
scr_cmd,[Wait for msg click]
scr_cmd,[ms wait:600]
scr_cmd,[Change Screen: Fadeout then Darken] (4)
scr_cmd,[Script cleanup...] A(0x8000c) B(0x2000003c)
scr_cmd,[END SCENE]
