scr_cmd,[Change Screen: Darken ] (0)
scr_cmd,[Show image &0] (&1022)
scr_cmd,Img params: X 0 Y 324 W 1024 H 128 U 0x35 A 0x20000000 C 0x0 D 0x0
scr_cmd,[Change Screen: Fadein then Lighten] (3)
scr_cmd,[Wait for click?]
scr_cmd,[Change Screen: Fadeout then Darken] (4)
scr_cmd,[Erase title]
scr_cmd,[ms wait:600]
scr_cmd,[Change Screen: Darken ] (0)
scr_cmd,[Unknown code 1: 0x20000000]
scr_cmd,[Play BGM #2]
scr_cmd,[Show BG image N(119) S(1)]
scr_cmd,[Show char109with expr0at pos10on delay600]
scr_cmd,[Change Screen: Fadein then Lighten] (3)
scr_cmd,[Make active:10]
txt,,やはり、最後に残ったのは、あなただった。
scr_cmd,[Show next arrow]
scr_cmd,[Wait for msg click]
scr_cmd,[Open nameless msg box at %4](0x2fffffff2fffffff)
scr_cmd,[Make active:4]
txt,,……円卓の決断は、正しかった。
txt,,だからこそ、純潔の盾は歩むことができた。
scr_cmd,[Show next arrow]
scr_cmd,[Wait for msg click]
scr_cmd,[Make active:10]
scr_cmd,[Erase text]
txt,,……
scr_cmd,[Show next arrow]
scr_cmd,[Wait for msg click]
scr_cmd,[Make active:4]
scr_cmd,[Erase text]
txt,,聖セヴィエスは、身代わりとなった。
txt,,ゴスペルブラスは、エルメナスのために、
txt,,歩んだ。
txt,,パラダインはあえて荊の道を歩んだ。
scr_cmd,[Show next arrow]
scr_cmd,[Wait for msg click]
scr_cmd,[Make active:10]
scr_cmd,[Erase text]
txt,,……
scr_cmd,[Show next arrow]
scr_cmd,[Wait for msg click]
scr_cmd,[Make active:4]
scr_cmd,[Erase text]
txt,,少しでもいい。
txt,,子供たちのこころを、
txt,,汲んであげてほしかった。
scr_cmd,[Show next arrow]
scr_cmd,[Wait for msg click]
scr_cmd,[Make active:10]
scr_cmd,[Erase text]
txt,,……ごめんなさい。
scr_cmd,[Show next arrow]
scr_cmd,[Wait for msg click]
scr_cmd,[Make active:4]
scr_cmd,[Erase text]
txt,,……十三王杯は？
scr_cmd,[Show next arrow]
scr_cmd,[Wait for msg click]
scr_cmd,[Make active:10]
scr_cmd,[Erase text]
txt,,黒衣の呪いびとと這い出し者とによって……
txt,,願うは、エルメナスの望む、自らの滅び。
scr_cmd,[Show next arrow]
scr_cmd,[Wait for msg click]
scr_cmd,[Make active:4]
scr_cmd,[Erase text]
txt,,……
txt,,そうなりましたか……
scr_cmd,[Show next arrow]
scr_cmd,[Wait for msg click]
scr_cmd,[Make active:10]
scr_cmd,[Erase text]
txt,,わたしの至らぬばかりに……
txt,,申し訳ありません。
scr_cmd,[Show next arrow]
scr_cmd,[Wait for msg click]
scr_cmd,[Make active:4]
scr_cmd,[Erase text]
txt,,……
scr_cmd,[Show next arrow]
scr_cmd,[Wait for msg click]
scr_cmd,[Make active:10]
scr_cmd,[Erase text]
txt,,……
scr_cmd,[Show next arrow]
scr_cmd,[Wait for msg click]
scr_cmd,[Make active:4]
scr_cmd,[Erase text]
txt,,戦いを終えた後……
txt,,エルメナスに光を灯す役目は、お任せします。
scr_cmd,[Show next arrow]
scr_cmd,[Wait for msg click]
scr_cmd,[Make active:10]
scr_cmd,[Erase text]
txt,,……！
scr_cmd,[Show next arrow]
scr_cmd,[Wait for msg click]
scr_cmd,[Make active:4]
scr_cmd,[Erase text]
txt,,エルメナスは、純潔の盾が守ります。
txt,,……いいえ、
txt,,エルメナスに歩んだすべての力を束ねて。
scr_cmd,[Show next arrow]
scr_cmd,[Wait for msg click]
scr_cmd,[Make active:10]
scr_cmd,[Erase text]
txt,,……ありがとう、ございます。
scr_cmd,[Show next arrow]
scr_cmd,[Wait for msg click]
scr_cmd,[Make active:4]
scr_cmd,[Erase text]
txt,,いいえ。
scr_cmd,[Show next arrow]
scr_cmd,[Wait for msg click]
scr_cmd,[Make active:10]
scr_cmd,[Erase text]
txt,,……
scr_cmd,[Show next arrow]
scr_cmd,[Wait for msg click]
scr_cmd,[Make active:4]
scr_cmd,[Erase text]
txt,,いつか来るその時まで。
scr_cmd,[Show next arrow]
scr_cmd,[Wait for msg click]
scr_cmd,[Make active:10]
scr_cmd,[Erase text]
txt,,……いつか来るその時まで。
scr_cmd,[Show next arrow]
scr_cmd,[Wait for msg click]
scr_cmd,[ms wait:600]
scr_cmd,[Change Screen: Fadeout then Darken] (4)
scr_cmd,[Script cleanup...] A(0x8000c) B(0x2000003c)
scr_cmd,Error: Unknown code:0xc00a9
scr_cmd,Error: Unknown code:0x0
scr_cmd,Error: Unknown code:0x2000000d
scr_cmd,Error: Unknown code:0x140008
scr_cmd,Error: Unknown code:0x1
scr_cmd,Error: Unknown code:0x0
scr_cmd,Error: Unknown code:0x20000001
scr_cmd,Error: Unknown code:0x3a6
scr_cmd,Error: Unknown code:0x140008
scr_cmd,Error: Unknown code:0x1
scr_cmd,Error: Unknown code:0x0
scr_cmd,Error: Unknown code:0x20000002
scr_cmd,Error: Unknown code:0x3a6
scr_cmd,Error: Unknown code:0x140008
scr_cmd,Error: Unknown code:0x1
scr_cmd,Error: Unknown code:0x0
scr_cmd,Error: Unknown code:0x20000003
scr_cmd,Error: Unknown code:0x3a6
scr_cmd,Error: Unknown code:0x140008
scr_cmd,Error: Unknown code:0x1
scr_cmd,Error: Unknown code:0x0
scr_cmd,Error: Unknown code:0x20000004
scr_cmd,Error: Unknown code:0x3ae
scr_cmd,Error: Unknown code:0x140008
scr_cmd,Error: Unknown code:0x1
scr_cmd,Error: Unknown code:0x0
scr_cmd,Error: Unknown code:0x20000005
scr_cmd,Error: Unknown code:0x3ae
scr_cmd,Error: Unknown code:0x8000b
scr_cmd,Error: Unknown code:0x3a6
scr_cmd,[Load chapter: 1]
scr_cmd,[Load chapter: 2]
scr_cmd,[END SCENE]
