scr_cmd,[Change Screen: Darken ] (0)
scr_cmd,[Unknown code 1: 0x20000000]
scr_cmd,[Show BG image N(10) S(1)]
scr_cmd,[Show char4with expr0at pos10on delay600]
scr_cmd,[Change Screen: Fadein then Lighten] (3)
scr_cmd,[Make active:10]
txt,,先生。
scr_cmd,[Show next arrow]
scr_cmd,[Wait for msg click]
scr_cmd,[Open nameless msg box at %4](0x2fffffff2fffffff)
scr_cmd,[Make active:4]
txt,,セシリス……
scr_cmd,[Show next arrow]
scr_cmd,[Wait for msg click]
scr_cmd,[Make active:10]
scr_cmd,[Erase text]
txt,,物見の尖塔が……
txt,,王杯をすべて揃えて、
txt,,その力を引き出そうとするなら。
txt,,這い出し者は、それを阻もうとするはずです。
scr_cmd,[Show next arrow]
scr_cmd,[Wait for msg click]
scr_cmd,[Make active:4]
scr_cmd,[Erase text]
txt,,……
scr_cmd,[Show next arrow]
scr_cmd,[Wait for msg click]
scr_cmd,[Make active:10]
scr_cmd,[Erase text]
txt,,まして王杯の探索、
txt,,あるいは奇跡を引き起こすための
txt,,儀式に集中すれば……
scr_cmd,[Show next arrow]
scr_cmd,[Wait for msg click]
scr_cmd,[Erase text]
txt,,いかに尖塔の力が優れていても。
txt,,這い出し者の進軍を留めることは、
txt,,至難と考えます。
scr_cmd,[Show next arrow]
scr_cmd,[Wait for msg click]
scr_cmd,[Make active:4]
scr_cmd,[Erase text]
txt,,……
scr_cmd,[Show next arrow]
scr_cmd,[Wait for msg click]
scr_cmd,[Make active:10]
scr_cmd,[Erase text]
txt,,先生、わたし……
txt,,わたしは、物見の尖塔に、行きたい。
scr_cmd,[Show next arrow]
scr_cmd,[Wait for msg click]
scr_cmd,[Make active:4]
scr_cmd,[Erase text]
txt,,ああ。
scr_cmd,[Show next arrow]
scr_cmd,[Wait for msg click]
scr_cmd,[Make active:10]
scr_cmd,[Erase text]
txt,,みんなも、同じ想いです。
scr_cmd,[Show next arrow]
scr_cmd,[Wait for msg click]
scr_cmd,[Make active:4]
scr_cmd,[Erase text]
txt,,そうか。
scr_cmd,[Show next arrow]
scr_cmd,[Wait for msg click]
scr_cmd,[Make active:10]
scr_cmd,[Erase text]
txt,,……
scr_cmd,[Show next arrow]
scr_cmd,[Wait for msg click]
scr_cmd,[Make active:4]
scr_cmd,[Erase text]
txt,,……わかった。
txt,,物見の尖塔に向かう。
txt,,純潔の盾の力を、存分に発揮してほしい。
scr_cmd,[Show next arrow]
scr_cmd,[Wait for msg click]
scr_cmd,[Make active:10]
scr_cmd,[Erase text]
txt,,はい！
scr_cmd,[Show next arrow]
scr_cmd,[Wait for msg click]
scr_cmd,[ms wait:600]
scr_cmd,[Change Screen: Fadeout then Darken] (4)
scr_cmd,[Script cleanup...] A(0x8000c) B(0x2000003c)
scr_cmd,Error: Unknown code:0xc0097
scr_cmd,Error: Unknown code:0x2000000b
scr_cmd,Error: Unknown code:0x20000001
scr_cmd,[END SCENE]
