scr_cmd,[Change Screen: Darken ] (0)
scr_cmd,[Unknown code 1: 0x20000000]
scr_cmd,[Play BGM #3]
scr_cmd,[Show BG image N(6) S(1)]
scr_cmd,[Open nameless msg box at %4](0x2fffffff2fffffff)
scr_cmd,[Change Screen: Fadein then Lighten] (3)
scr_cmd,[Make active:4]
txt,,……
scr_cmd,[Show next arrow]
scr_cmd,[Wait for msg click]
scr_cmd,[Show char117with expr0at pos10on delay600]
scr_cmd,[Make active:10]
txt,,……セグノール街道のことで頭が一杯かね？
scr_cmd,[Show next arrow]
scr_cmd,[Wait for msg click]
scr_cmd,[Make active:4]
scr_cmd,[Erase text]
txt,,……お見通しでしたか。
scr_cmd,[Show next arrow]
scr_cmd,[Wait for msg click]
scr_cmd,[Make active:10]
scr_cmd,[Erase text]
txt,,一人になると、そなたは顔に出る。
txt,,まるで変わらんな。
scr_cmd,[Show next arrow]
scr_cmd,[Wait for msg click]
scr_cmd,[Make active:4]
scr_cmd,[Erase text]
txt,,……
scr_cmd,[Show next arrow]
scr_cmd,[Wait for msg click]
scr_cmd,[Make active:10]
scr_cmd,[Erase text]
txt,,大地の底から湧き出でたか……
txt,,それとも時を待っておるか……
txt,,混沌の赤い種子が、
txt,,やんわりと姿を見せておると聞く。
scr_cmd,[Show next arrow]
scr_cmd,[Wait for msg click]
scr_cmd,[Make active:4]
scr_cmd,[Erase text]
txt,,それどころか、
txt,,守護塔や聖者の泉までもが……
txt,,混沌の気に触れて、
txt,,赤い炎を灯し始めた、と。
scr_cmd,[Show next arrow]
scr_cmd,[Wait for msg click]
scr_cmd,[Make active:10]
scr_cmd,[Erase text]
txt,,……
txt,,動く心積もりと見たが？
scr_cmd,[Show next arrow]
scr_cmd,[Wait for msg click]
scr_cmd,[Make active:4]
scr_cmd,[Erase text]
txt,,……はい。
scr_cmd,[Show next arrow]
scr_cmd,[Wait for msg click]
scr_cmd,[Make active:10]
scr_cmd,[Erase text]
txt,,……ほ。
scr_cmd,[Show next arrow]
scr_cmd,[Wait for msg click]
scr_cmd,[Make active:4]
scr_cmd,[Erase text]
txt,,けれど……
txt,,街道の這い出し者を
txt,,掃討するということは……
txt,,砦の中で守ったり、
txt,,戦いを避けられる探索とは、違います。
scr_cmd,[Show next arrow]
scr_cmd,[Wait for msg click]
scr_cmd,[Make active:10]
scr_cmd,[Erase text]
txt,,確かに。
txt,,なれども、あの子たちにとって……
txt,,そなたの指揮した二つの冒険が、
txt,,自信に変わっていように。
txt,,たとえわずかであっても。
scr_cmd,[Show next arrow]
scr_cmd,[Wait for msg click]
scr_cmd,[Make active:4]
scr_cmd,[Erase text]
txt,,……
scr_cmd,[Show next arrow]
scr_cmd,[Wait for msg click]
scr_cmd,[Make active:10]
scr_cmd,[Erase text]
txt,,そなたがあればこそ。
txt,,震える脚を強く支えて、歩めるというもの。
scr_cmd,[Show next arrow]
scr_cmd,[Wait for msg click]
scr_cmd,[Make active:4]
scr_cmd,[Erase text]
txt,,先生……
scr_cmd,[Show next arrow]
scr_cmd,[Wait for msg click]
scr_cmd,[Make active:10]
scr_cmd,[Erase text]
txt,,あの子たちの覚悟は、
txt,,そなたが帰還を果たしたあの日、
txt,,定まったのであろう。
txt,,ならば、
txt,,誰かがそれを受け止めねばなるまいよ。
scr_cmd,[Show next arrow]
scr_cmd,[Wait for msg click]
scr_cmd,[Make active:4]
scr_cmd,[Erase text]
txt,,……
scr_cmd,[Show next arrow]
scr_cmd,[Wait for msg click]
scr_cmd,[Make active:10]
scr_cmd,[Erase text]
txt,,などと、そなたを業深い道に
txt,,たらしこむ時が来ようとは。
txt,,まさしくこれこそ、
txt,,這い出し者と戦えぬ道理よな。
scr_cmd,[Show next arrow]
scr_cmd,[Wait for msg click]
scr_cmd,[Make active:4]
scr_cmd,[Erase text]
txt,,……ファルドラ様。
scr_cmd,[Show next arrow]
scr_cmd,[Wait for msg click]
scr_cmd,[Make active:10]
scr_cmd,[Erase text]
txt,,その顔だ。
scr_cmd,[Show next arrow]
scr_cmd,[Wait for msg click]
scr_cmd,[Make active:4]
scr_cmd,[Erase text]
txt,,……
scr_cmd,[Show next arrow]
scr_cmd,[Wait for msg click]
scr_cmd,[Make active:10]
scr_cmd,[Erase text]
txt,,みながそなたを見ておるぞ。
scr_cmd,[Show next arrow]
scr_cmd,[Wait for msg click]
scr_cmd,[Make active:4]
scr_cmd,[Erase text]
txt,,はい……
txt,,……ありがとうございます。
scr_cmd,[Show next arrow]
scr_cmd,[Wait for msg click]
scr_cmd,[Make active:10]
scr_cmd,[Erase text]
txt,,さて、な。
txt,,礼を言われる筋合いでもなかろうが……
txt,,ここは頂戴しておこう。
scr_cmd,[Show next arrow]
scr_cmd,[Wait for msg click]
scr_cmd,[ms wait:600]
scr_cmd,[Change Screen: Fadeout then Darken] (4)
scr_cmd,[Script cleanup...] A(0x8000c) B(0x2000003c)
scr_cmd,Error: Unknown code:0xc0097
scr_cmd,Error: Unknown code:0x20000003
scr_cmd,Error: Unknown code:0x20000001
scr_cmd,[END SCENE]
