scr_cmd,[Change Screen: Darken ] (0)
scr_cmd,[Unknown code 1: 0x20000000]
scr_cmd,[Show BG image N(1) S(1)]
scr_cmd,[Change Screen: Fadein then Lighten] (3)
scr_cmd,[ms wait:600]
scr_cmd,[Show char0with expr0at pos7on delay600]
scr_cmd,[Make active:7]
txt,,時間がない！
scr_cmd,[Show next arrow]
scr_cmd,[Wait for msg click]
scr_cmd,[Show char0with expr0at pos8on delay600]
scr_cmd,[Make active:8]
txt,,わかってる！
scr_cmd,[Show next arrow]
scr_cmd,[Wait for msg click]
scr_cmd,[ms wait:600]
scr_cmd,[Change Screen: Fadeout then Darken] (4)
scr_cmd,[Script cleanup...] A(0x8000c) B(0x2000003c)
scr_cmd,[END SCENE]
