scr_cmd,[Change Screen: Darken ] (0)
scr_cmd,[Show image &0] (&1748)
scr_cmd,Img params: X 0 Y 324 W 1024 H 128 U 0x35 A 0x20000000 C 0x0 D 0x0
scr_cmd,[Change Screen: Fadein then Lighten] (3)
scr_cmd,[Wait for click?]
scr_cmd,[Change Screen: Fadeout then Darken] (4)
scr_cmd,[Erase title]
scr_cmd,[ms wait:600]
scr_cmd,[Change Screen: Darken ] (0)
scr_cmd,[Unknown code 1: 0x20000001]
scr_cmd,[Play BGM #5]
scr_cmd,[Show BG image N(17) S(1)]
scr_cmd,[Show char11with expr0at pos5on delay600]
scr_cmd,[Change Screen: Fadein then Lighten] (3)
scr_cmd,[Make active:5]
scr_cmd,[Play voice 0 from folder 15]
txt,,やはり発つか、アルシエ。
scr_cmd,[Show next arrow]
scr_cmd,[Wait for msg click]
scr_cmd,[Show char6with expr0at pos6on delay600]
scr_cmd,[Make active:6]
scr_cmd,[Play voice 1 from folder 15]
txt,,かような危急存亡の折に……
scr_cmd,[Show next arrow]
scr_cmd,[Wait for msg click]
scr_cmd,[Play voice 2 from folder 15]
txt,,申し訳ありません、殿下。
scr_cmd,[Show next arrow]
scr_cmd,[Wait for msg click]
scr_cmd,[Play voice 3 from folder 15]
txt,,ですが、どうか、
txt,,旅立ちをお許しいただきとうございます。
scr_cmd,[Show next arrow]
scr_cmd,[Wait for msg click]
scr_cmd,[Make active:5]
scr_cmd,[Erase text]
scr_cmd,[Play voice 4 from folder 15]
txt,,裏切り者の謗りは免れまいぞ。
scr_cmd,[Show next arrow]
scr_cmd,[Wait for msg click]
scr_cmd,[Make active:6]
scr_cmd,[Erase text]
scr_cmd,[Play voice 5 from folder 15]
txt,,……覚悟の上です。
scr_cmd,[Show next arrow]
scr_cmd,[Wait for msg click]
scr_cmd,[Make active:5]
scr_cmd,[Erase text]
scr_cmd,[Play voice 6 from folder 15]
txt,,物見の尖塔を目指すか。
scr_cmd,[Show next arrow]
scr_cmd,[Wait for msg click]
scr_cmd,[Play voice 7 from folder 15]
txt,,パラダインに願いが届くとも思えんが……
scr_cmd,[Show next arrow]
scr_cmd,[Wait for msg click]
scr_cmd,[Make active:6]
scr_cmd,[Erase text]
txt,,……
scr_cmd,[Show next arrow]
scr_cmd,[Wait for msg click]
scr_cmd,[Make active:5]
scr_cmd,[Erase text]
scr_cmd,[Play voice 8 from folder 15]
txt,,……二度と再び、
txt,,ゴスペルの地を踏めるとは思うな。
scr_cmd,[Show next arrow]
scr_cmd,[Wait for msg click]
scr_cmd,[Make active:6]
scr_cmd,[Erase text]
txt,,……
scr_cmd,[Show next arrow]
scr_cmd,[Wait for msg click]
scr_cmd,[Make active:5]
scr_cmd,[Erase text]
scr_cmd,[Play voice 9 from folder 15]
txt,,だが、存分に暴れてくるがいい。
scr_cmd,[Show next arrow]
scr_cmd,[Wait for msg click]
scr_cmd,[Play voice 10 from folder 15]
txt,,おまえに流れる、
txt,,聖セヴィエスの血が痛むと言うのなら、
txt,,せめて、存分に。
scr_cmd,[Show next arrow]
scr_cmd,[Wait for msg click]
scr_cmd,[Make active:6]
scr_cmd,[Erase text]
scr_cmd,[Play voice 11 from folder 15]
txt,,……殿下。
scr_cmd,[Show next arrow]
scr_cmd,[Wait for msg click]
scr_cmd,[Make active:5]
scr_cmd,[Erase text]
scr_cmd,[Play voice 12 from folder 15]
txt,,ロイヤル・センテで受けた戦痕は、
txt,,我ら未だ癒えぬ。
scr_cmd,[Show next arrow]
scr_cmd,[Wait for msg click]
scr_cmd,[Play voice 13 from folder 15]
txt,,この上おまえを欠くなど、
txt,,思いもよらなかった。
scr_cmd,[Show next arrow]
scr_cmd,[Wait for msg click]
scr_cmd,[Make active:6]
scr_cmd,[Erase text]
txt,,……
scr_cmd,[Show next arrow]
scr_cmd,[Wait for msg click]
scr_cmd,[Make active:5]
scr_cmd,[Erase text]
scr_cmd,[Play voice 14 from folder 15]
txt,,だが、そんなおまえの生き方も、
txt,,ゴスペルブラスの義に叶うものだと信じる。
scr_cmd,[Show next arrow]
scr_cmd,[Wait for msg click]
scr_cmd,[Play voice 15 from folder 15]
txt,,やはり、
txt,,その体に流れるは聖セヴィエスの血潮か。
scr_cmd,[Show next arrow]
scr_cmd,[Wait for msg click]
scr_cmd,[Play voice 16 from folder 15]
txt,,ここには、留め置くこともできん。
scr_cmd,[Show next arrow]
scr_cmd,[Wait for msg click]
scr_cmd,[Make active:6]
scr_cmd,[Erase text]
txt,,……
scr_cmd,[Show next arrow]
scr_cmd,[Wait for msg click]
scr_cmd,[Make active:5]
scr_cmd,[Erase text]
scr_cmd,[Play voice 17 from folder 15]
txt,,生命あれば、
txt,,再びあいまみえることもできよう。
scr_cmd,[Show next arrow]
scr_cmd,[Wait for msg click]
scr_cmd,[Play voice 18 from folder 15]
txt,,死ぬなよ、その時まで。
scr_cmd,[Show next arrow]
scr_cmd,[Wait for msg click]
scr_cmd,[Make active:6]
scr_cmd,[Erase text]
scr_cmd,[Play voice 19 from folder 15]
txt,,ありがたき、お言葉……
scr_cmd,[Show next arrow]
scr_cmd,[Wait for msg click]
scr_cmd,[Play voice 20 from folder 15]
txt,,殿下も、どうかご無事で。
scr_cmd,[Show next arrow]
scr_cmd,[Wait for msg click]
scr_cmd,[ms wait:600]
scr_cmd,[Change Screen: Fadeout then Darken] (4)
scr_cmd,[Script cleanup...] A(0x8000c) B(0x2000003c)
scr_cmd,[Unknown code 1: 0x20000000]
scr_cmd,[Show BG image N(17) S(1)]
scr_cmd,[Show char19with expr0at pos7on delay600]
scr_cmd,[Change Screen: Fadein then Lighten] (3)
scr_cmd,[Make active:7]
txt,,……居心地の良い陽だまりでありましたかな、
txt,,ここは。
txt,,弱々しく舞い降りたその羽が、
txt,,力強さをもって今、ああしてはばたき申す。
scr_cmd,[Show next arrow]
scr_cmd,[Wait for msg click]
scr_cmd,[Show char11with expr0at pos8on delay600]
scr_cmd,[Make active:8]
txt,,カドモス。
txt,,具合はいいのか？
scr_cmd,[Show next arrow]
scr_cmd,[Wait for msg click]
scr_cmd,[Make active:7]
scr_cmd,[Erase text]
txt,,なんのこれしき……
txt,,まだ、剣を振れそうにはありませぬがな。
scr_cmd,[Show next arrow]
scr_cmd,[Wait for msg click]
scr_cmd,[Make active:8]
scr_cmd,[Erase text]
txt,,我らが師、ブラキ＝バトゥは
txt,,その行方も知れず。
txt,,四天王を統べるパイロス＝フィクトバーンも、
txt,,未だつるぎを抜くことさえままならぬ。
scr_cmd,[Show next arrow]
scr_cmd,[Wait for msg click]
scr_cmd,[Make active:7]
scr_cmd,[Erase text]
txt,,……
scr_cmd,[Show next arrow]
scr_cmd,[Wait for msg click]
scr_cmd,[Make active:8]
scr_cmd,[Erase text]
txt,,師は、おまえの友。
txt,,こんな時、友は、何とした？
scr_cmd,[Show next arrow]
scr_cmd,[Wait for msg click]
scr_cmd,[Make active:7]
scr_cmd,[Erase text]
txt,,殿下。
txt,,我等は義に依って立ち、
txt,,義に依って生きる宿命。
txt,,我等のことごとくが今もってなお
txt,,修行の身であればこそ……
scr_cmd,[Show next arrow]
scr_cmd,[Wait for msg click]
scr_cmd,[Erase text]
scr_cmd,[Make active:8]
scr_cmd,[Erase text]
txt,,……
scr_cmd,[Make active:7]
txt,,師ブラキは後世、
txt,,指揮杖を携えるに相応しいあなた様を
txt,,見初められたのです。
scr_cmd,[Show next arrow]
scr_cmd,[Wait for msg click]
scr_cmd,[Make active:8]
scr_cmd,[Erase text]
txt,,バカな。
txt,,俺はまだ十二。
txt,,四大の行く末など、決められるわけがない。
scr_cmd,[Show next arrow]
scr_cmd,[Wait for msg click]
scr_cmd,[Make active:7]
scr_cmd,[Erase text]
txt,,殿下の御力は、我等のそれとは、
txt,,断じて存在も意味もことなりますぞ。
txt,,魔術のなんたるかを知り得ながら、
txt,,ゴスペルブラスの義心と剣とを尊ばれる。
scr_cmd,[Show next arrow]
scr_cmd,[Wait for msg click]
scr_cmd,[Erase text]
scr_cmd,[Make active:8]
scr_cmd,[Erase text]
txt,,……
scr_cmd,[Make active:7]
txt,,そんな豊かな心を、
txt,,あなた様は携えておられる。
txt,,殿下がエルメナスにいらした二年前のあの日、
txt,,誰もがあなた様を、来たるべきパラダインの
txt,,峻抜として思い描いたことでしょう。
scr_cmd,[Show next arrow]
scr_cmd,[Wait for msg click]
scr_cmd,[Erase text]
txt,,しかし、ブラキは見抜いた。
txt,,あなた様が、
txt,,合理と魔術だけを重んじるパラダインに、
txt,,すんなり収まるような器ではないと。
scr_cmd,[Show next arrow]
scr_cmd,[Wait for msg click]
scr_cmd,[Make active:8]
scr_cmd,[Erase text]
txt,,……
scr_cmd,[Show next arrow]
scr_cmd,[Wait for msg click]
scr_cmd,[Make active:7]
scr_cmd,[Erase text]
txt,,どうか、お導きくだされ。
txt,,太帝国ベルドラキにおわす
txt,,ミュージィ大公のご子息として。
txt,,覇道の正柱の総帥として。
scr_cmd,[Show next arrow]
scr_cmd,[Wait for msg click]
scr_cmd,[Erase text]
txt,,我等は、ゴスペルブラスの誇りに義を懸けて、
txt,,殿下に忠誠を誓いましょうぞ。
scr_cmd,[Show next arrow]
scr_cmd,[Wait for msg click]
scr_cmd,[ms wait:600]
scr_cmd,[Change Screen: Fadeout then Darken] (4)
scr_cmd,[Script cleanup...] A(0x8000c) B(0x2000003c)
scr_cmd,Error: Unknown code:0xc0097
scr_cmd,Error: Unknown code:0x2000000b
scr_cmd,Error: Unknown code:0x20000000
scr_cmd,Error: Unknown code:0xc005b
scr_cmd,Error: Unknown code:0x20000006
scr_cmd,Error: Unknown code:0x20000002
scr_cmd,[END SCENE]
