scr_cmd,Error: Unknown code:0xc00a9
scr_cmd,Error: Unknown code:0x0
scr_cmd,Error: Unknown code:0x2000001d
scr_cmd,Error: Unknown code:0x140008
scr_cmd,Error: Unknown code:0x1
scr_cmd,Error: Unknown code:0x0
scr_cmd,Error: Unknown code:0x20000001
scr_cmd,Error: Unknown code:0x78
scr_cmd,Error: Unknown code:0x140008
scr_cmd,Error: Unknown code:0x1
scr_cmd,Error: Unknown code:0x0
scr_cmd,Error: Unknown code:0x20000002
scr_cmd,Error: Unknown code:0x90
scr_cmd,Error: Unknown code:0x140008
scr_cmd,Error: Unknown code:0x1
scr_cmd,Error: Unknown code:0x0
scr_cmd,Error: Unknown code:0x20000003
scr_cmd,Error: Unknown code:0x90
scr_cmd,Error: Unknown code:0x140008
scr_cmd,Error: Unknown code:0x1
scr_cmd,Error: Unknown code:0x0
scr_cmd,Error: Unknown code:0x20000004
scr_cmd,Error: Unknown code:0xa8
scr_cmd,Error: Unknown code:0x140008
scr_cmd,Error: Unknown code:0x1
scr_cmd,Error: Unknown code:0x0
scr_cmd,Error: Unknown code:0x20000005
scr_cmd,Error: Unknown code:0xa8
scr_cmd,Error: Unknown code:0x8000b
scr_cmd,Error: Unknown code:0x90
scr_cmd,Error: Unknown code:0x80090
scr_cmd,Error: Unknown code:0x20000019
scr_cmd,Error: Unknown code:0x80090
scr_cmd,Error: Unknown code:0x2000001f
scr_cmd,Error: Unknown code:0x8000b
scr_cmd,Error: Unknown code:0xb8
scr_cmd,Error: Unknown code:0x80090
scr_cmd,Error: Unknown code:0x2000001b
scr_cmd,Error: Unknown code:0x80090
scr_cmd,Error: Unknown code:0x2000001d
scr_cmd,Error: Unknown code:0x8000b
scr_cmd,Error: Unknown code:0xb8
scr_cmd,Error: Unknown code:0x80090
scr_cmd,Error: Unknown code:0x2000001a
scr_cmd,Error: Unknown code:0x80090
scr_cmd,Error: Unknown code:0x2000001e
scr_cmd,Error: Unknown code:0x80090
scr_cmd,Error: Unknown code:0x20000070
scr_cmd,[Change Screen: Darken ] (0)
scr_cmd,[Unknown code 1: 0x20000000]
scr_cmd,[Show BG image N(25) S(1)]
scr_cmd,[Show char112with expr0at pos10on delay600]
scr_cmd,[Change Screen: Fadein then Lighten] (3)
scr_cmd,[Make active:10]
txt,,純潔の盾は、見事です。
txt,,もはや、否定はしますまい。
scr_cmd,[Show next arrow]
scr_cmd,[Wait for msg click]
scr_cmd,[Open nameless msg box at %4](0x2fffffff2fffffff)
scr_cmd,[Make active:4]
txt,,……
scr_cmd,[Show next arrow]
scr_cmd,[Wait for msg click]
scr_cmd,[Make active:10]
scr_cmd,[Erase text]
txt,,しかしながら、正直に申し上げるなら。
txt,,今もってパラダインよりも優ると、
txt,,納得したつもりもないのです。
scr_cmd,[Show next arrow]
scr_cmd,[Wait for msg click]
scr_cmd,[Make active:4]
scr_cmd,[Erase text]
txt,,……
scr_cmd,[Show next arrow]
scr_cmd,[Wait for msg click]
scr_cmd,[Make active:10]
scr_cmd,[Erase text]
txt,,わたしとしては、
txt,,その理由を確かねばなりません。
scr_cmd,[Show next arrow]
scr_cmd,[Wait for msg click]
scr_cmd,[Make active:4]
scr_cmd,[Erase text]
txt,,……
scr_cmd,[Show next arrow]
scr_cmd,[Wait for msg click]
scr_cmd,[Make active:10]
scr_cmd,[Erase text]
txt,,お願いします。
txt,,わずかな時間でも構いません。
txt,,置いてくださいませんか、ここに。
scr_cmd,[Show next arrow]
scr_cmd,[Wait for msg click]
scr_cmd,[Make active:4]
scr_cmd,[Erase text]
txt,,……
scr_cmd,[Show next arrow]
scr_cmd,[Wait for msg click]
scr_cmd,[Make active:10]
scr_cmd,[Erase text]
txt,,かならず、あなたの役に立つということを、
txt,,証明してみせます。
scr_cmd,[Show next arrow]
scr_cmd,[Wait for msg click]
scr_cmd,[Make active:4]
scr_cmd,[Erase text]
txt,,……はい。
txt,,オスキルとニーを、
txt,,純潔の盾に送り出してくださったのは、
txt,,あなたです。
scr_cmd,[Show next arrow]
scr_cmd,[Wait for msg click]
scr_cmd,[Make active:10]
scr_cmd,[Erase text]
txt,,パラダインには……
txt,,あなた方との戦いを経て、
txt,,純潔の盾で力を合わせてみたいと
txt,,言う子がいます。
scr_cmd,[Show next arrow]
scr_cmd,[Wait for msg click]
scr_cmd,[Make active:4]
scr_cmd,[Erase text]
txt,,……
scr_cmd,[Show next arrow]
scr_cmd,[Wait for msg click]
scr_cmd,[Make active:10]
scr_cmd,[Erase text]
txt,,もとよりわたし達は、遅かれ早かれ旅立つ身。
txt,,最後にあなたの元で学べることには、
txt,,大きな意義があるはずです。
scr_cmd,[Show next arrow]
scr_cmd,[Wait for msg click]
scr_cmd,[Make active:4]
scr_cmd,[Erase text]
txt,,……シュナイドラ卿。
scr_cmd,[Show next arrow]
scr_cmd,[Wait for msg click]
scr_cmd,[Make active:10]
scr_cmd,[Erase text]
txt,,それでは純潔の盾の長よ。
txt,,これより先の導きに、
txt,,幸の多からんことを願います。
scr_cmd,[Show next arrow]
scr_cmd,[Wait for msg click]
scr_cmd,[ms wait:600]
scr_cmd,[Change Screen: Fadeout then Darken] (4)
scr_cmd,[Script cleanup...] A(0x8000c) B(0x2000003c)
scr_cmd,[END SCENE]
