scr_cmd,[Change Screen: Darken ] (0)
scr_cmd,[Unknown code 1: 0x20000000]
scr_cmd,[Show BG image N(1) S(1)]
scr_cmd,[Show char3with expr0at pos7on delay600]
scr_cmd,[Change Screen: Fadein then Lighten] (3)
scr_cmd,[Make active:7]
txt,,先生、テルベ湖畔、交戦中です。
txt,,第八、第七守護塔、稼動しています。
scr_cmd,[Show next arrow]
scr_cmd,[Wait for msg click]
scr_cmd,[Open nameless msg box at %4](0x2fffffff2fffffff)
scr_cmd,[Make active:4]
txt,,テルベ？
scr_cmd,[Show next arrow]
scr_cmd,[Wait for msg click]
scr_cmd,[Make active:7]
scr_cmd,[Erase text]
txt,,聖者の水盤群、順次交戦を開始。
txt,,第六守護塔、起動。
txt,,先生。
txt,,エルベロワに近づいています。
scr_cmd,[Show next arrow]
scr_cmd,[Wait for msg click]
scr_cmd,[Make active:4]
scr_cmd,[Erase text]
txt,,……守っている？
txt,,純潔の盾ゆかりの者、か……
scr_cmd,[Show next arrow]
scr_cmd,[Wait for msg click]
scr_cmd,[Make active:7]
scr_cmd,[Erase text]
txt,,……
scr_cmd,[Show char5with expr0at pos8on delay600]
scr_cmd,[Make active:8]
txt,,先生。
scr_cmd,[Show next arrow]
scr_cmd,[Wait for msg click]
scr_cmd,[Make active:4]
scr_cmd,[Erase text]
txt,,見捨てるわけにはいくまいな。
txt,,テルベの近隣は守りに適した土地じゃない。
txt,,迎撃は最低限、可能な限りでいい。
txt,,援護、保護を行いつつ、守護塔を通じて退く。
scr_cmd,[Show next arrow]
scr_cmd,[Wait for msg click]
scr_cmd,[ms wait:600]
scr_cmd,[Change Screen: Fadeout then Darken] (4)
scr_cmd,[Script cleanup...] A(0x8000c) B(0x2000003c)
scr_cmd,[END SCENE]
