scr_cmd,[Change Screen: Darken ] (0)
scr_cmd,[Show image &0] (&1054)
scr_cmd,Img params: X 0 Y 324 W 1024 H 128 U 0x35 A 0x20000000 C 0x0 D 0x0
scr_cmd,[Change Screen: Fadein then Lighten] (3)
scr_cmd,[Wait for click?]
scr_cmd,[Change Screen: Fadeout then Darken] (4)
scr_cmd,[Erase title]
scr_cmd,[ms wait:600]
scr_cmd,[Change Screen: Darken ] (0)
scr_cmd,[Unknown code 1: 0x20000001]
scr_cmd,[Play BGM #12]
scr_cmd,[Show BG image N(10) S(1)]
scr_cmd,[Show char11with expr0at pos6on delay600]
scr_cmd,[Change Screen: Fadein then Lighten] (3)
scr_cmd,[Make active:6]
scr_cmd,[Play voice 0 from folder 56]
txt,,ご機嫌はいかがか、純潔の盾よ。
scr_cmd,[Show next arrow]
scr_cmd,[Wait for msg click]
scr_cmd,[Show char3with expr0at pos5on delay600]
scr_cmd,[Make active:5]
scr_cmd,[Play voice 1 from folder 56]
txt,,シリウス＝ミュージィ……
scr_cmd,[Show next arrow]
scr_cmd,[Wait for msg click]
scr_cmd,[Make active:6]
scr_cmd,[Erase text]
scr_cmd,[Play voice 2 from folder 56]
txt,,そろそろ、ハッキリさせておきましょう。
scr_cmd,[Show next arrow]
scr_cmd,[Wait for msg click]
scr_cmd,[Play voice 3 from folder 56]
txt,,純潔の盾は、四大たりえるものかどうか。
scr_cmd,[Show next arrow]
scr_cmd,[Wait for msg click]
scr_cmd,[Make active:5]
scr_cmd,[Erase text]
scr_cmd,[Play voice 4 from folder 56]
txt,,……
scr_cmd,[Show next arrow]
scr_cmd,[Wait for msg click]
scr_cmd,[Make active:6]
scr_cmd,[Erase text]
txt,,……
scr_cmd,[Show next arrow]
scr_cmd,[Wait for msg click]
scr_cmd,[Make active:5]
scr_cmd,[Erase text]
scr_cmd,[Change id 5 to character 5 with expr 0]
scr_cmd,[Unknown code 2]
scr_cmd,[Make active:5]
scr_cmd,[Play voice 5 from folder 56]
txt,,まあまあ、落ち着きなさいってば、
txt,,ふたりとも、ね？
scr_cmd,[Show next arrow]
scr_cmd,[Wait for msg click]
scr_cmd,[Make active:6]
scr_cmd,[Erase text]
scr_cmd,[Play voice 6 from folder 56]
txt,,でしゃばってくれるなよ、
txt,,ヒュベリオスごとき小国の分際で……
scr_cmd,[Show next arrow]
scr_cmd,[Wait for msg click]
scr_cmd,[Make active:5]
scr_cmd,[Erase text]
scr_cmd,[Play voice 7 from folder 56]
txt,,あら〜
scr_cmd,[Show next arrow]
scr_cmd,[Wait for msg click]
scr_cmd,[Play voice 8 from folder 56]
txt,,つまんないコト気にするじゃナイ。
scr_cmd,[Show next arrow]
scr_cmd,[Wait for msg click]
scr_cmd,[Play voice 9 from folder 56]
txt,,それより、たったの五人で、
txt,,わたし達の相手をするつもり？
scr_cmd,[Show next arrow]
scr_cmd,[Wait for msg click]
scr_cmd,[Erase text]
scr_cmd,[Make active:6]
scr_cmd,[Erase text]
txt,,……
scr_cmd,[Make active:5]
scr_cmd,[Play voice 10 from folder 56]
txt,,いくらなんでも、
txt,,そりゃ無茶ってもんじゃな〜い？
scr_cmd,[Show next arrow]
scr_cmd,[Wait for msg click]
scr_cmd,[Make active:6]
scr_cmd,[Erase text]
scr_cmd,[Play voice 11 from folder 56]
txt,,一息に飲み干しては、その味もわかるまい。
scr_cmd,[Show next arrow]
scr_cmd,[Wait for msg click]
scr_cmd,[Make active:5]
scr_cmd,[Erase text]
scr_cmd,[Play voice 12 from folder 56]
txt,,……上等〜
scr_cmd,[Show next arrow]
scr_cmd,[Wait for msg click]
scr_cmd,[Make active:6]
scr_cmd,[Erase text]
scr_cmd,[Change id 6 to character 6 with expr 0]
scr_cmd,[Unknown code 2]
scr_cmd,[Make active:6]
txt,,……
scr_cmd,[Show next arrow]
scr_cmd,[Wait for msg click]
scr_cmd,[Make active:5]
scr_cmd,[Erase text]
scr_cmd,[Play voice 13 from folder 56]
txt,,んじゃアルシエ。
scr_cmd,[Show next arrow]
scr_cmd,[Wait for msg click]
scr_cmd,[Play voice 14 from folder 56]
txt,,戦いたくないのなら、
txt,,下がっててもいいのよ？
scr_cmd,[Show next arrow]
scr_cmd,[Wait for msg click]
scr_cmd,[Make active:6]
scr_cmd,[Erase text]
scr_cmd,[Play voice 15 from folder 56]
txt,,否。
scr_cmd,[Show next arrow]
scr_cmd,[Wait for msg click]
scr_cmd,[Play voice 16 from folder 56]
txt,,戦うために、ここに名を連らねた。
scr_cmd,[Show next arrow]
scr_cmd,[Wait for msg click]
scr_cmd,[Play voice 17 from folder 56]
txt,,下がるわけにはいかない。
scr_cmd,[Show next arrow]
scr_cmd,[Wait for msg click]
scr_cmd,[Make active:5]
scr_cmd,[Erase text]
scr_cmd,[Change id 5 to character 11 with expr 0]
scr_cmd,[Unknown code 2]
scr_cmd,[Make active:5]
scr_cmd,[Play voice 18 from folder 56]
txt,,ならば、待ちに待った宴の始まりだ……！
scr_cmd,[Show next arrow]
scr_cmd,[Wait for msg click]
scr_cmd,[ms wait:600]
scr_cmd,[Change Screen: Fadeout then Darken] (4)
scr_cmd,[Script cleanup...] A(0x8000c) B(0x2000003c)
scr_cmd,Error: Unknown code:0xc0097
scr_cmd,Error: Unknown code:0x2000000c
scr_cmd,Error: Unknown code:0x20000001
scr_cmd,Error: Unknown code:0xc005b
scr_cmd,Error: Unknown code:0x2000000a
scr_cmd,Error: Unknown code:0x20000002
scr_cmd,[END SCENE]
