scr_cmd,[Change Screen: Darken ] (0)
scr_cmd,[Unknown code 1: 0x20000001]
scr_cmd,[Show BG image N(1) S(1)]
scr_cmd,[Change Screen: Fadein then Lighten] (3)
scr_cmd,[ms wait:600]
scr_cmd,[Open nameless msg box at %0](0x2fffffff2fffffff)
scr_cmd,[Make active:0]
txt,,　
txt,,　
txt,,長い長い、エンディミオンでの暮らしが幕を開ける
txt,,白皙の城砦こそは、純潔の盾の居城であり、懐かしの我が家である
scr_cmd,[Show next arrow]
scr_cmd,[Wait for msg click]
scr_cmd,[ms wait:600]
scr_cmd,[Change Screen: Fadeout then Darken] (4)
scr_cmd,[Script cleanup...] A(0x8000c) B(0x2000003c)
scr_cmd,[END SCENE]
