scr_cmd,[Change Screen: Darken ] (0)
scr_cmd,[Show image &0] (&480)
scr_cmd,Img params: X 0 Y 324 W 1024 H 128 U 0x35 A 0x20000000 C 0x0 D 0x0
scr_cmd,[Change Screen: Fadein then Lighten] (3)
scr_cmd,[Wait for click?]
scr_cmd,[Change Screen: Fadeout then Darken] (4)
scr_cmd,[Erase title]
scr_cmd,[ms wait:600]
scr_cmd,[Change Screen: Darken ] (0)
scr_cmd,[Unknown code 1: 0x20000000]
scr_cmd,[Play BGM #5]
scr_cmd,[Show BG image N(118) S(1)]
scr_cmd,[Change Screen: Fadein then Lighten] (3)
scr_cmd,[ms wait:600]
scr_cmd,[Show char127with expr0at pos7on delay600]
scr_cmd,[Make active:7]
txt,,イノセンティアも、やっとで動く。
scr_cmd,[Show next arrow]
scr_cmd,[Wait for msg click]
scr_cmd,[Show char128with expr0at pos8on delay600]
scr_cmd,[Make active:8]
txt,,純潔の盾もまた、
txt,,つむがれるタペストリを彩る無二の絹糸。
txt,,はばたく時が近づいておるようじゃ。
scr_cmd,[Show next arrow]
scr_cmd,[Wait for msg click]
scr_cmd,[Make active:7]
scr_cmd,[Erase text]
txt,,……
scr_cmd,[Show char129with expr0at pos9on delay600]
scr_cmd,[Make active:9]
txt,,誰が成す？
txt,,何を成す？
txt,,そして我等は、何を見出す？
scr_cmd,[Show next arrow]
scr_cmd,[Wait for msg click]
scr_cmd,[Make active:8]
scr_cmd,[Erase text]
txt,,……
scr_cmd,[Make active:7]
scr_cmd,[Erase text]
txt,,すべては時の中に。
txt,,光もなく、闇もなく。
txt,,ただ、薄青い雪の中に。
scr_cmd,[Show next arrow]
scr_cmd,[Wait for msg click]
scr_cmd,[ms wait:600]
scr_cmd,[Change Screen: Fadeout then Darken] (4)
scr_cmd,[Script cleanup...] A(0x8000c) B(0x2000003c)
scr_cmd,[Load chapter: 1]
scr_cmd,[END SCENE]
