scr_cmd,[Change Screen: Darken ]
scr_cmd,[Unknown code 1]
scr_cmd,[Play BGM #34]
scr_cmd,[Show BG image (wip:
scr_cmd,[Show char1with expr0at pos5on delay600]
scr_cmd,[Change Screen: Fadein then Lighten]
scr_cmd,[Make active:5]
scr_cmd,[Play voice 0 from folder 13]
txt,,ふぅ。
scr_cmd,[Show next arrow]
scr_cmd,[Wait for msg click]
scr_cmd,[Play voice 1 from folder 13]
txt,,この森、な〜んで
txt,,こんなに沈んでんのカナ……
scr_cmd,[Show next arrow]
scr_cmd,[Wait for msg click]
scr_cmd,[Erase text]
txt,,……
scr_cmd,[Show next arrow]
scr_cmd,[Wait for msg click]
scr_cmd,[Erase text]
scr_cmd,[Play voice 2 from folder 13]
txt,,……なんか、ヤバイかも。
scr_cmd,[Show next arrow]
scr_cmd,[Wait for msg click]
scr_cmd,[Erase text]
scr_cmd,Error: Unknown code:b' \x00\x0c\x00'
scr_cmd,Error: Unknown code:b'\x05\x00\x00 '
scr_cmd,Error: Unknown code:b'\x1e\x00\x00 '
scr_cmd,[ms wait:600]
scr_cmd,[Show char130with expr0at pos6on delay600]
scr_cmd,[Make active:6]
scr_cmd,[Play voice 3 from folder 13]
txt,,聞こえる……
scr_cmd,[Show next arrow]
scr_cmd,[Wait for msg click]
scr_cmd,[Erase text]
scr_cmd,[Play voice 4 from folder 13]
txt,,血が、騒ぐ。
scr_cmd,[Show next arrow]
scr_cmd,[Wait for msg click]
scr_cmd,[Play voice 5 from folder 13]
txt,,……この誓い、果たす。
scr_cmd,[Show next arrow]
scr_cmd,[Wait for msg click]
scr_cmd,[Erase text]
scr_cmd,Error: Unknown code:b' \x00\x0c\x00'
scr_cmd,Error: Unknown code:b'\x06\x00\x00 '
scr_cmd,Error: Unknown code:b'\x1e\x00\x00 '
scr_cmd,[ms wait:600]
scr_cmd,[Show char1with expr0at pos5on delay600]
scr_cmd,[Make active:5]
scr_cmd,[Play voice 6 from folder 13]
txt,,……ん
scr_cmd,[Show next arrow]
scr_cmd,[Wait for msg click]
scr_cmd,[Play voice 7 from folder 13]
txt,,ぅ……
scr_cmd,[Show next arrow]
scr_cmd,[Wait for msg click]
scr_cmd,[Erase text]
scr_cmd,[Play voice 8 from folder 13]
txt,,ぷはぁ〜〜〜
scr_cmd,[Show next arrow]
scr_cmd,[Wait for msg click]
scr_cmd,[Erase text]
scr_cmd,[Play voice 9 from folder 13]
txt,,……コレってば。
scr_cmd,[Show next arrow]
scr_cmd,[Wait for msg click]
scr_cmd,[Play voice 10 from folder 13]
txt,,見ちゃいけないモノ、
txt,,見ちゃったのかナ〜〜〜？
scr_cmd,[Show next arrow]
scr_cmd,[Wait for msg click]
scr_cmd,[Erase text]
scr_cmd,[Play voice 11 from folder 13]
txt,,うう〜
scr_cmd,[Show next arrow]
scr_cmd,[Wait for msg click]
scr_cmd,[Play voice 12 from folder 13]
txt,,でもでも、
txt,,見なかったことにするなんて、
txt,,できないよぅ〜〜〜
scr_cmd,[Show next arrow]
scr_cmd,[Wait for msg click]
scr_cmd,[Erase text]
scr_cmd,[Play voice 13 from folder 13]
txt,,さ〜て、どうするキャロット。
scr_cmd,[Show next arrow]
scr_cmd,[Wait for msg click]
scr_cmd,[Play voice 14 from folder 13]
txt,,中央校舎は瓦礫の山だし、
txt,,賢者様なんてどこにもいないし。
scr_cmd,[Show next arrow]
scr_cmd,[Wait for msg click]
scr_cmd,[Play voice 15 from folder 13]
txt,,けどこれも試験の内かもしれないし。
scr_cmd,[Show next arrow]
scr_cmd,[Wait for msg click]
scr_cmd,[Erase text]
scr_cmd,[Play voice 16 from folder 13]
txt,,相変わらず教室も見つからないし、
txt,,学生寮だってないんじゃ〜ん！！！
scr_cmd,[Show next arrow]
scr_cmd,[Wait for msg click]
scr_cmd,[Play voice 17 from folder 13]
txt,,ほんとにココ、
txt,,エルメナスなの〜〜〜〜！？
scr_cmd,[Show next arrow]
scr_cmd,[Wait for msg click]
scr_cmd,[ms wait:600]
scr_cmd,[Change Screen: Fadeout then Darken]
scr_cmd,[Script cleanup...]
scr_cmd,[Load chapter: 0]
scr_cmd,[END SCENE]
