scr_cmd,[Change Screen: Darken ]
scr_cmd,[Unknown code 1]
scr_cmd,[Play BGM #16]
scr_cmd,[Show BG image (wip:
scr_cmd,[Open nameless msg box at0]
scr_cmd,[Change Screen: Fadein then Lighten]
scr_cmd,[Make active:0]
scr_cmd,[Play voice 0 from folder 85]
txt,,拝啓。
scr_cmd,[Show next arrow]
scr_cmd,[Wait for msg click]
scr_cmd,[Play voice 1 from folder 85]
txt,,親愛なる、先生へ。
scr_cmd,[Show next arrow]
scr_cmd,[Wait for msg click]
scr_cmd,[Erase text]
scr_cmd,[Play voice 2 from folder 85]
txt,,訪れた先は、静寂の都……
scr_cmd,[Show next arrow]
scr_cmd,[Wait for msg click]
scr_cmd,[Play voice 3 from folder 85]
txt,,そこでわたしは、物言わぬ老賢者様に出会いました。
scr_cmd,[Show next arrow]
scr_cmd,[Wait for msg click]
scr_cmd,[Play voice 4 from folder 85]
txt,,その方は、ただ野山を歩き、病めるヘラジカを癒し、
txt,,木漏れ日の下でよく昼寝をしたものです。
scr_cmd,[Show next arrow]
scr_cmd,[Wait for msg click]
scr_cmd,[Play voice 5 from folder 85]
txt,,畑を見守り、実りをもぐことが、わたしの日課になりました。
scr_cmd,[Show next arrow]
scr_cmd,[Wait for msg click]
scr_cmd,[Play voice 6 from folder 85]
txt,,食事は、ほんのすこし……
scr_cmd,[Show next arrow]
scr_cmd,[Wait for msg click]
scr_cmd,[Play voice 7 from folder 85]
txt,,でも、優しさがいっぱいでした。
scr_cmd,[Show next arrow]
scr_cmd,[Wait for msg click]
scr_cmd,[Erase text]
scr_cmd,[Play voice 8 from folder 85]
txt,,手作りの机を水拭きしたり、ジャムを作ったり、
txt,,曲がった杖を磨いたり……
scr_cmd,[Show next arrow]
scr_cmd,[Wait for msg click]
scr_cmd,[Play voice 9 from folder 85]
txt,,そんな時、賢者様の微笑みが、わたしを包む……
scr_cmd,[Show next arrow]
scr_cmd,[Wait for msg click]
scr_cmd,[Play voice 10 from folder 85]
txt,,それがいつしか、とても素敵なことに想えるようになりました。
scr_cmd,[Show next arrow]
scr_cmd,[Wait for msg click]
scr_cmd,[Erase text]
scr_cmd,[Erase nameless box at0
scr_cmd,[ms wait:600]
scr_cmd,[Show char4with expr0at pos5on delay600]
scr_cmd,[Make active:5]
scr_cmd,[Play voice 11 from folder 85]
txt,,先生。
scr_cmd,[Show next arrow]
scr_cmd,[Wait for msg click]
scr_cmd,[Play voice 12 from folder 85]
txt,,わたし、ここに来て、良かった。
scr_cmd,[Show next arrow]
scr_cmd,[Wait for msg click]
scr_cmd,[Play voice 13 from folder 85]
txt,,老賢者様はわたしを置いてくださって、
txt,,なにひとつ仰らないけれど、ううん、
txt,,わたしは、こんなに愛されている。
scr_cmd,[Show next arrow]
scr_cmd,[Wait for msg click]
scr_cmd,[Erase text]
scr_cmd,[Play voice 14 from folder 85]
txt,,どうして、気付けなかったのだろう。
scr_cmd,[Show next arrow]
scr_cmd,[Wait for msg click]
scr_cmd,[Play voice 15 from folder 85]
txt,,先生が、そうしてわたしを
txt,,愛してくださっていたのだと、
txt,,やっと、わかった。
scr_cmd,[Show next arrow]
scr_cmd,[Wait for msg click]
scr_cmd,[Erase text]
scr_cmd,[Play voice 16 from folder 85]
txt,,みんなが、
txt,,そうしてわたしを見ていてくれたのだと、
txt,,やっと、わかった。
scr_cmd,[Show next arrow]
scr_cmd,[Wait for msg click]
scr_cmd,[Play voice 17 from folder 85]
txt,,やりたいこと、見つけたような気がする。
scr_cmd,[Show next arrow]
scr_cmd,[Wait for msg click]
scr_cmd,[Erase text]
scr_cmd,[Play voice 18 from folder 85]
txt,,うん。
scr_cmd,[Show next arrow]
scr_cmd,[Wait for msg click]
scr_cmd,[Play voice 19 from folder 85]
txt,,そうしよう、きっと。
scr_cmd,[Show next arrow]
scr_cmd,[Wait for msg click]
scr_cmd,[Play voice 20 from folder 85]
txt,,そうしたい。
scr_cmd,[Show next arrow]
scr_cmd,[Wait for msg click]
scr_cmd,[Erase text]
scr_cmd,[Play voice 21 from folder 85]
txt,,……こうしよう、こうしたいと、
txt,,決めた時の嬉しさは、言葉にもできません。
scr_cmd,[Show next arrow]
scr_cmd,[Wait for msg click]
scr_cmd,[Play voice 22 from folder 85]
txt,,わくわくして、どきどきして、
txt,,眠れませんでした。
scr_cmd,[Show next arrow]
scr_cmd,[Wait for msg click]
scr_cmd,[Erase text]
scr_cmd,[Play voice 23 from folder 85]
txt,,目を閉じて、暖かい毛布にくるまって、
txt,,あんなこともできる、きっとできる、と。
scr_cmd,[Show next arrow]
scr_cmd,[Wait for msg click]
scr_cmd,[Play voice 24 from folder 85]
txt,,幸せでした。
scr_cmd,[Show next arrow]
scr_cmd,[Wait for msg click]
scr_cmd,[Play voice 25 from folder 85]
txt,,いつかまた、ここに来よう。
scr_cmd,[Show next arrow]
scr_cmd,[Wait for msg click]
scr_cmd,[Erase text]
scr_cmd,[Play voice 26 from folder 85]
txt,,こんなにも胸が熱くなったこと、伝えたい。
scr_cmd,[Show next arrow]
scr_cmd,[Wait for msg click]
scr_cmd,[Play voice 27 from folder 85]
txt,,そしてきっと、あの深い微笑みで、
txt,,迎えてくださる。
scr_cmd,[Show next arrow]
scr_cmd,[Wait for msg click]
scr_cmd,[Play voice 28 from folder 85]
txt,,何ひとつ仰ることはなくても、きっと……
scr_cmd,[Show next arrow]
scr_cmd,[Wait for msg click]
scr_cmd,[Erase text]
scr_cmd,Error: Unknown code:b' \x00\x0c\x00'
scr_cmd,Error: Unknown code:b'\x05\x00\x00 '
scr_cmd,Error: Unknown code:b'\x1e\x00\x00 '
scr_cmd,[ms wait:600]
scr_cmd,[Play BGM #6]
scr_cmd,[Show BG image (wip:
scr_cmd,[Open nameless msg box at0]
scr_cmd,[Make active:0]
scr_cmd,[Play voice 29 from folder 85]
txt,,やがて、いつしか星の瞬きも消えて、風の音も、虫の声も消え。
scr_cmd,[Show next arrow]
scr_cmd,[Wait for msg click]
scr_cmd,[Play voice 30 from folder 85]
txt,,そして、真っ暗闇の中で、何かがうごめきました。
scr_cmd,[Show next arrow]
scr_cmd,[Wait for msg click]
scr_cmd,[Play voice 31 from folder 85]
txt,,震える声で呟く、昨日までの自分が、そこにいました。
scr_cmd,[Show next arrow]
scr_cmd,[Wait for msg click]
scr_cmd,[Erase text]
scr_cmd,[Play voice 32 from folder 85]
txt,,自分の求める路。
scr_cmd,[Show next arrow]
scr_cmd,[Wait for msg click]
scr_cmd,[Play voice 33 from folder 85]
txt,,自分の見出した路。
scr_cmd,[Show next arrow]
scr_cmd,[Wait for msg click]
scr_cmd,[Play voice 34 from folder 85]
txt,,でもそれを、誰も望んでいなかったとしたら……
scr_cmd,[Show next arrow]
scr_cmd,[Wait for msg click]
scr_cmd,[Erase text]
scr_cmd,[Play voice 35 from folder 85]
txt,,その声に振り向いた刹那、足を踏み外したようにして、
txt,,わたしは不意に、目覚めました。
scr_cmd,[Show next arrow]
scr_cmd,[Wait for msg click]
scr_cmd,[Erase text]
scr_cmd,[Play voice 36 from folder 85]
txt,,自分で路を求めることの、なんて孤独で、なんて不安なことだろう。
scr_cmd,[Show next arrow]
scr_cmd,[Wait for msg click]
scr_cmd,[Play voice 37 from folder 85]
txt,,これをしなさい、あれをしなさいと言われるままに成すことの、
txt,,なんて安易なことだったろう。
scr_cmd,[Show next arrow]
scr_cmd,[Wait for msg click]
scr_cmd,[Play voice 38 from folder 85]
txt,,それが、どれほど楽な道だったろう。
scr_cmd,[Show next arrow]
scr_cmd,[Wait for msg click]
scr_cmd,[Play voice 39 from folder 85]
txt,,けれどわたしは自ら考え挑む苦難を知らず、
txt,,自分からは何もしないくせに口答えして、ぶつかったこともある。
scr_cmd,[Show next arrow]
scr_cmd,[Wait for msg click]
scr_cmd,[Erase text]
scr_cmd,[Play voice 40 from folder 85]
txt,,ああ、自ら求めるとは、こんなにも心もとないことだったのか。
scr_cmd,[Show next arrow]
scr_cmd,[Wait for msg click]
scr_cmd,[Play voice 41 from folder 85]
txt,,ああ、そして誰よりも……
scr_cmd,[Show next arrow]
scr_cmd,[Wait for msg click]
scr_cmd,[Play voice 42 from folder 85]
txt,,そして誰よりも、先生は……
scr_cmd,[Show next arrow]
scr_cmd,[Wait for msg click]
scr_cmd,[Play voice 43 from folder 85]
txt,,いつも、こんなお気持ちだったのだろうか？
scr_cmd,[Show next arrow]
scr_cmd,[Wait for msg click]
scr_cmd,[Play voice 44 from folder 85]
txt,,あの方も、こうして幾百の星降る夜を越え、
txt,,消えかかる焚き火の炎を見つめ、冷たくなったその石に、
txt,,切なく心震わしたのだろうか。
scr_cmd,[Show next arrow]
scr_cmd,[Wait for msg click]
scr_cmd,[Erase text]
scr_cmd,[Play voice 45 from folder 85]
txt,,そんなことも知らずに、
txt,,わたしはどれほど先生の瞳を曇らせただろう……！
scr_cmd,[Show next arrow]
scr_cmd,[Wait for msg click]
scr_cmd,[Erase text]
scr_cmd,[Erase nameless box at0
scr_cmd,[ms wait:600]
scr_cmd,[Show BG image (wip:
scr_cmd,[Show char4with expr0at pos5on delay600]
scr_cmd,[Make active:5]
scr_cmd,[Play voice 46 from folder 85]
txt,,わたしは……
scr_cmd,[Show next arrow]
scr_cmd,[Wait for msg click]
scr_cmd,[Erase text]
scr_cmd,[Play voice 47 from folder 85]
txt,,わたしはきっと、ロザリアさんに、
txt,,ひどいことを言ってしまった……
scr_cmd,[Show next arrow]
scr_cmd,[Wait for msg click]
scr_cmd,[Play voice 48 from folder 85]
txt,,そして、パルミラさんにも……
scr_cmd,[Show next arrow]
scr_cmd,[Wait for msg click]
scr_cmd,[Play voice 49 from folder 85]
txt,,導かれていけばいいと。
scr_cmd,[Show next arrow]
scr_cmd,[Wait for msg click]
scr_cmd,[Erase text]
scr_cmd,[Play voice 50 from folder 85]
txt,,言われたことを守っていればいいと。
scr_cmd,[Show next arrow]
scr_cmd,[Wait for msg click]
scr_cmd,[Play voice 51 from folder 85]
txt,,あの方を目指し、
txt,,あの方に手をひかれていながら、
txt,,なにひとつ、わかっていなかった。
scr_cmd,[Show next arrow]
scr_cmd,[Wait for msg click]
scr_cmd,[Erase text]
scr_cmd,[Play voice 52 from folder 85]
txt,,あの方達こそ、どれほどにその口を
txt,,開きたかったことだろう？
scr_cmd,[Show next arrow]
scr_cmd,[Wait for msg click]
scr_cmd,[Play voice 53 from folder 85]
txt,,わたしが、進まなければならなかった……
scr_cmd,[Show next arrow]
scr_cmd,[Wait for msg click]
scr_cmd,[Play voice 54 from folder 85]
txt,,……なんと不出来な弟子だろう。
scr_cmd,[Show next arrow]
scr_cmd,[Wait for msg click]
scr_cmd,[Play voice 55 from folder 85]
txt,,先生も、そう想ったろうか……
scr_cmd,[Show next arrow]
scr_cmd,[Wait for msg click]
scr_cmd,[Erase text]
scr_cmd,[Play voice 56 from folder 85]
txt,,ロザリアさんは、
txt,,純潔の盾を捨てたのではない。
scr_cmd,[Show next arrow]
scr_cmd,[Wait for msg click]
scr_cmd,[Play voice 57 from folder 85]
txt,,オスキルさんも、ただ離れたのではない。
scr_cmd,[Show next arrow]
scr_cmd,[Wait for msg click]
scr_cmd,[Erase text]
scr_cmd,[Play voice 58 from folder 85]
txt,,そして勿論、諦めたわけでも、
txt,,裏切ったわけでもないのだとしたら。
scr_cmd,[Show next arrow]
scr_cmd,[Wait for msg click]
scr_cmd,[Play voice 59 from folder 85]
txt,,……進まれたのだ。
scr_cmd,[Show next arrow]
scr_cmd,[Wait for msg click]
scr_cmd,[Play voice 60 from folder 85]
txt,,なにかに、挑むために。
scr_cmd,[Show next arrow]
scr_cmd,[Wait for msg click]
scr_cmd,[Erase text]
scr_cmd,[Play voice 61 from folder 85]
txt,,ならば、
txt,,わたしはここですべてを終わりにするのか。
scr_cmd,[Show next arrow]
scr_cmd,[Wait for msg click]
scr_cmd,[Play voice 62 from folder 85]
txt,,いいえ違う。
scr_cmd,[Show next arrow]
scr_cmd,[Wait for msg click]
scr_cmd,[Play voice 63 from folder 85]
txt,,……負けたくない。
scr_cmd,[Show next arrow]
scr_cmd,[Wait for msg click]
scr_cmd,[Erase text]
scr_cmd,[Play voice 64 from folder 85]
txt,,力及ばずとも、その意味もわからずとも、
txt,,せめて、気持ちで負けるものか。
scr_cmd,[Show next arrow]
scr_cmd,[Wait for msg click]
scr_cmd,[Play voice 65 from folder 85]
txt,,あの方達を目指すなら。
scr_cmd,[Show next arrow]
scr_cmd,[Wait for msg click]
scr_cmd,[Play voice 66 from folder 85]
txt,,その想いさえ負けて、
txt,,追いすがれるわけがない。
scr_cmd,[Show next arrow]
scr_cmd,[Wait for msg click]
scr_cmd,[Erase text]
scr_cmd,[Play voice 67 from folder 85]
txt,,あの方たちの育んだ純潔の盾に、歩む。
scr_cmd,[Show next arrow]
scr_cmd,[Wait for msg click]
scr_cmd,[Play voice 68 from folder 85]
txt,,他の誰でもない、自分の脚で。
scr_cmd,[Show next arrow]
scr_cmd,[Wait for msg click]
scr_cmd,[Erase text]
scr_cmd,[Play voice 69 from folder 85]
txt,,おやすみなさい、先生。
scr_cmd,[Show next arrow]
scr_cmd,[Wait for msg click]
scr_cmd,[Play voice 70 from folder 85]
txt,,泣いてばかりのお別れだったけれど、
txt,,きっと笑顔で、イノセンティアに戻ろう。
scr_cmd,[Show next arrow]
scr_cmd,[Wait for msg click]
scr_cmd,[Play voice 71 from folder 85]
txt,,……ううん、でも、たぶん泣いちゃうな。
scr_cmd,[Show next arrow]
scr_cmd,[Wait for msg click]
scr_cmd,[Play voice 72 from folder 85]
txt,,悲しいからじゃない。
scr_cmd,[Show next arrow]
scr_cmd,[Wait for msg click]
scr_cmd,[Erase text]
scr_cmd,[Play voice 73 from folder 85]
txt,,嬉しくて泣けちゃう、そんなこと、
txt,,あるんだね。
scr_cmd,[Show next arrow]
scr_cmd,[Wait for msg click]
scr_cmd,[Play voice 74 from folder 85]
txt,,もうすぐ、イノセンティアだ。
scr_cmd,[Show next arrow]
scr_cmd,[Wait for msg click]
scr_cmd,[Play voice 75 from folder 85]
txt,,がんばろう、きっと。
scr_cmd,[Show next arrow]
scr_cmd,[Wait for msg click]
scr_cmd,[Play voice 76 from folder 85]
txt,,そして叶えるんだ、きっと。
scr_cmd,[Show next arrow]
scr_cmd,[Wait for msg click]
scr_cmd,[Erase text]
scr_cmd,[Play voice 77 from folder 85]
txt,,ジルメア様の微笑みって、
txt,,こんなお気持ちだったのかなぁ。
scr_cmd,[Show next arrow]
scr_cmd,[Wait for msg click]
scr_cmd,[Play voice 78 from folder 85]
txt,,先生の深い瞳の色は、
txt,,こんなお気持ちだったからなのかなぁ。
scr_cmd,[Show next arrow]
scr_cmd,[Wait for msg click]
scr_cmd,[Play voice 79 from folder 85]
txt,,わたしも、そんなひとになりたい。
scr_cmd,[Show next arrow]
scr_cmd,[Wait for msg click]
scr_cmd,[ms wait:600]
scr_cmd,[Change Screen: Fadeout then Darken]
scr_cmd,[Script cleanup...]
scr_cmd,[END SCENE]
