scr_cmd,Error: Unknown code:b'\x90\x00\x08\x00'
scr_cmd,Error: Unknown code:b'\x02\x00\x00 '
scr_cmd,[Change Screen: Darken ]
scr_cmd,[Unknown code 1]
scr_cmd,[Play BGM #7]
scr_cmd,[Show BG image (wip:
scr_cmd,[Show char112with expr0at pos7on delay600]
scr_cmd,[Change Screen: Fadein then Lighten]
scr_cmd,[Make active:7]
txt,,純潔の盾に、力が引き寄せられています。
scr_cmd,[Show next arrow]
scr_cmd,[Wait for msg click]
scr_cmd,[Show char109with expr0at pos8on delay600]
scr_cmd,[Make active:8]
txt,,……彼が、その渦の中心にあるのですね。
scr_cmd,[Show next arrow]
scr_cmd,[Wait for msg click]
scr_cmd,[Make active:7]
scr_cmd,[Erase text]
txt,,優れた賢者です。
txt,,それゆえに。
txt,,たとえ賢者の円卓がそう定めても、
txt,,聖セヴィエスを庇い立てするでしょう。
scr_cmd,[Show next arrow]
scr_cmd,[Wait for msg click]
scr_cmd,[Make active:8]
scr_cmd,[Erase text]
txt,,……
scr_cmd,[Show next arrow]
scr_cmd,[Wait for msg click]
scr_cmd,[Make active:7]
scr_cmd,[Erase text]
txt,,すでにして、聖セヴィエスの
txt,,ファナ＝ヒュベリオスの手を取りました。
txt,,もはや、いかなる真実がわかっても、
txt,,その手を離すことはないでしょう。
scr_cmd,[Show next arrow]
scr_cmd,[Wait for msg click]
scr_cmd,[Make active:8]
scr_cmd,[Erase text]
txt,,……這い出し者どもに怯える今も？
scr_cmd,[Show next arrow]
scr_cmd,[Wait for msg click]
scr_cmd,[Make active:7]
scr_cmd,[Erase text]
txt,,彼は、そういう人間です。
scr_cmd,[Show next arrow]
scr_cmd,[Wait for msg click]
scr_cmd,[Make active:8]
scr_cmd,[Erase text]
txt,,……エンディミオンに捕らえた
txt,,ジェライト＝ロバリーの監視を強めるように。
txt,,また、聖セヴィエスの
txt,,ファナ＝ヒュベリオスは、
txt,,物見の尖塔へと連れて来るように。
scr_cmd,[Show next arrow]
scr_cmd,[Wait for msg click]
scr_cmd,[Erase text]
scr_cmd,[Make active:7]
scr_cmd,[Erase text]
txt,,……
scr_cmd,[Make active:8]
txt,,……純潔の盾に、そう命じなさい。
scr_cmd,[Show next arrow]
scr_cmd,[Wait for msg click]
scr_cmd,[Make active:7]
scr_cmd,[Erase text]
txt,,……
txt,,従いますまい。
txt,,ジェライト＝ロバリーは、
txt,,牢獄から解放されるでしょう。
txt,,なんの躊躇いもない手によって。
scr_cmd,[Show next arrow]
scr_cmd,[Wait for msg click]
scr_cmd,[Make active:8]
scr_cmd,[Erase text]
txt,,ならば、義に歩む覇道の正柱を使います。
txt,,ゴスペルブラスは、
txt,,純潔の盾にこれをまっとうさせるべく、
txt,,務めることでしょう。
scr_cmd,[Show next arrow]
scr_cmd,[Wait for msg click]
scr_cmd,[Make active:7]
scr_cmd,[Erase text]
txt,,……
txt,,物見の長よ。
txt,,どうか、四大をひとつにおまとめ下さい。
txt,,この大事にあって、迷う時間もありません。
scr_cmd,[Show next arrow]
scr_cmd,[Wait for msg click]
scr_cmd,[Make active:8]
scr_cmd,[Erase text]
txt,,シュナイドラ。
txt,,あなたもわかっているはずです。
txt,,この大事にあるからこそ、
txt,,それだけは成りません。
scr_cmd,[Show next arrow]
scr_cmd,[Wait for msg click]
scr_cmd,[Make active:7]
scr_cmd,[Erase text]
txt,,……レイバン。
scr_cmd,[Show next arrow]
scr_cmd,[Wait for msg click]
scr_cmd,[Make active:8]
scr_cmd,[Erase text]
txt,,すみません。
scr_cmd,[Show next arrow]
scr_cmd,[Wait for msg click]
scr_cmd,[Make active:7]
scr_cmd,[Erase text]
txt,,……いいえ。
txt,,主だった長のない中。
txt,,聖セヴィエスに混沌の疑いありと
txt,,定めていただけただけで、十分です。
txt,,多くは望みません。
scr_cmd,[Show next arrow]
scr_cmd,[Wait for msg click]
scr_cmd,[Make active:8]
scr_cmd,[Erase text]
txt,,……
scr_cmd,[Show next arrow]
scr_cmd,[Wait for msg click]
scr_cmd,[Make active:7]
scr_cmd,[Erase text]
txt,,それでは行きます。
txt,,麗しき物見の長よ。
txt,,いついかなる時も、
txt,,正しき采配のあらんことを。
scr_cmd,[Show next arrow]
scr_cmd,[Wait for msg click]
scr_cmd,[Make active:8]
scr_cmd,[Erase text]
txt,,……
scr_cmd,[Show next arrow]
scr_cmd,[Wait for msg click]
scr_cmd,[ms wait:600]
scr_cmd,[Change Screen: Fadeout then Darken]
scr_cmd,[Script cleanup...]
scr_cmd,[END SCENE]
