scr_cmd,[Change Screen: Darken ]
scr_cmd,[Unknown code 1]
scr_cmd,[Show BG image (wip:
scr_cmd,[Change Screen: Fadein then Lighten]
scr_cmd,[ms wait:600]
scr_cmd,[Open nameless msg box atcenter]
scr_cmd,[Make active:1]
txt,九年ぶり、か。
txt,変わらないな、ここは……
txt,…………
scr_cmd,[Show next arrow]
scr_cmd,[Wait for msg click]
scr_cmd,[Erase text]
txt,あの頃は、
txt,わずかな余裕さえなかったのだと、
txt,今にして思う。
scr_cmd,[Show next arrow]
scr_cmd,[Wait for msg click]
scr_cmd,[Erase text]
txt,こうして落ち着くのはオルフェ、
txt,おまえの過ごした歳月が、
txt,この部屋を包んでいるからなのか。
scr_cmd,[Show next arrow]
scr_cmd,[Wait for msg click]
scr_cmd,[Erase text]
txt,だが、
txt,闇夜の静寂がいかに澄み渡ろうとも……
txt,深い闇の奥底から、
txt,やつらは這い出したのだと言う。
scr_cmd,[Show next arrow]
scr_cmd,[Wait for msg click]
scr_cmd,[Erase text]
txt,おまえは、焼けるような想いで、
txt,混沌の渦中へと身を投げ出したのか。
scr_cmd,[Show next arrow]
scr_cmd,[Wait for msg click]
scr_cmd,[Erase text]
txt,エルメナスに歩む幼子は、
txt,あえて苦難の道を選ぶ。
txt,遥か遠く郷里を離れ……
txt,血もつながらぬ師を頼りに。
txt,肩を並べて歩む友を頼りに。
scr_cmd,[Show next arrow]
scr_cmd,[Wait for msg click]
scr_cmd,[Erase text]
txt,そうしておまえは旅立った。
txt,子供たちを残し、恩師にすべてを託して、
txt,一人で行かねばならなかったのだろう。
scr_cmd,[Show next arrow]
scr_cmd,[Wait for msg click]
scr_cmd,[Erase text]
txt,…………
txt,それが望みだと言うならば……
txt,預かろう、おまえが心血を注いだ子供達を。
txt,エルメナスの精粋、
txt,四大を冠たる我らが故郷イノセンティアを。
scr_cmd,[Show next arrow]
scr_cmd,[Wait for msg click]
scr_cmd,[Erase text]
txt,ああ、そして応えよう。
txt,幼くも儚い瞳に秘められた、
txt,澄んだ願いに……
scr_cmd,[Show next arrow]
scr_cmd,[Wait for msg click]
scr_cmd,[ms wait:600]
scr_cmd,[Change Screen: Fadeout then Darken]
scr_cmd,[Script cleanup...]
scr_cmd,Error: Unknown code:b'\x97\x00\x0c\x00'
scr_cmd,Error: Unknown code:b'\x0b\x00\x00 '
scr_cmd,Error: Unknown code:b'\x00\x00\x00 '
scr_cmd,Error: Unknown code:b'[\x00\x0c\x00'
scr_cmd,Error: Unknown code:b'\x06\x00\x00 '
scr_cmd,Error: Unknown code:b'\x02\x00\x00 '
scr_cmd,[END SCENE]
