scr_cmd,Error: Unknown code:b'\x91\x00\x08\x00'
scr_cmd,Error: Unknown code:b'\x04\x00\x00 '
scr_cmd,[Change Screen: Darken ]
scr_cmd,[Show image &0x1138]
scr_cmd,Img params: X 0 Y 324 W 1024 H 128
scr_cmd,[Change Screen: Fadein then Lighten]
scr_cmd,[Wait for click?]
scr_cmd,[Change Screen: Fadeout then Darken]
scr_cmd,[Erase title]
scr_cmd,[ms wait:600]
scr_cmd,[Change Screen: Darken ]
scr_cmd,[Unknown code 1]
scr_cmd,[Play BGM #6]
scr_cmd,[Show BG image (wip:
scr_cmd,[Open nameless msg box atcenter]
scr_cmd,[Change Screen: Fadein then Lighten]
scr_cmd,[Make active:1]
txt,,≪ひたむきに、あの子たちは、
txt,,　何かを見出そうと動き始めた。
txt,,　自ら目標を掲げ、努力するその姿を、
txt,,　嬉しく思わない師もない。≫
scr_cmd,[Show next arrow]
scr_cmd,[Wait for msg click]
scr_cmd,[Erase text]
txt,,≪しかしその影で、自分を押し殺し、苦しみ、
txt,,　もがく姿があった。
txt,,　強く厳しく導かれ、進む道を探しては、
txt,,　壁につきあたる。≫
scr_cmd,[Show next arrow]
scr_cmd,[Wait for msg click]
scr_cmd,[Erase text]
txt,,≪そんなセシリスの気持ちは、
txt,,　痛いほどわかった。
txt,,　まわりを見ては不安げに目を伏せる。
txt,,　なにかをしなくては、と。≫
scr_cmd,[Show next arrow]
scr_cmd,[Wait for msg click]
scr_cmd,[Erase text]
txt,,≪そのなにかが見つからないがために、
txt,,　苦しんでいるように見えた。≫
scr_cmd,[Show next arrow]
scr_cmd,[Wait for msg click]
scr_cmd,[Erase text]
scr_cmd,[Erase nameless box at1
scr_cmd,[ms wait:600]
scr_cmd,[Show char4with expr5at pos5on delay600]
scr_cmd,[Make active:5]
scr_cmd,[Play voice 0 from folder 83]
txt,,先生……
scr_cmd,[Show next arrow]
scr_cmd,[Wait for msg click]
scr_cmd,[Open nameless msg box atbottom-right]
scr_cmd,[Make active:3]
txt,,無理はするな。
scr_cmd,[Show next arrow]
scr_cmd,[Wait for msg click]
scr_cmd,[Make active:5]
scr_cmd,[Erase text]
scr_cmd,[Play voice 1 from folder 83]
txt,,ぁ……
scr_cmd,[Show next arrow]
scr_cmd,[Wait for msg click]
scr_cmd,[Make active:3]
scr_cmd,[Erase text]
txt,,まわりはまわり。
txt,,きみはきみ、だ。
txt,,きみだって、大切な友達のために、
txt,,がんばってきた。
scr_cmd,[Show next arrow]
scr_cmd,[Wait for msg click]
scr_cmd,[Erase text]
scr_cmd,[Make active:5]
scr_cmd,[Erase text]
txt,,……
scr_cmd,[Make active:3]
txt,,自分のしたいことを、精一杯すれば、
txt,,それでいい。
scr_cmd,[Show next arrow]
scr_cmd,[Wait for msg click]
scr_cmd,[Make active:5]
scr_cmd,[Erase text]
scr_cmd,[Play voice 2 from folder 83]
txt,,……でも
scr_cmd,[Show next arrow]
scr_cmd,[Wait for msg click]
scr_cmd,[Play voice 3 from folder 83]
txt,,わたしは……
scr_cmd,[Show next arrow]
scr_cmd,[Wait for msg click]
scr_cmd,[Make active:3]
scr_cmd,[Erase text]
txt,,≪自分から、なにができるのか？
txt,,　それを見つけたいと、
txt,,　少女はまっすぐな瞳を向ける。≫
scr_cmd,[Show next arrow]
scr_cmd,[Wait for msg click]
scr_cmd,[Erase text]
scr_cmd,[Make active:5]
scr_cmd,[Erase text]
txt,,……
scr_cmd,[Make active:3]
txt,,≪それを見つけたいと、
txt,,　問おうとしているのか。
txt,,　わずか十五の、この少女が。≫
scr_cmd,[Show next arrow]
scr_cmd,[Wait for msg click]
scr_cmd,[Erase text]
txt,,……
scr_cmd,[Show next arrow]
scr_cmd,[Wait for msg click]
scr_cmd,[Make active:5]
scr_cmd,[Erase text]
scr_cmd,[Play voice 4 from folder 83]
txt,,先生……
scr_cmd,[Show next arrow]
scr_cmd,[Wait for msg click]
scr_cmd,[Play voice 5 from folder 83]
txt,,わたし、すみません。
scr_cmd,[Show next arrow]
scr_cmd,[Wait for msg click]
scr_cmd,[Play voice 6 from folder 83]
txt,,こんな気持ちで、一生懸命にするみんなと、
txt,,一緒になんて、いられません……
scr_cmd,[Show next arrow]
scr_cmd,[Wait for msg click]
scr_cmd,[Make active:3]
scr_cmd,[Erase text]
txt,,……
scr_cmd,[Show next arrow]
scr_cmd,[Wait for msg click]
scr_cmd,[Make active:5]
scr_cmd,[Erase text]
scr_cmd,[Play voice 7 from folder 83]
txt,,もう、パルミラさんを悲しませたくない……
scr_cmd,[Show next arrow]
scr_cmd,[Wait for msg click]
scr_cmd,[Play voice 8 from folder 83]
txt,,ロザリアさんの気持ちを、少しでも、
txt,,わかりたい……！
scr_cmd,[Show next arrow]
scr_cmd,[Wait for msg click]
scr_cmd,[Play voice 9 from folder 83]
txt,,シャロンのことを、支えてあげたい……！！
scr_cmd,[Show next arrow]
scr_cmd,[Wait for msg click]
scr_cmd,[Make active:3]
scr_cmd,[Erase text]
txt,,……
scr_cmd,[Show next arrow]
scr_cmd,[Wait for msg click]
scr_cmd,[Make active:5]
scr_cmd,[Erase text]
scr_cmd,[Play voice 10 from folder 83]
txt,,そして先生。
scr_cmd,[Show next arrow]
scr_cmd,[Wait for msg click]
scr_cmd,[Play voice 11 from folder 83]
txt,,あなたのことを、もっと、
txt,,わかりたいのです……！
scr_cmd,[Show next arrow]
scr_cmd,[Wait for msg click]
scr_cmd,[Make active:3]
scr_cmd,[Erase text]
txt,,セシリス……
scr_cmd,[Show next arrow]
scr_cmd,[Wait for msg click]
scr_cmd,[Make active:5]
scr_cmd,[Erase text]
scr_cmd,[Play voice 12 from folder 83]
txt,,ごめんなさい、先生……
scr_cmd,[Show next arrow]
scr_cmd,[Wait for msg click]
scr_cmd,[Make active:3]
scr_cmd,[Erase text]
txt,,謝ることなんて、ない。
txt,,きみは、踏み出した。
txt,,大事な一歩を踏み出したんだな。
scr_cmd,[Show next arrow]
scr_cmd,[Wait for msg click]
scr_cmd,[Make active:5]
scr_cmd,[Erase text]
scr_cmd,[Play voice 13 from folder 83]
txt,,大事な、一歩……
scr_cmd,[Show next arrow]
scr_cmd,[Wait for msg click]
scr_cmd,[Make active:3]
scr_cmd,[Erase text]
txt,,朝靄の中、
txt,,迷い込んだ路の先でさえ出逢うだろう。
txt,,新たな芽吹きの美しさに、滴る雫の輝きに。
scr_cmd,[Show next arrow]
scr_cmd,[Wait for msg click]
scr_cmd,[Make active:5]
scr_cmd,[Erase text]
scr_cmd,[Play voice 14 from folder 83]
txt,,……
scr_cmd,[Show next arrow]
scr_cmd,[Wait for msg click]
scr_cmd,[Make active:3]
scr_cmd,[Erase text]
txt,,きみと離れることはつらい。
txt,,きみの友達もそうだろう。
txt,,けれどきみこそ、どんなにつらいことか。
txt,,ここに留まることも、出て行くことも。
scr_cmd,[Show next arrow]
scr_cmd,[Wait for msg click]
scr_cmd,[Erase text]
txt,,今きみは、自分の言葉で、
txt,,自分が追い求める何かを、
txt,,必死になって見つけようとしている。
scr_cmd,[Show next arrow]
scr_cmd,[Wait for msg click]
scr_cmd,[Make active:5]
scr_cmd,[Erase text]
scr_cmd,[Play voice 15 from folder 83]
txt,,先生……
scr_cmd,[Show next arrow]
scr_cmd,[Wait for msg click]
scr_cmd,[Make active:3]
scr_cmd,[Erase text]
txt,,……
scr_cmd,[Show next arrow]
scr_cmd,[Wait for msg click]
scr_cmd,[Make active:5]
scr_cmd,[Erase text]
scr_cmd,[Play voice 16 from folder 83]
txt,,ぁぁ……
scr_cmd,[Show next arrow]
scr_cmd,[Wait for msg click]
scr_cmd,[Play voice 17 from folder 83]
txt,,こんなにも、自分で何かをしたいって、
txt,,思ったこと、ありませんでした。
scr_cmd,[Show next arrow]
scr_cmd,[Wait for msg click]
scr_cmd,[Play voice 18 from folder 83]
txt,,みんながしてるから、しなくちゃ、
txt,,って思っていました。
scr_cmd,[Show next arrow]
scr_cmd,[Wait for msg click]
scr_cmd,[Erase text]
scr_cmd,[Play voice 19 from folder 83]
txt,,あなたに褒めてもらいたくて、
txt,,それが嬉しくて、がんばってきました……
scr_cmd,[Show next arrow]
scr_cmd,[Wait for msg click]
scr_cmd,[Play voice 20 from folder 83]
txt,,でもそれじゃ、なにも変わらない……
scr_cmd,[Show next arrow]
scr_cmd,[Wait for msg click]
scr_cmd,[Make active:3]
scr_cmd,[Erase text]
txt,,……
scr_cmd,[Show next arrow]
scr_cmd,[Wait for msg click]
scr_cmd,[Make active:5]
scr_cmd,[Erase text]
scr_cmd,[Play voice 21 from folder 83]
txt,,先生……
scr_cmd,[Show next arrow]
scr_cmd,[Wait for msg click]
scr_cmd,[Play voice 22 from folder 83]
txt,,お願いです。
scr_cmd,[Show next arrow]
scr_cmd,[Wait for msg click]
scr_cmd,[Play voice 23 from folder 83]
txt,,わたしは……
scr_cmd,[Show next arrow]
scr_cmd,[Wait for msg click]
scr_cmd,[Play voice 24 from folder 83]
txt,,わたしを、もっと、知りたい。
scr_cmd,[Show next arrow]
scr_cmd,[Wait for msg click]
scr_cmd,[Make active:3]
scr_cmd,[Erase text]
txt,,≪思えば、エルメナスで賢者を目指し、
txt,,　疑問も持たず、歩む。
txt,,　その中で、いつかきっと子供たちは
txt,,　自分の答えを見つけていくものだと……
txt,,　私こそ、甘えていた。≫
scr_cmd,[Show next arrow]
scr_cmd,[Wait for msg click]
scr_cmd,[Erase text]
scr_cmd,[Make active:5]
scr_cmd,[Erase text]
txt,,……
scr_cmd,[Make active:3]
txt,,ああ。
txt,,そうか、そうだな……
scr_cmd,[Show next arrow]
scr_cmd,[Wait for msg click]
scr_cmd,[Make active:5]
scr_cmd,[Erase text]
txt,,……
scr_cmd,[Show next arrow]
scr_cmd,[Wait for msg click]
scr_cmd,[Make active:3]
scr_cmd,[Erase text]
txt,,お別れ、できるか？
scr_cmd,[Show next arrow]
scr_cmd,[Wait for msg click]
scr_cmd,[Make active:5]
scr_cmd,[Erase text]
scr_cmd,[Play voice 25 from folder 83]
txt,,ぁ……
scr_cmd,[Show next arrow]
scr_cmd,[Wait for msg click]
scr_cmd,[Make active:3]
scr_cmd,[Erase text]
txt,,≪別れの勇気もなくて、どうして自分を
txt,,　見つめることができるだろう。
txt,,　けれど……
txt,,　旅立つという者を止めるなら、
txt,,　行く者は苦しむだろう。≫
scr_cmd,[Show next arrow]
scr_cmd,[Wait for msg click]
scr_cmd,[Erase text]
scr_cmd,[Make active:5]
scr_cmd,[Erase text]
txt,,……
scr_cmd,[Make active:3]
txt,,≪止めないと言うならば、
txt,,　残る者は苦しむだろう。
txt,,　それを思うこの子の気持ちを、
txt,,　そんなこころを、大切にしてあげたい、
txt,,　とも思う。≫
scr_cmd,[Show next arrow]
scr_cmd,[Wait for msg click]
scr_cmd,[Erase text]
txt,,書いてみるといい、手紙を。
txt,,言葉にして、噛み締めて、伝えてみるんだ。
txt,,その時、
txt,,旅立つ決心がどんなにか揺らぐことだろう。
scr_cmd,[Show next arrow]
scr_cmd,[Wait for msg click]
scr_cmd,[Erase text]
txt,,けれど、胸を張って、踏み出せ。
txt,,みんなには、私が伝える、大丈夫だ。
scr_cmd,[Show next arrow]
scr_cmd,[Wait for msg click]
scr_cmd,[Make active:5]
scr_cmd,[Erase text]
scr_cmd,[Play voice 26 from folder 83]
txt,,先生……
scr_cmd,[Show next arrow]
scr_cmd,[Wait for msg click]
scr_cmd,[Play voice 27 from folder 83]
txt,,ありがとう、ございます。
scr_cmd,[Show next arrow]
scr_cmd,[Wait for msg click]
scr_cmd,[Make active:3]
scr_cmd,[Erase text]
txt,,いいんだ。
txt,,きみは、大切なことを、教えてくれた。
txt,,きみの心、きみの言葉、この身に染みた。
scr_cmd,[Show next arrow]
scr_cmd,[Wait for msg click]
scr_cmd,[Make active:5]
scr_cmd,[Erase text]
scr_cmd,[Play voice 28 from folder 83]
txt,,せん、せい……
scr_cmd,[Show next arrow]
scr_cmd,[Wait for msg click]
scr_cmd,[Make active:3]
scr_cmd,[Erase text]
txt,,ありがとう。
scr_cmd,[Show next arrow]
scr_cmd,[Wait for msg click]
scr_cmd,[Change char5expression to5]
scr_cmd,[Make active:5]
scr_cmd,[Erase text]
scr_cmd,[Play voice 29 from folder 83]
txt,,……スン。
scr_cmd,[Show next arrow]
scr_cmd,[Wait for msg click]
scr_cmd,[Play voice 30 from folder 83]
txt,,そんなこと、スン、
txt,,そんなこと、言われたの……
scr_cmd,[Show next arrow]
scr_cmd,[Wait for msg click]
scr_cmd,[Play voice 31 from folder 83]
txt,,初めて……
scr_cmd,[Show next arrow]
scr_cmd,[Wait for msg click]
scr_cmd,[Erase text]
scr_cmd,[Make active:3]
scr_cmd,[Erase text]
txt,,……
scr_cmd,[Make active:5]
scr_cmd,[Play voice 32 from folder 83]
txt,,嬉しい、です。
scr_cmd,[Show next arrow]
scr_cmd,[Wait for msg click]
scr_cmd,[Play voice 33 from folder 83]
txt,,ほんとうに、嬉しい。
scr_cmd,[Show next arrow]
scr_cmd,[Wait for msg click]
scr_cmd,[Make active:3]
scr_cmd,[Erase text]
txt,,……セシリス。
scr_cmd,[Show next arrow]
scr_cmd,[Wait for msg click]
scr_cmd,[Make active:5]
scr_cmd,[Erase text]
scr_cmd,[Play voice 34 from folder 83]
txt,,なのに、スン、わたし、
txt,,先生から、離れようとしてる……
scr_cmd,[Show next arrow]
scr_cmd,[Wait for msg click]
scr_cmd,[Play voice 35 from folder 83]
txt,,わたし、ばかだ。
scr_cmd,[Show next arrow]
scr_cmd,[Wait for msg click]
scr_cmd,[Play voice 36 from folder 83]
txt,,ごめんなさい……
scr_cmd,[Show next arrow]
scr_cmd,[Wait for msg click]
scr_cmd,[Make active:3]
scr_cmd,[Erase text]
txt,,……
scr_cmd,[Show next arrow]
scr_cmd,[Wait for msg click]
scr_cmd,[Make active:5]
scr_cmd,[Erase text]
scr_cmd,[Play voice 37 from folder 83]
txt,,……スン。
scr_cmd,[Show next arrow]
scr_cmd,[Wait for msg click]
scr_cmd,[Make active:3]
scr_cmd,[Erase text]
txt,,……
scr_cmd,[Show next arrow]
scr_cmd,[Wait for msg click]
scr_cmd,[Make active:5]
scr_cmd,[Erase text]
scr_cmd,[Play voice 38 from folder 83]
txt,,先生……
scr_cmd,[Show next arrow]
scr_cmd,[Wait for msg click]
scr_cmd,[Play voice 39 from folder 83]
txt,,きっと……戻ってきます。
scr_cmd,[Show next arrow]
scr_cmd,[Wait for msg click]
scr_cmd,[Make active:3]
scr_cmd,[Erase text]
txt,,……ああ。
txt,,もちろんだ。
txt,,待ってる。
txt,,ずっとね。
scr_cmd,[Show next arrow]
scr_cmd,[Wait for msg click]
scr_cmd,[ms wait:600]
scr_cmd,[Change Screen: Fadeout then Darken]
scr_cmd,[Script cleanup...]
scr_cmd,[Unknown code 1]
scr_cmd,[Show BG image (wip:
scr_cmd,[Open nameless msg box at0]
scr_cmd,[Change Screen: Fadein then Lighten]
scr_cmd,[Make active:0]
scr_cmd,[Play voice 40 from folder 83]
txt,,黙って出て行くこと、許してください。
scr_cmd,[Show next arrow]
scr_cmd,[Wait for msg click]
scr_cmd,[Play voice 41 from folder 83]
txt,,……ファナさん、アルシエさん、
txt,,いつも本当に優しくしてくださって、どんなに嬉しかったか。
scr_cmd,[Show next arrow]
scr_cmd,[Wait for msg click]
scr_cmd,[Play voice 42 from folder 83]
txt,,最初に声をかけてくれたキャロットのこと、忘れない。
scr_cmd,[Show next arrow]
scr_cmd,[Wait for msg click]
scr_cmd,[Play voice 43 from folder 83]
txt,,イリオン、ケスト、あなたたちはいつも一生懸命。
scr_cmd,[Show next arrow]
scr_cmd,[Wait for msg click]
scr_cmd,[Play voice 44 from folder 83]
txt,,シリウスの言葉は乱暴だけど、わたしの知らないなにかが、
txt,,伝わってくる。
scr_cmd,[Show next arrow]
scr_cmd,[Wait for msg click]
scr_cmd,[Erase text]
scr_cmd,[Play voice 45 from folder 83]
txt,,そしてシャロン、あなたのひたむきさに、どれほど支えられたろう。
scr_cmd,[Show next arrow]
scr_cmd,[Wait for msg click]
scr_cmd,[Play voice 46 from folder 83]
txt,,あなたを支えるべきわたしが、苦しみの渦中にあったあなたに、
txt,,どれほど教わったか……
scr_cmd,[Show next arrow]
scr_cmd,[Wait for msg click]
scr_cmd,[Erase text]
scr_cmd,[Play voice 47 from folder 83]
txt,,だからこそ、自分で、見出したいって、思った。
scr_cmd,[Show next arrow]
scr_cmd,[Wait for msg click]
scr_cmd,[Play voice 48 from folder 83]
txt,,一生懸命してくれるからこそ、応えられる自分になりたかった。
scr_cmd,[Show next arrow]
scr_cmd,[Wait for msg click]
scr_cmd,[Play voice 49 from folder 83]
txt,,今まで、こんなに精一杯言葉を綴ったことさえなかったんだって、
txt,,気付いた。
scr_cmd,[Show next arrow]
scr_cmd,[Wait for msg click]
scr_cmd,[Play voice 50 from folder 83]
txt,,感謝の言葉さえ、わたしは、自分で見つけてもいなかった。
scr_cmd,[Show next arrow]
scr_cmd,[Wait for msg click]
scr_cmd,[Play voice 51 from folder 83]
txt,,これから、何かを見つけられるかどうか、それもわかりません。
scr_cmd,[Show next arrow]
scr_cmd,[Wait for msg click]
scr_cmd,[Play voice 52 from folder 83]
txt,,けど、こんなに一生懸命な気持ちになれたの、初めてです。
scr_cmd,[Show next arrow]
scr_cmd,[Wait for msg click]
scr_cmd,[Erase text]
scr_cmd,[Play voice 53 from folder 83]
txt,,だから、黙って出ていくこと、許してください。
scr_cmd,[Show next arrow]
scr_cmd,[Wait for msg click]
scr_cmd,[Play voice 54 from folder 83]
txt,,わたしを引き止めなかった先生のこと、責めないでください。
scr_cmd,[Show next arrow]
scr_cmd,[Wait for msg click]
scr_cmd,[Play voice 55 from folder 83]
txt,,わたし、がんばってきます。
scr_cmd,[Show next arrow]
scr_cmd,[Wait for msg click]
scr_cmd,[Play voice 56 from folder 83]
txt,,そして、必ず、戻ってきます。
scr_cmd,[Show next arrow]
scr_cmd,[Wait for msg click]
scr_cmd,[Play voice 57 from folder 83]
txt,,その時、笑顔で迎えてもらえないかも知れないけど、
txt,,それも、覚悟しています。
scr_cmd,[Show next arrow]
scr_cmd,[Wait for msg click]
scr_cmd,[Play voice 58 from folder 83]
txt,,精一杯の自分で、みんなと一緒にいたいから……
scr_cmd,[Show next arrow]
scr_cmd,[Wait for msg click]
scr_cmd,[Erase text]
scr_cmd,[Play voice 59 from folder 83]
txt,,親愛なるみんなへ。
scr_cmd,[Show next arrow]
scr_cmd,[Wait for msg click]
scr_cmd,[Play voice 60 from folder 83]
txt,,本当に大切な、わたしの大切な友達へ。
scr_cmd,[Show next arrow]
scr_cmd,[Wait for msg click]
scr_cmd,[Play voice 61 from folder 83]
txt,,行ってきます。
scr_cmd,[Show next arrow]
scr_cmd,[Wait for msg click]
scr_cmd,[Erase text]
scr_cmd,[Erase nameless box at0
scr_cmd,[ms wait:600]
scr_cmd,[Show char3with expr0at pos5on delay600]
scr_cmd,[Make active:5]
txt,,……
scr_cmd,[Show next arrow]
scr_cmd,[Wait for msg click]
scr_cmd,[Show char1with expr0at pos6on delay600]
scr_cmd,[Make active:6]
scr_cmd,[Play voice 62 from folder 83]
txt,,うん……
scr_cmd,[Show next arrow]
scr_cmd,[Wait for msg click]
scr_cmd,[Make active:5]
scr_cmd,[Erase text]
scr_cmd,[Change id 5 to character 5 with expr 0]
scr_cmd,[Unknown code 2]
scr_cmd,[Make active:5]
scr_cmd,[Play voice 63 from folder 83]
txt,,……そうだね。
scr_cmd,[Show next arrow]
scr_cmd,[Wait for msg click]
scr_cmd,[Make active:6]
scr_cmd,[Erase text]
scr_cmd,[Change id 6 to character 9 with expr 0]
scr_cmd,[Unknown code 2]
scr_cmd,[Make active:6]
scr_cmd,[Play voice 64 from folder 83]
txt,,パルミラさんと、
txt,,ロザリアさんのことは……？
scr_cmd,[Show next arrow]
scr_cmd,[Wait for msg click]
scr_cmd,[Make active:5]
scr_cmd,[Erase text]
scr_cmd,[Change id 5 to character 7 with expr 0]
scr_cmd,[Unknown code 2]
scr_cmd,[Make active:5]
txt,,……
scr_cmd,[Show next arrow]
scr_cmd,[Wait for msg click]
scr_cmd,[Make active:6]
scr_cmd,[Erase text]
scr_cmd,[Change id 6 to character 6 with expr 0]
scr_cmd,[Unknown code 2]
scr_cmd,[Make active:6]
scr_cmd,[Play voice 65 from folder 83]
txt,,いいんだ、今はまだ。
scr_cmd,[Show next arrow]
scr_cmd,[Wait for msg click]
scr_cmd,[Make active:5]
scr_cmd,[Erase text]
scr_cmd,[Change id 5 to character 9 with expr 0]
scr_cmd,[Unknown code 2]
scr_cmd,[Make active:5]
scr_cmd,[Play voice 66 from folder 83]
txt,,え？
scr_cmd,[Show next arrow]
scr_cmd,[Wait for msg click]
scr_cmd,[Make active:6]
scr_cmd,[Erase text]
scr_cmd,[Change id 6 to character 5 with expr 0]
scr_cmd,[Unknown code 2]
scr_cmd,[Make active:6]
scr_cmd,[Play voice 67 from folder 83]
txt,,それを、見つけるための旅さ。
scr_cmd,[Show next arrow]
scr_cmd,[Wait for msg click]
scr_cmd,[Play voice 68 from folder 83]
txt,,今は、見守ってあげよう？
scr_cmd,[Show next arrow]
scr_cmd,[Wait for msg click]
scr_cmd,[Make active:5]
scr_cmd,[Erase text]
scr_cmd,[Play voice 69 from folder 83]
txt,,……はい。
scr_cmd,[Show next arrow]
scr_cmd,[Wait for msg click]
scr_cmd,[Make active:6]
scr_cmd,[Erase text]
scr_cmd,[Change id 6 to character 8 with expr 0]
scr_cmd,[Unknown code 2]
scr_cmd,[Make active:6]
scr_cmd,[Play voice 70 from folder 83]
txt,,……行ってらっしゃい、セシリス。
scr_cmd,[Show next arrow]
scr_cmd,[Wait for msg click]
scr_cmd,[ms wait:600]
scr_cmd,[Change Screen: Fadeout then Darken]
scr_cmd,[Script cleanup...]
scr_cmd,[Unknown code 1]
scr_cmd,[Show BG image (wip:
scr_cmd,[Open nameless msg box atbottom center]
scr_cmd,[Change Screen: Fadein then Lighten]
scr_cmd,[Make active:4]
txt,,たった一夜でさえ、どれほどの想いを噛み締め、
txt,,苦しみ、耐え抜いたことだろう。
txt,,彼女は伸びる、必ず、伸びる。
txt,,そして、彼女の想いに触れた、
txt,,イノセンティアも。
scr_cmd,[Show next arrow]
scr_cmd,[Wait for msg click]
scr_cmd,[Show char116with expr0at pos10on delay600]
scr_cmd,[Make active:10]
txt,,羨ましいよ、まったく。
scr_cmd,[Show next arrow]
scr_cmd,[Wait for msg click]
scr_cmd,[Make active:4]
scr_cmd,[Erase text]
txt,,ロバリー。
scr_cmd,[Show next arrow]
scr_cmd,[Wait for msg click]
scr_cmd,[Make active:10]
scr_cmd,[Erase text]
txt,,こんな出逢いもあるわけだ。
txt,,どれ……
txt,,親愛なるみんなへ。
txt,,本当に大切な、わたしの大切な友達へ。
txt,,行ってきます。
scr_cmd,[Show next arrow]
scr_cmd,[Wait for msg click]
scr_cmd,[Make active:4]
scr_cmd,[Erase text]
txt,,……
scr_cmd,[Show next arrow]
scr_cmd,[Wait for msg click]
scr_cmd,[Make active:10]
scr_cmd,[Erase text]
txt,,そして、心からのお言葉を下さった先生へ。
txt,,本当に大切な、大好きな先生へ。
txt,,行ってきます。
txt,,……か。
scr_cmd,[Show next arrow]
scr_cmd,[Wait for msg click]
scr_cmd,[Erase text]
txt,,信頼されないでいるのと、信頼されて、
txt,,好きとまで言われるのと。
txt,,どっちが気楽なことか。
txt,,御前さん、もう少し、
txt,,利口だと思っていたがね。
scr_cmd,[Show next arrow]
scr_cmd,[Wait for msg click]
scr_cmd,[Make active:4]
scr_cmd,[Erase text]
txt,,ああ、私もそう思う。
scr_cmd,[Show next arrow]
scr_cmd,[Wait for msg click]
scr_cmd,[Make active:10]
scr_cmd,[Erase text]
txt,,だが、ま、愛すべき子のために、
txt,,どこまでも愚かになれる
txt,,親の気持ちというのは、
txt,,そういうものかもしれん。
scr_cmd,[Show next arrow]
scr_cmd,[Wait for msg click]
scr_cmd,[Make active:4]
scr_cmd,[Erase text]
txt,,そう、幼いあの子でさえも、
txt,,歩みを止めはしない。
txt,,ならば、私が止まるわけにはいかない。
scr_cmd,[Show next arrow]
scr_cmd,[Wait for msg click]
scr_cmd,[Make active:10]
scr_cmd,[Erase text]
txt,,違いない。
txt,,まあ、心配するな、骨は拾ってやる。
scr_cmd,[Show next arrow]
scr_cmd,[Wait for msg click]
scr_cmd,[ms wait:600]
scr_cmd,[Change Screen: Fadeout then Darken]
scr_cmd,[Script cleanup...]
scr_cmd,Error: Unknown code:b'\x97\x00\x0c\x00'
scr_cmd,Error: Unknown code:b'\x0b\x00\x00 '
scr_cmd,Error: Unknown code:b'\x00\x00\x00 '
scr_cmd,Error: Unknown code:b'[\x00\x0c\x00'
scr_cmd,Error: Unknown code:b'\n\x00\x00 '
scr_cmd,Error: Unknown code:b'\x02\x00\x00 '
scr_cmd,[END SCENE]
