scr_cmd,[Change Screen: Darken ]
scr_cmd,[Unknown code 1]
scr_cmd,[Play BGM #11]
scr_cmd,[Show BG image (wip:
scr_cmd,[Show char116with expr0at pos7on delay600]
scr_cmd,[Change Screen: Fadein then Lighten]
scr_cmd,[Make active:7]
txt,,よう。
scr_cmd,[Show next arrow]
scr_cmd,[Wait for msg click]
scr_cmd,[Open nameless msg box atbottom center]
scr_cmd,[Make active:4]
txt,,ロバリー……！！
scr_cmd,[Show next arrow]
scr_cmd,[Wait for msg click]
scr_cmd,[Make active:7]
scr_cmd,[Erase text]
txt,,久しいな。
scr_cmd,[Show next arrow]
scr_cmd,[Wait for msg click]
scr_cmd,[Make active:4]
scr_cmd,[Erase text]
txt,,……
txt,,くたばったと思ってたよ。
scr_cmd,[Show next arrow]
scr_cmd,[Wait for msg click]
scr_cmd,[Make active:7]
scr_cmd,[Erase text]
txt,,勿論、そっちこそ、な。
scr_cmd,[Show next arrow]
scr_cmd,[Wait for msg click]
scr_cmd,[Make active:4]
scr_cmd,[Erase text]
txt,,……
scr_cmd,[Show next arrow]
scr_cmd,[Wait for msg click]
scr_cmd,[Make active:7]
scr_cmd,[Erase text]
txt,,いいか、その日の気分で、
txt,,不用意にオレを助けるなよ。
txt,,オレをきまぐれででも自由にしてみろ。
txt,,シュナイドラのしたり顔が目に浮かんで、
txt,,むこう三年は消えないね。
scr_cmd,[Show next arrow]
scr_cmd,[Wait for msg click]
scr_cmd,[Show char115with expr0at pos8on delay600]
scr_cmd,[Make active:8]
txt,,ロバリー卿。
txt,,せめて、これで体を温めてください。
scr_cmd,[Show next arrow]
scr_cmd,[Wait for msg click]
scr_cmd,[Make active:7]
scr_cmd,[Erase text]
txt,,……おっとこれは失礼、ふむ、
txt,,いや、こいつは美味いな。
txt,,さすがはウェッシャーの至宝、
txt,,ジェノワース嬢。
txt,,お茶を淹れるにも最善を尽くす。
scr_cmd,[Show next arrow]
scr_cmd,[Wait for msg click]
scr_cmd,[Make active:8]
scr_cmd,[Erase text]
txt,,そんなこと……
scr_cmd,[Show next arrow]
scr_cmd,[Wait for msg click]
scr_cmd,[Make active:7]
scr_cmd,[Erase text]
txt,,ところがどっこいあの連中、
txt,,そうは微塵も思っていない。
txt,,光が産み出す闇への嫌悪は露骨なものだ。
txt,,光の紡ぎ手は秩序と法とを守護しながらも、
txt,,その片手には邪悪な闇を隠し持ち……
scr_cmd,[Show next arrow]
scr_cmd,[Wait for msg click]
scr_cmd,[Erase text]
scr_cmd,[Make active:8]
scr_cmd,[Erase text]
txt,,……
scr_cmd,[Make active:7]
txt,,背反する混沌と根を等しくする、
txt,,忌むべき這魔の眷属たり、
txt,,と決めつけやがった。
scr_cmd,[Show next arrow]
scr_cmd,[Wait for msg click]
scr_cmd,[Make active:8]
scr_cmd,[Erase text]
txt,,……
txt,,闇の持つ安寧も、静寂の美徳も。
txt,,あなたのような方に想われれば、幸せです。
scr_cmd,[Show next arrow]
scr_cmd,[Wait for msg click]
scr_cmd,[Make active:7]
scr_cmd,[Erase text]
txt,,……
scr_cmd,[Make active:4]
scr_cmd,[Erase text]
txt,,……
scr_cmd,[Show next arrow]
scr_cmd,[Wait for msg click]
scr_cmd,[Make active:8]
scr_cmd,[Erase text]
txt,,……
scr_cmd,[Make active:7]
scr_cmd,[Erase text]
txt,,光と闇を司る賢者には、
txt,,古来よりして誤解のつきまとうもの。
txt,,シェリル＝ジェノワース、
txt,,どうかそのしなやかな御手で……
scr_cmd,[Show next arrow]
scr_cmd,[Wait for msg click]
scr_cmd,[Erase text]
scr_cmd,[Make active:7]
txt,,混迷のエルメナスに、
txt,,祝福をもたらしたまえ。
scr_cmd,[Show next arrow]
scr_cmd,[Wait for msg click]
scr_cmd,[Make active:8]
scr_cmd,[Erase text]
txt,,ロバリー卿……
scr_cmd,[Show next arrow]
scr_cmd,[Wait for msg click]
scr_cmd,[Make active:7]
scr_cmd,[Erase text]
txt,,……
scr_cmd,[Make active:4]
scr_cmd,[Erase text]
txt,,ひとごとみたいに言ってくれるなよ、
txt,,ロバリー。
txt,,おまえにも働いてもらうんだからな。
scr_cmd,[Show next arrow]
scr_cmd,[Wait for msg click]
scr_cmd,[Make active:8]
scr_cmd,[Erase text]
txt,,……
scr_cmd,[Make active:7]
scr_cmd,[Erase text]
txt,,正気か？
txt,,聖セヴィエスは、あいつらが陥とした。
txt,,賢者の円卓もパラダインも、
txt,,混沌に組する者に容赦はない。
scr_cmd,[Show next arrow]
scr_cmd,[Wait for msg click]
scr_cmd,[Make active:4]
scr_cmd,[Erase text]
txt,,ファナ＝ヒュベリオス
txt,,の手を離すつもりはない。
txt,,シャロン＝フレイスピッド
txt,,の手を離すつもりもない。
txt,,みんな、そう思っている。
scr_cmd,[Show next arrow]
scr_cmd,[Wait for msg click]
scr_cmd,[Make active:7]
scr_cmd,[Erase text]
txt,,……
scr_cmd,[Show next arrow]
scr_cmd,[Wait for msg click]
scr_cmd,[Make active:4]
scr_cmd,[Erase text]
txt,,そういうわけで、
txt,,今更おまえの縛鎖を解いたところで、
txt,,たいした差はない。
txt,,多分。
scr_cmd,[Show next arrow]
scr_cmd,[Wait for msg click]
scr_cmd,[Make active:7]
scr_cmd,[Erase text]
txt,,……まったく。
txt,,大のつくバカやろうだよ、
txt,,おまえさんはな。
scr_cmd,[Show next arrow]
scr_cmd,[Wait for msg click]
scr_cmd,[Make active:4]
scr_cmd,[Erase text]
txt,,……
scr_cmd,[Show next arrow]
scr_cmd,[Wait for msg click]
scr_cmd,[Make active:7]
scr_cmd,[Erase text]
txt,,いいや、それよりもなによりも。
txt,,幸せ者だな、おまえさんは。
scr_cmd,[Show next arrow]
scr_cmd,[Wait for msg click]
scr_cmd,[Make active:4]
scr_cmd,[Erase text]
txt,,ああ。
scr_cmd,[Show next arrow]
scr_cmd,[Wait for msg click]
scr_cmd,[Make active:7]
scr_cmd,[Erase text]
txt,,ははん。
txt,,子供たちに、それほど慕われるってぇのは、
txt,,いったいどんな手を尽くすものなのかねぇ。
scr_cmd,[Show next arrow]
scr_cmd,[Wait for msg click]
scr_cmd,[Make active:4]
scr_cmd,[Erase text]
txt,,……
scr_cmd,[Show next arrow]
scr_cmd,[Wait for msg click]
scr_cmd,[Make active:7]
scr_cmd,[Erase text]
txt,,まあいいさ。
txt,,このジェライト＝ロバリー、
txt,,受けた恩は返す主義だ。
txt,,おまえさんにも、賢者の円卓にも。
scr_cmd,[Show next arrow]
scr_cmd,[Wait for msg click]
scr_cmd,[Make active:4]
scr_cmd,[Erase text]
txt,,ロバリー。
scr_cmd,[Show next arrow]
scr_cmd,[Wait for msg click]
scr_cmd,[Make active:7]
scr_cmd,[Erase text]
txt,,まあ、細かいことは任せるさ。
txt,,なんでも、言いつけてくれよな。
scr_cmd,[Show next arrow]
scr_cmd,[Wait for msg click]
scr_cmd,[Make active:4]
scr_cmd,[Erase text]
txt,,ああ。
scr_cmd,[Show next arrow]
scr_cmd,[Wait for msg click]
scr_cmd,[Make active:7]
scr_cmd,[Erase text]
txt,,……
txt,,ところで、なあ兄弟。
scr_cmd,[Show next arrow]
scr_cmd,[Wait for msg click]
scr_cmd,[Make active:4]
scr_cmd,[Erase text]
txt,,うん？
scr_cmd,[Show next arrow]
scr_cmd,[Wait for msg click]
scr_cmd,[Make active:7]
scr_cmd,[Erase text]
txt,,いつになったら、ここ、開けてくれるんだ？
scr_cmd,[Show next arrow]
scr_cmd,[Wait for msg click]
scr_cmd,[ms wait:600]
scr_cmd,[Change Screen: Fadeout then Darken]
scr_cmd,[Script cleanup...]
scr_cmd,[Load chapter: 0]
scr_cmd,[END SCENE]
