scr_cmd,[Change Screen: Darken ]
scr_cmd,[Show image &0x2b2]
scr_cmd,Img params: X 0 Y 324 W 1024 H 128
scr_cmd,[Change Screen: Fadein then Lighten]
scr_cmd,[Wait for click?]
scr_cmd,[Change Screen: Fadeout then Darken]
scr_cmd,[Erase title]
scr_cmd,[ms wait:600]
scr_cmd,[Change Screen: Darken ]
scr_cmd,[Unknown code 1]
scr_cmd,[Play BGM #16]
scr_cmd,[Show BG image (wip:
scr_cmd,[Open nameless msg box at0]
scr_cmd,[Change Screen: Fadein then Lighten]
scr_cmd,[Make active:0]
txt,,所用ゆえに、先に発たねばならぬ。
txt,,そなたはもう、きっと、澄んだ瞳を取り戻したことだろうのう。
txt,,それでええ。
txt,,それでええ。
txt,,さあ、行くがええ、純潔の盾へ。
txt,,わしの愛すべき弟子のもとへ、帰るがええ。
txt,,案じることも多かろう。
scr_cmd,[Show next arrow]
scr_cmd,[Wait for msg click]
scr_cmd,[Erase text]
txt,,つらいことも、あろう。
txt,,わしらにとって、子供のように、孫のように、
txt,,そなたらほど可愛いものはない。
txt,,思い切り甘えてやればええのだ。
txt,,恩なぞ返してほしゅうて、愛す親があろうものか。
txt,,なにを躊躇うことがあろうものか。
scr_cmd,[Show next arrow]
scr_cmd,[Wait for msg click]
scr_cmd,[Erase text]
txt,,なあ。
txt,,そこに、路がある。
txt,,そなたの道が。
scr_cmd,[Show next arrow]
scr_cmd,[Wait for msg click]
scr_cmd,[Erase text]
scr_cmd,[Erase nameless box at0
scr_cmd,[ms wait:600]
scr_cmd,[Show char4with expr0at pos5on delay600]
scr_cmd,[Make active:5]
scr_cmd,[Play voice 0 from folder 86]
txt,,わたし……
scr_cmd,[Show next arrow]
scr_cmd,[Wait for msg click]
scr_cmd,[Play voice 1 from folder 86]
txt,,こんなにお世話になって、
txt,,でもなにもご恩返しできなくて……
scr_cmd,[Show next arrow]
scr_cmd,[Wait for msg click]
scr_cmd,[Erase text]
scr_cmd,[Play voice 2 from folder 86]
txt,,それなのに、こうして、
txt,,お手紙をいただける……
scr_cmd,[Show next arrow]
scr_cmd,[Wait for msg click]
scr_cmd,[Play voice 3 from folder 86]
txt,,それなのに、わたし、わたしは……
scr_cmd,[Show next arrow]
scr_cmd,[Wait for msg click]
scr_cmd,[Erase text]
scr_cmd,[Play voice 4 from folder 86]
txt,,ジルメアさま……
scr_cmd,[Show next arrow]
scr_cmd,[Wait for msg click]
scr_cmd,[Erase text]
scr_cmd,[Play voice 5 from folder 86]
txt,,素敵な想い出を、ありがとうございました。
scr_cmd,[Show next arrow]
scr_cmd,[Wait for msg click]
scr_cmd,[Play voice 6 from folder 86]
txt,,ほんとうに、ありがとうございました……！
scr_cmd,[Show next arrow]
scr_cmd,[Wait for msg click]
scr_cmd,[Play voice 7 from folder 86]
txt,,どうか、いつまでも、ご健勝で……
scr_cmd,[Show next arrow]
scr_cmd,[Wait for msg click]
scr_cmd,[Erase text]
scr_cmd,[Play voice 8 from folder 86]
txt,,ありがとうございました！！！
scr_cmd,[Show next arrow]
scr_cmd,[Wait for msg click]
scr_cmd,[ms wait:600]
scr_cmd,[Change Screen: Fadeout then Darken]
scr_cmd,[Script cleanup...]
scr_cmd,Error: Unknown code:b'\x97\x00\x0c\x00'
scr_cmd,Error: Unknown code:b'\x10\x00\x00 '
scr_cmd,Error: Unknown code:b'\x01\x00\x00 '
scr_cmd,Error: Unknown code:b'[\x00\x0c\x00'
scr_cmd,Error: Unknown code:b'\x0e\x00\x00 '
scr_cmd,Error: Unknown code:b'\x02\x00\x00 '
scr_cmd,[END SCENE]
