scr_cmd,[Change Screen: Darken ]
scr_cmd,[Unknown code 1]
scr_cmd,[Play BGM #12]
scr_cmd,[Show BG image (wip:
scr_cmd,[Change Screen: Fadein then Lighten]
scr_cmd,[ms wait:600]
scr_cmd,[Open nameless msg box at0]
scr_cmd,[Make active:0]
txt,,　
txt,,　
scr_cmd,[Play voice 0 from folder 117]
txt,,　わずかに学んだばかりの子供たちが、混迷の世界へと羽ばたく。
scr_cmd,[Show next arrow]
scr_cmd,[Wait for msg click]
scr_cmd,[Play voice 1 from folder 117]
txt,,　どれほどの困難が待ち受けようと、彼らは歩みを止めはしない。
scr_cmd,[Show next arrow]
scr_cmd,[Wait for msg click]
scr_cmd,[Play voice 2 from folder 117]
txt,,　　　　　たとえ傷つきくずおれ、はいつくばっても。
scr_cmd,[Show next arrow]
scr_cmd,[Wait for msg click]
scr_cmd,[Erase text]
txt,,　
txt,,　
scr_cmd,[Play voice 3 from folder 117]
txt,,　　　　　　　　　　　　なぜって……
scr_cmd,[Show next arrow]
scr_cmd,[Wait for msg click]
scr_cmd,[Play voice 4 from folder 117]
txt,,　　　　　　　　それが、賢者だから─────
scr_cmd,[Show next arrow]
scr_cmd,[Wait for msg click]
scr_cmd,[Erase text]
txt,,　
txt,,　
scr_cmd,[Play voice 5 from folder 117]
txt,,　　　　　　　　　　　クロス　ハーミット
txt,,　　　　　　　Ｃｒｏｓｓ　Ｈｅｒｍｉｔ　───
scr_cmd,[Show next arrow]
scr_cmd,[Wait for msg click]
scr_cmd,[Erase text]
txt,,　
scr_cmd,[Play voice 6 from folder 117]
txt,,　　　　　　　　それは、深い闇の中に灯った、
txt,,　　　　　　　淡いかがりび達の、交わり集う場所。
scr_cmd,[Show next arrow]
scr_cmd,[Wait for msg click]
scr_cmd,[Play voice 7 from folder 117]
txt,,　　　　　　　それは、迫り来る混沌を前にして、
txt,,　　それでもなお、邪悪に立ち向かった幼き賢者たちの物語。
scr_cmd,[Show next arrow]
scr_cmd,[Wait for msg click]
scr_cmd,[Erase text]
txt,,　
txt,,　
scr_cmd,[Play voice 8 from folder 117]
txt,,　　　　　　願わくは、いまだ見ぬ物語に、祝福を。
scr_cmd,[Show next arrow]
scr_cmd,[Wait for msg click]
scr_cmd,[Play voice 9 from folder 117]
txt,,　　　　　　　願わくは、その道に、温かな祝福を。
scr_cmd,[Show next arrow]
scr_cmd,[Wait for msg click]
scr_cmd,[ms wait:600]
scr_cmd,[Change Screen: Fadeout then Darken]
scr_cmd,[Script cleanup...]
scr_cmd,[END SCENE]
