scr_cmd,[Change Screen: Darken ]
scr_cmd,[Show image &0xb50]
scr_cmd,Img params: X 0 Y 324 W 1024 H 128
scr_cmd,[Change Screen: Fadein then Lighten]
scr_cmd,[Wait for click?]
scr_cmd,[Change Screen: Fadeout then Darken]
scr_cmd,[Erase title]
scr_cmd,[ms wait:600]
scr_cmd,[Change Screen: Darken ]
scr_cmd,[Unknown code 1]
scr_cmd,[Play BGM #17]
scr_cmd,[Show BG image (wip:
scr_cmd,[Show char101with expr0at pos7on delay600]
scr_cmd,[Change Screen: Fadein then Lighten]
scr_cmd,[Make active:7]
txt,,十三王杯こそは、奇跡の精粋。
txt,,叶えうる望みの、いかなる大きさか。
scr_cmd,[Show next arrow]
scr_cmd,[Wait for msg click]
scr_cmd,[Show char110with expr0at pos8on delay600]
scr_cmd,[Make active:8]
txt,,ケストが言ったとおり。
txt,,エルメナスが生命の法灯を消すことを
txt,,望んでいるとするなら。
txt,,十三王杯によってエルメナスの死は叶えられ、
txt,,終焉がやってくる、まちがいなく。
scr_cmd,[Show next arrow]
scr_cmd,[Wait for msg click]
scr_cmd,[Make active:7]
scr_cmd,[Erase text]
txt,,……
scr_cmd,[Show char120with expr0at pos9on delay600]
scr_cmd,[Make active:9]
txt,,だが。
txt,,エルメナスが望むなら、生きることもできる。
txt,,エルメナスの生を、誰でもいい、
txt,,強く想うなら……
txt,,生と死は表裏一体。
scr_cmd,[Show next arrow]
scr_cmd,[Wait for msg click]
scr_cmd,[Erase text]
scr_cmd,[Make active:8]
scr_cmd,[Erase text]
txt,,……
scr_cmd,[Make active:9]
txt,,滅びを叶えるならば、再生とて叶えうる。
txt,,十二王杯の光は、
txt,,なるほど闇に囚われたかもしれん。
txt,,だが、その黒々とした塊の中で、たしかに、
txt,,息づいておる。
scr_cmd,[Show next arrow]
scr_cmd,[Wait for msg click]
scr_cmd,[Make active:7]
scr_cmd,[Erase text]
txt,,……
scr_cmd,[Show next arrow]
scr_cmd,[Wait for msg click]
scr_cmd,[Make active:9]
scr_cmd,[Erase text]
scr_cmd,[Change box 9 to 4 and change chr 255 expression to 255]
scr_cmd,Error: Unknown code:b'\x18\x00\x0c\x00'
scr_cmd,Error: Unknown code:b'\x04\x00\x00 '
scr_cmd,Error: Unknown code:b'\x01\x00\x00 '
scr_cmd,[Make active:4]
txt,,なぜ、私たちに？
txt,,それよりも……
txt,,なぜ、もっと早く……！
scr_cmd,[Show next arrow]
scr_cmd,[Wait for msg click]
scr_cmd,[Make active:7]
scr_cmd,[Erase text]
txt,,……それでは解決にならんからだ。
txt,,エルメナスの絶望は、深い。
scr_cmd,[Show next arrow]
scr_cmd,[Wait for msg click]
scr_cmd,[Make active:4]
scr_cmd,[Erase text]
txt,,先生……
scr_cmd,[Show next arrow]
scr_cmd,[Wait for msg click]
scr_cmd,[Make active:8]
scr_cmd,[Erase text]
scr_cmd,[Change id 8 to character 116 with expr 0]
scr_cmd,[Unknown code 2]
scr_cmd,[Make active:8]
txt,,十三王杯こそは、終焉の力……
scr_cmd,[Show next arrow]
scr_cmd,[Wait for msg click]
scr_cmd,[Make active:4]
scr_cmd,[Erase text]
txt,,……
scr_cmd,[Make active:7]
scr_cmd,[Erase text]
txt,,左様、そして十三王杯こそは、
txt,,強き想いを叶える力。
txt,,子供たち、ひとりひとりの情熱、想い、涙、
txt,,こころ。
scr_cmd,[Show next arrow]
scr_cmd,[Wait for msg click]
scr_cmd,[Erase text]
scr_cmd,[Make active:8]
scr_cmd,[Erase text]
txt,,……
scr_cmd,[Make active:7]
txt,,それがひとつになって初めて、
txt,,それでも万に一つ、
txt,,エルメナスのこころを癒すやもしれぬ。
scr_cmd,[Show next arrow]
scr_cmd,[Wait for msg click]
scr_cmd,[Make active:8]
scr_cmd,[Erase text]
scr_cmd,[Change id 8 to character 110 with expr 0]
scr_cmd,[Unknown code 2]
scr_cmd,[Make active:8]
txt,,パラダインに、それは望めなかった。
txt,,黒衣の呪いびとの賭けは、細い綱渡りだった。
txt,,僕たちも、そうだけど。
scr_cmd,[Show next arrow]
scr_cmd,[Wait for msg click]
scr_cmd,[Make active:7]
scr_cmd,[Erase text]
txt,,深い迷いと慟哭の中でこそ、
txt,,純潔の盾は歩んだ。
txt,,今だからこそ、純潔の盾ならば、
txt,,それを託せると信じるのだ。
scr_cmd,[Show next arrow]
scr_cmd,[Wait for msg click]
scr_cmd,[Erase text]
scr_cmd,[Make active:8]
scr_cmd,[Erase text]
txt,,……
scr_cmd,[Make active:7]
txt,,今こそ、そなたの友の手紙を、最後の手紙を、
txt,,そなたと、子らに。
scr_cmd,[Show next arrow]
scr_cmd,[Wait for msg click]
scr_cmd,[ms wait:600]
scr_cmd,[Change Screen: Fadeout then Darken]
scr_cmd,[Script cleanup...]
scr_cmd,Error: Unknown code:b'@\x00\x04\x00'
scr_cmd,[Unknown code 1]
scr_cmd,[Play BGM #6]
scr_cmd,[Show BG image (wip:
scr_cmd,[Show char8with expr0at pos5on delay600]
scr_cmd,[Change Screen: Fadein then Lighten]
scr_cmd,[Make active:5]
scr_cmd,[Play voice 0 from folder 98]
txt,,エルメナス、それはそう……
scr_cmd,[Show next arrow]
scr_cmd,[Wait for msg click]
scr_cmd,[Show char1with expr0at pos6on delay600]
scr_cmd,[Make active:6]
scr_cmd,[Play voice 1 from folder 98]
txt,,皺の打ち寄せる、七千年を生きた老人。
scr_cmd,[Show next arrow]
scr_cmd,[Wait for msg click]
scr_cmd,[Make active:5]
scr_cmd,[Erase text]
scr_cmd,[Change id 5 to character 3 with expr 0]
scr_cmd,[Unknown code 2]
scr_cmd,[Make active:5]
scr_cmd,[Play voice 2 from folder 98]
txt,,生まれたばかりの赤子。
scr_cmd,[Show next arrow]
scr_cmd,[Wait for msg click]
scr_cmd,[Make active:6]
scr_cmd,[Erase text]
scr_cmd,[Change id 6 to character 4 with expr 0]
scr_cmd,[Unknown code 2]
scr_cmd,[Make active:6]
scr_cmd,[Play voice 3 from folder 98]
txt,,子供を想う優しき親。
scr_cmd,[Show next arrow]
scr_cmd,[Wait for msg click]
scr_cmd,[Erase text]
scr_cmd,[Make active:5]
scr_cmd,[Erase text]
txt,,……
scr_cmd,[Change id 6 to character 6 with expr 0]
scr_cmd,[Unknown code 2]
scr_cmd,[Make active:6]
scr_cmd,[Play voice 4 from folder 98]
txt,,こころ豊かな、不安多き子。
scr_cmd,[Show next arrow]
scr_cmd,[Wait for msg click]
scr_cmd,[Erase text]
scr_cmd,[Change id 6 to character 2 with expr 0]
scr_cmd,[Unknown code 2]
scr_cmd,[Make active:6]
scr_cmd,[Play voice 5 from folder 98]
txt,,世界の混沌に絶望し、苦しみ、喘ぎ。
scr_cmd,[Show next arrow]
scr_cmd,[Wait for msg click]
scr_cmd,[Make active:5]
scr_cmd,[Erase text]
scr_cmd,[Play voice 6 from folder 98]
txt,,それでも学び舎に歩む子があれば、
txt,,精一杯の愛で包みたいと想う。
scr_cmd,[Show next arrow]
scr_cmd,[Wait for msg click]
scr_cmd,[Make active:6]
scr_cmd,[Erase text]
scr_cmd,[Change id 6 to character 9 with expr 0]
scr_cmd,[Unknown code 2]
scr_cmd,[Make active:6]
scr_cmd,[Play voice 7 from folder 98]
txt,,だから、こころを懸ける。
scr_cmd,[Show next arrow]
scr_cmd,[Wait for msg click]
scr_cmd,[Make active:5]
scr_cmd,[Erase text]
scr_cmd,[Change id 5 to character 11 with expr 0]
scr_cmd,[Unknown code 2]
scr_cmd,[Make active:5]
scr_cmd,[Play voice 8 from folder 98]
txt,,夏の緑豊かに葉を揺らしては心癒し、
txt,,厳しい寒さに喝を入れ。
scr_cmd,[Show next arrow]
scr_cmd,[Wait for msg click]
scr_cmd,[Make active:6]
scr_cmd,[Erase text]
scr_cmd,[Change id 6 to character 7 with expr 0]
scr_cmd,[Unknown code 2]
scr_cmd,[Make active:6]
scr_cmd,[Play voice 9 from folder 98]
txt,,春に心躍る勇気を与え、
txt,,秋に憂いをもたらすように。
scr_cmd,[Show next arrow]
scr_cmd,[Wait for msg click]
scr_cmd,[Erase text]
scr_cmd,[Make active:5]
scr_cmd,[Erase text]
txt,,……
scr_cmd,[Change id 6 to character 2 with expr 0]
scr_cmd,[Unknown code 2]
scr_cmd,[Make active:6]
scr_cmd,[Play voice 10 from folder 98]
txt,,こころの一方でわかっていながら。
scr_cmd,[Show next arrow]
scr_cmd,[Wait for msg click]
scr_cmd,[Make active:5]
scr_cmd,[Erase text]
scr_cmd,[Change id 5 to character 3 with expr 0]
scr_cmd,[Unknown code 2]
scr_cmd,[Make active:5]
scr_cmd,[Play voice 11 from folder 98]
txt,,こころの一方で、寂しさに胸震わせる。
scr_cmd,[Show next arrow]
scr_cmd,[Wait for msg click]
scr_cmd,[Erase text]
scr_cmd,[Make active:6]
scr_cmd,[Erase text]
txt,,……
scr_cmd,[Change id 5 to character 8 with expr 0]
scr_cmd,[Unknown code 2]
scr_cmd,[Make active:5]
scr_cmd,[Play voice 12 from folder 98]
txt,,だから、もし、
txt,,エルメナスが生きたいと想うなら。
scr_cmd,[Show next arrow]
scr_cmd,[Wait for msg click]
scr_cmd,[Make active:6]
scr_cmd,[Erase text]
scr_cmd,[Play voice 13 from folder 98]
txt,,願いを届けると歩むなら。
scr_cmd,[Show next arrow]
scr_cmd,[Wait for msg click]
scr_cmd,[Erase text]
scr_cmd,[Make active:5]
scr_cmd,[Erase text]
txt,,……
scr_cmd,[Change id 6 to character 6 with expr 0]
scr_cmd,[Unknown code 2]
scr_cmd,[Make active:6]
scr_cmd,[Play voice 14 from folder 98]
txt,,かならずや。
scr_cmd,[Show next arrow]
scr_cmd,[Wait for msg click]
scr_cmd,[Play voice 15 from folder 98]
txt,,救えるのだと、信じる。
scr_cmd,[Show next arrow]
scr_cmd,[Wait for msg click]
scr_cmd,[Make active:5]
scr_cmd,[Erase text]
scr_cmd,[Change id 5 to character 9 with expr 0]
scr_cmd,[Unknown code 2]
scr_cmd,[Make active:5]
scr_cmd,[Play voice 16 from folder 98]
txt,,ここで学んだからこそ。
scr_cmd,[Show next arrow]
scr_cmd,[Wait for msg click]
scr_cmd,[Play voice 17 from folder 98]
txt,,歩むことを教えるからこそ。
scr_cmd,[Show next arrow]
scr_cmd,[Wait for msg click]
scr_cmd,[Play voice 18 from folder 98]
txt,,僕が立ち止まっているわけには、
txt,,いかなかった。
scr_cmd,[Show next arrow]
scr_cmd,[Wait for msg click]
scr_cmd,[Make active:6]
scr_cmd,[Erase text]
scr_cmd,[Change id 6 to character 5 with expr 0]
scr_cmd,[Unknown code 2]
scr_cmd,[Make active:6]
scr_cmd,[Play voice 19 from folder 98]
txt,,この手紙をきみが読んでくれる頃。
scr_cmd,[Show next arrow]
scr_cmd,[Wait for msg click]
scr_cmd,[Play voice 20 from folder 98]
txt,,立派に育った子供たちの笑顔が、
txt,,僕には見える……
scr_cmd,[Show next arrow]
scr_cmd,[Wait for msg click]
scr_cmd,[Play voice 21 from folder 98]
txt,,ありがとう、かけがえのない友。
scr_cmd,[Show next arrow]
scr_cmd,[Wait for msg click]
scr_cmd,[Erase text]
scr_cmd,[Make active:5]
scr_cmd,[Erase text]
txt,,……
scr_cmd,[Change id 6 to character 4 with expr 0]
scr_cmd,[Unknown code 2]
scr_cmd,[Make active:6]
scr_cmd,[Play voice 22 from folder 98]
txt,,今、こころから言える。
scr_cmd,[Show next arrow]
scr_cmd,[Wait for msg click]
scr_cmd,[Play voice 23 from folder 98]
txt,,この道を歩んでよかった、と。
scr_cmd,[Show next arrow]
scr_cmd,[Wait for msg click]
scr_cmd,[Open nameless msg box atcenter]
scr_cmd,[Make active:1]
txt,,……オルフェ。
scr_cmd,[Show next arrow]
scr_cmd,[Wait for msg click]
scr_cmd,[Make active:6]
scr_cmd,[Erase text]
scr_cmd,[Change id 6 to character 101 with expr 0]
scr_cmd,[Unknown code 2]
scr_cmd,[Make active:6]
txt,,……
scr_cmd,[Show next arrow]
scr_cmd,[Wait for msg click]
scr_cmd,[Make active:5]
scr_cmd,[Erase text]
scr_cmd,[Make active:1]
scr_cmd,[Erase text]
scr_cmd,[Change id 5 to character 1 with expr 0]
scr_cmd,[Erase nameless box at1
scr_cmd,[Unknown code 2]
scr_cmd,[Make active:5]
scr_cmd,[Play voice 24 from folder 98]
txt,,……先生。
scr_cmd,[Show next arrow]
scr_cmd,[Wait for msg click]
scr_cmd,[Play voice 25 from folder 98]
txt,,あたし、やる。
scr_cmd,[Show next arrow]
scr_cmd,[Wait for msg click]
scr_cmd,[Erase text]
scr_cmd,[Change id 5 to character 8 with expr 0]
scr_cmd,[Unknown code 2]
scr_cmd,[Make active:5]
scr_cmd,[Play voice 26 from folder 98]
txt,,勇気を、あげたい。
scr_cmd,[Show next arrow]
scr_cmd,[Wait for msg click]
scr_cmd,[Make active:6]
scr_cmd,[Erase text]
scr_cmd,[Change id 6 to character 2 with expr 0]
scr_cmd,[Unknown code 2]
scr_cmd,[Make active:6]
scr_cmd,[Play voice 27 from folder 98]
txt,,エルメナスは、そう、わたしたちだ。
scr_cmd,[Show next arrow]
scr_cmd,[Wait for msg click]
scr_cmd,[Play voice 28 from folder 98]
txt,,わたしたちがしっかりしたら、エルメナスも、
txt,,こんなに苦しまなくってすんだ。
scr_cmd,[Show next arrow]
scr_cmd,[Wait for msg click]
scr_cmd,[Make active:5]
scr_cmd,[Erase text]
scr_cmd,[Change id 5 to character 4 with expr 0]
scr_cmd,[Unknown code 2]
scr_cmd,[Make active:5]
scr_cmd,[Play voice 29 from folder 98]
txt,,やりましょう、先生。
scr_cmd,[Show next arrow]
scr_cmd,[Wait for msg click]
scr_cmd,[Play voice 30 from folder 98]
txt,,エルメナスの生命の灯を、燈しましょう。
scr_cmd,[Show next arrow]
scr_cmd,[Wait for msg click]
scr_cmd,[Play voice 31 from folder 98]
txt,,消えゆく運命を、
txt,,邪悪な意思に紡がれるとしても。
scr_cmd,[Show next arrow]
scr_cmd,[Wait for msg click]
scr_cmd,[Erase text]
scr_cmd,[Make active:6]
scr_cmd,[Erase text]
txt,,……
scr_cmd,[Make active:5]
scr_cmd,[Play voice 32 from folder 98]
txt,,いいえ、
txt,,エルメナスが自らの命を消すとしても。
scr_cmd,[Show next arrow]
scr_cmd,[Wait for msg click]
scr_cmd,[Play voice 33 from folder 98]
txt,,何度でも、燈しましょう。
scr_cmd,[Show next arrow]
scr_cmd,[Wait for msg click]
scr_cmd,[Play voice 34 from folder 98]
txt,,みんなで。
scr_cmd,[Show next arrow]
scr_cmd,[Wait for msg click]
scr_cmd,[ms wait:600]
scr_cmd,[Change Screen: Fadeout then Darken]
scr_cmd,[Script cleanup...]
scr_cmd,Error: Unknown code:b'\x97\x00\x0c\x00'
scr_cmd,Error: Unknown code:b'\x0b\x00\x00 '
scr_cmd,Error: Unknown code:b'\x00\x00\x00 '
scr_cmd,Error: Unknown code:b'[\x00\x0c\x00'
scr_cmd,Error: Unknown code:b'\x0e\x00\x00 '
scr_cmd,Error: Unknown code:b'\x02\x00\x00 '
scr_cmd,[END SCENE]
