scr_cmd,[Change Screen: Darken ]
scr_cmd,[Unknown code 1]
scr_cmd,[Play BGM #16]
scr_cmd,[Show BG image (wip:
scr_cmd,[Open nameless msg box atbottom center]
scr_cmd,[Change Screen: Fadein then Lighten]
scr_cmd,[Make active:4]
txt,行かれるのですね、やはり。
scr_cmd,[Show next arrow]
scr_cmd,[Wait for msg click]
scr_cmd,[Show char117with expr0at pos7on delay600]
scr_cmd,[Make active:7]
txt,そうなるか。
txt,たとえその先に闇が待っていようとも、
txt,退くことはできんな。
scr_cmd,[Show next arrow]
scr_cmd,[Wait for msg click]
scr_cmd,[Make active:4]
scr_cmd,[Erase text]
txt,……
scr_cmd,[Show char101with expr0at pos8on delay600]
scr_cmd,[Make active:8]
txt,……達者でな。
scr_cmd,[Show next arrow]
scr_cmd,[Wait for msg click]
scr_cmd,[Make active:7]
scr_cmd,[Erase text]
txt,そなたも。
scr_cmd,[Show next arrow]
scr_cmd,[Wait for msg click]
scr_cmd,[Make active:8]
scr_cmd,[Erase text]
txt,……
scr_cmd,[Make active:4]
scr_cmd,[Erase text]
txt,……
scr_cmd,[Show next arrow]
scr_cmd,[Wait for msg click]
scr_cmd,[Make active:7]
scr_cmd,[Erase text]
txt,できるなら、ここに居たかった。
txt,然れども、ロザリアがそうしたように。
txt,ロバリーもまたそうあるように。
txt,拙僧も発つとしよう。
scr_cmd,[Show next arrow]
scr_cmd,[Wait for msg click]
scr_cmd,[Make active:8]
scr_cmd,[Erase text]
txt,北へ？
scr_cmd,[Show next arrow]
scr_cmd,[Wait for msg click]
scr_cmd,[Make active:7]
scr_cmd,[Erase text]
txt,ふむ。
txt,イスト川のほとりにある
txt,聖者の泉を詣でつつ……
txt,アシュトロスの関を越えるつもりだ。
scr_cmd,[Show next arrow]
scr_cmd,[Wait for msg click]
scr_cmd,[Make active:8]
scr_cmd,[Erase text]
txt,……
scr_cmd,[Make active:7]
scr_cmd,[Erase text]
txt,這い出し者も、関より先は、
txt,追ってこれまい。
scr_cmd,[Show next arrow]
scr_cmd,[Wait for msg click]
scr_cmd,[Make active:4]
scr_cmd,[Erase text]
txt,イスト河畔は、
txt,這い出し者の住処も同然です……！
scr_cmd,[Show next arrow]
scr_cmd,[Wait for msg click]
scr_cmd,[Make active:7]
scr_cmd,[Erase text]
txt,……
scr_cmd,[Make active:8]
scr_cmd,[Erase text]
txt,聖者の泉を、すべては奪わずに残し、
txt,わしらを誘っておる。
txt,悪いことは言わぬ。
txt,此度は……
scr_cmd,[Show next arrow]
scr_cmd,[Wait for msg click]
scr_cmd,[Make active:4]
scr_cmd,[Erase text]
txt,……
scr_cmd,[Make active:7]
scr_cmd,[Erase text]
txt,デネヒア、わしは僧侶だ。
txt,尊い御先祖の礎石たるは、聖者の泉。
txt,穢されたままに、
txt,目を伏せることなど叶わんよ。
scr_cmd,[Show next arrow]
scr_cmd,[Wait for msg click]
scr_cmd,[Make active:8]
scr_cmd,[Erase text]
txt,……
scr_cmd,[Show next arrow]
scr_cmd,[Wait for msg click]
scr_cmd,[Make active:4]
scr_cmd,[Erase text]
txt,ならば、アシュトロスの関まで、
txt,お見送りさせてください。
txt,今日まで……
txt,その手に触れてくださった純潔の盾の、
txt,せめてものお礼に。
scr_cmd,[Show next arrow]
scr_cmd,[Wait for msg click]
scr_cmd,[Make active:7]
scr_cmd,[Erase text]
txt,……
scr_cmd,[Show next arrow]
scr_cmd,[Wait for msg click]
scr_cmd,[Make active:4]
scr_cmd,[Erase text]
txt,……
scr_cmd,[Show next arrow]
scr_cmd,[Wait for msg click]
scr_cmd,[Make active:7]
scr_cmd,[Erase text]
txt,ああ。
txt,喜んでその申し出を受けよう。
scr_cmd,[Show next arrow]
scr_cmd,[Wait for msg click]
scr_cmd,[Make active:8]
scr_cmd,[Erase text]
txt,……ファルド。
scr_cmd,[Show next arrow]
scr_cmd,[Wait for msg click]
scr_cmd,[Make active:7]
scr_cmd,[Erase text]
txt,デネヒア。
txt,別れの時が、これほどに胸躍るなどと、
txt,考えたことがあるか？
scr_cmd,[Show next arrow]
scr_cmd,[Wait for msg click]
scr_cmd,[Make active:8]
scr_cmd,[Erase text]
txt,……
scr_cmd,[Make active:7]
scr_cmd,[Erase text]
txt,そなたは良い弟子を持った。
txt,その弟子もまた、
txt,良い子らに恵まれたと見える。
scr_cmd,[Show next arrow]
scr_cmd,[Wait for msg click]
scr_cmd,[Make active:8]
scr_cmd,[Erase text]
txt,……
scr_cmd,[Show next arrow]
scr_cmd,[Wait for msg click]
scr_cmd,[Make active:7]
scr_cmd,[Erase text]
txt,されば、若き純潔の盾の導き手よ。
txt,委細、宜しくお頼み申す。
txt,老い先はわずかでも、ご恩は生涯忘れまい。
scr_cmd,[Show next arrow]
scr_cmd,[Wait for msg click]
scr_cmd,[Make active:4]
scr_cmd,[Erase text]
txt,……純潔の盾の名にかけて。
scr_cmd,[Show next arrow]
scr_cmd,[Wait for msg click]
scr_cmd,[ms wait:600]
scr_cmd,[Change Screen: Fadeout then Darken]
scr_cmd,[Script cleanup...]
scr_cmd,Error: Unknown code:b'\x97\x00\x0c\x00'
scr_cmd,Error: Unknown code:b'\x10\x00\x00 '
scr_cmd,Error: Unknown code:b'\x01\x00\x00 '
scr_cmd,Error: Unknown code:b'[\x00\x0c\x00'
scr_cmd,Error: Unknown code:b'\x06\x00\x00 '
scr_cmd,Error: Unknown code:b'\x02\x00\x00 '
scr_cmd,[END SCENE]
