scr_cmd,[Change Screen: Darken ]
scr_cmd,[Unknown code 1]
scr_cmd,[Play BGM #12]
scr_cmd,[Show BG image (wip:
scr_cmd,[Show char116with expr0at pos7on delay600]
scr_cmd,[Change Screen: Fadein then Lighten]
scr_cmd,[Make active:7]
txt,あんた正気か！？
scr_cmd,[Show next arrow]
scr_cmd,[Wait for msg click]
scr_cmd,[Show char107with expr0at pos8on delay600]
scr_cmd,[Make active:8]
txt,……
scr_cmd,[Show next arrow]
scr_cmd,[Wait for msg click]
scr_cmd,[Make active:7]
scr_cmd,[Erase text]
txt,聖セヴィエスを解放するのは
txt,結構なことだが……
txt,沈思の聖堂にだって、
txt,危険が迫ってることぐらい、
txt,見えてただろうが！！！
scr_cmd,[Show next arrow]
scr_cmd,[Wait for msg click]
scr_cmd,[Make active:8]
scr_cmd,[Erase text]
txt,……何度でも申し上げます、ロバリー卿。
scr_cmd,[Show next arrow]
scr_cmd,[Wait for msg click]
scr_cmd,[Make active:7]
scr_cmd,[Erase text]
txt,〜〜〜〜！！！
scr_cmd,[Show next arrow]
scr_cmd,[Wait for msg click]
scr_cmd,[Make active:8]
scr_cmd,[Erase text]
txt,危険を承知の上で……
txt,それを望んだのです、あの子たちは。
scr_cmd,[Show next arrow]
scr_cmd,[Wait for msg click]
scr_cmd,[Make active:7]
scr_cmd,[Erase text]
txt,ナビロス様は！？
scr_cmd,[Show next arrow]
scr_cmd,[Wait for msg click]
scr_cmd,[Make active:8]
scr_cmd,[Erase text]
txt,衰弱しきっておられました。
txt,物見の尖塔を離れることなど、
txt,できなかったのです。
scr_cmd,[Show next arrow]
scr_cmd,[Wait for msg click]
scr_cmd,[Make active:7]
scr_cmd,[Erase text]
txt,……
scr_cmd,[Show next arrow]
scr_cmd,[Wait for msg click]
scr_cmd,[Make active:8]
scr_cmd,[Erase text]
txt,……
scr_cmd,[Show next arrow]
scr_cmd,[Wait for msg click]
scr_cmd,[Make active:7]
scr_cmd,[Erase text]
txt,物見の尖塔から見える理ってのも、
txt,怪しいもんだな……！
scr_cmd,[Show next arrow]
scr_cmd,[Wait for msg click]
scr_cmd,[Open nameless msg box atbottom center]
scr_cmd,[Make active:4]
txt,……ロバリー。
txt,今は、それを問う時じゃない。
scr_cmd,[Show next arrow]
scr_cmd,[Wait for msg click]
scr_cmd,[Make active:7]
scr_cmd,[Erase text]
txt,くそ……！
scr_cmd,[Show next arrow]
scr_cmd,[Wait for msg click]
scr_cmd,[Make active:4]
scr_cmd,[Erase text]
txt,……状況は？
scr_cmd,[Show next arrow]
scr_cmd,[Wait for msg click]
scr_cmd,[Make active:7]
scr_cmd,[Erase text]
scr_cmd,[Change id 7 to character 115 with expr 0]
scr_cmd,[Unknown code 2]
scr_cmd,[Make active:7]
txt,すでに、沈思の聖堂の根は、
txt,這い出し者の手の内に。
txt,聖堂の頂に向けて、
txt,勢いが衰えることがない、と。
scr_cmd,[Show next arrow]
scr_cmd,[Wait for msg click]
scr_cmd,[Make active:4]
scr_cmd,[Erase text]
txt,脱出までの……
txt,時間を稼げばいい？
scr_cmd,[Show next arrow]
scr_cmd,[Wait for msg click]
scr_cmd,[Make active:7]
scr_cmd,[Erase text]
txt,……はい。
scr_cmd,[Show next arrow]
scr_cmd,[Wait for msg click]
scr_cmd,[Make active:4]
scr_cmd,[Erase text]
txt,頂の守護塔には……
txt,行ったことがあるな、確か。
scr_cmd,[Show next arrow]
scr_cmd,[Wait for msg click]
scr_cmd,[Make active:7]
scr_cmd,[Erase text]
txt,ええ、一緒に。
scr_cmd,[Show next arrow]
scr_cmd,[Wait for msg click]
scr_cmd,[Make active:4]
scr_cmd,[Erase text]
txt,……あそこか。
txt,まだ、あるんだね？
scr_cmd,[Show next arrow]
scr_cmd,[Wait for msg click]
scr_cmd,[Make active:7]
scr_cmd,[Erase text]
txt,もちろんです。
scr_cmd,[Show next arrow]
scr_cmd,[Wait for msg click]
scr_cmd,[Make active:4]
scr_cmd,[Erase text]
txt,……子供たちを。
scr_cmd,[Show next arrow]
scr_cmd,[Wait for msg click]
scr_cmd,[Make active:7]
scr_cmd,[Erase text]
txt,はい……！
scr_cmd,[Show next arrow]
scr_cmd,[Wait for msg click]
scr_cmd,[Make active:4]
scr_cmd,[Erase text]
txt,……
scr_cmd,[Make active:8]
scr_cmd,[Erase text]
txt,委細、よろしくお願いいたします。
scr_cmd,[Show next arrow]
scr_cmd,[Wait for msg click]
scr_cmd,[Make active:7]
scr_cmd,[Erase text]
txt,……
scr_cmd,[Make active:4]
scr_cmd,[Erase text]
txt,時間がありません。
txt,急ぎましょう。
scr_cmd,[Show next arrow]
scr_cmd,[Wait for msg click]
scr_cmd,[ms wait:600]
scr_cmd,[Change Screen: Fadeout then Darken]
scr_cmd,[Script cleanup...]
scr_cmd,Error: Unknown code:b'\x97\x00\x0c\x00'
scr_cmd,Error: Unknown code:b'\x0c\x00\x00 '
scr_cmd,Error: Unknown code:b'\x01\x00\x00 '
scr_cmd,[END SCENE]
