scr_cmd,Error: Unknown code:b'\x90\x00\x08\x00'
scr_cmd,Error: Unknown code:b'\x07\x00\x00 '
scr_cmd,[Change Screen: Darken ]
scr_cmd,[Unknown code 1]
scr_cmd,[Show BG image (wip:
scr_cmd,[Show char3with expr0at pos5on delay600]
scr_cmd,[Change Screen: Fadein then Lighten]
scr_cmd,[Make active:5]
scr_cmd,[Play voice 0 from folder 81]
txt,,おかえりなさい……
scr_cmd,[Show next arrow]
scr_cmd,[Wait for msg click]
scr_cmd,[Show char7with expr0at pos6on delay600]
scr_cmd,[Make active:6]
scr_cmd,[Play voice 1 from folder 81]
txt,,ただいま……
scr_cmd,[Show next arrow]
scr_cmd,[Wait for msg click]
scr_cmd,[Play voice 2 from folder 81]
txt,,迷惑、かけたな。
scr_cmd,[Show next arrow]
scr_cmd,[Wait for msg click]
scr_cmd,[Make active:5]
scr_cmd,[Erase text]
scr_cmd,[Play voice 3 from folder 81]
txt,,いいえ。
scr_cmd,[Show next arrow]
scr_cmd,[Wait for msg click]
scr_cmd,[Play voice 4 from folder 81]
txt,,あなたがいてくれればこそ。
scr_cmd,[Show next arrow]
scr_cmd,[Wait for msg click]
scr_cmd,[Play voice 5 from folder 81]
txt,,ありがとう。
scr_cmd,[Show next arrow]
scr_cmd,[Wait for msg click]
scr_cmd,[Make active:6]
scr_cmd,[Erase text]
scr_cmd,[Play voice 6 from folder 81]
txt,,……セシリスは？
scr_cmd,[Show next arrow]
scr_cmd,[Wait for msg click]
scr_cmd,[Make active:5]
scr_cmd,[Erase text]
scr_cmd,[Play voice 7 from folder 81]
txt,,ひとりになりたいみたい。
scr_cmd,[Show next arrow]
scr_cmd,[Wait for msg click]
scr_cmd,[Make active:6]
scr_cmd,[Erase text]
scr_cmd,[Play voice 8 from folder 81]
txt,,だろうな。
scr_cmd,[Show next arrow]
scr_cmd,[Wait for msg click]
scr_cmd,[Play voice 9 from folder 81]
txt,,どうにも嫌われたらしい。
scr_cmd,[Show next arrow]
scr_cmd,[Wait for msg click]
scr_cmd,[Make active:5]
scr_cmd,[Erase text]
scr_cmd,[Play voice 10 from folder 81]
txt,,それはお互いさまかもね。
scr_cmd,[Show next arrow]
scr_cmd,[Wait for msg click]
scr_cmd,[Make active:6]
scr_cmd,[Erase text]
scr_cmd,[Play voice 11 from folder 81]
txt,,……すまぬ。
scr_cmd,[Show next arrow]
scr_cmd,[Wait for msg click]
scr_cmd,[Make active:5]
scr_cmd,[Erase text]
scr_cmd,[Play voice 12 from folder 81]
txt,,まあ、そういうこともあるでしょう。
scr_cmd,[Show next arrow]
scr_cmd,[Wait for msg click]
scr_cmd,[Make active:6]
scr_cmd,[Erase text]
scr_cmd,[Play voice 13 from folder 81]
txt,,……ふ。
scr_cmd,[Show next arrow]
scr_cmd,[Wait for msg click]
scr_cmd,[Make active:5]
scr_cmd,[Erase text]
txt,,……
scr_cmd,[Open nameless msg box atcenter]
scr_cmd,[Make active:1]
txt,,よく戻ってくれた。
scr_cmd,[Show next arrow]
scr_cmd,[Wait for msg click]
scr_cmd,[Make active:6]
scr_cmd,[Erase text]
txt,,……
scr_cmd,[Make active:5]
scr_cmd,[Erase text]
scr_cmd,[Play voice 14 from folder 81]
txt,,先生。
scr_cmd,[Show next arrow]
scr_cmd,[Wait for msg click]
scr_cmd,[Make active:1]
scr_cmd,[Erase text]
txt,,……
scr_cmd,[Make active:6]
scr_cmd,[Erase text]
txt,,……
scr_cmd,[Show next arrow]
scr_cmd,[Wait for msg click]
scr_cmd,[Make active:5]
scr_cmd,[Erase text]
txt,,……
scr_cmd,[Make active:1]
scr_cmd,[Erase text]
txt,,長く居られるのか？
scr_cmd,[Show next arrow]
scr_cmd,[Wait for msg click]
scr_cmd,[Make active:6]
scr_cmd,[Erase text]
scr_cmd,[Play voice 15 from folder 81]
txt,,そのつもりです。
scr_cmd,[Show next arrow]
scr_cmd,[Wait for msg click]
scr_cmd,[Make active:1]
scr_cmd,[Erase text]
txt,,そうか。
txt,,……パラダインは、どうだった？
scr_cmd,[Show next arrow]
scr_cmd,[Wait for msg click]
scr_cmd,[Make active:6]
scr_cmd,[Erase text]
scr_cmd,[Play voice 16 from folder 81]
txt,,十二の王杯を揃え……
scr_cmd,[Show next arrow]
scr_cmd,[Wait for msg click]
scr_cmd,[Play voice 17 from folder 81]
txt,,混沌を払うことに集中しています。
scr_cmd,[Show next arrow]
scr_cmd,[Wait for msg click]
scr_cmd,[Make active:1]
scr_cmd,[Erase text]
txt,,……
scr_cmd,[Show next arrow]
scr_cmd,[Wait for msg click]
scr_cmd,[Make active:6]
scr_cmd,[Erase text]
scr_cmd,[Play voice 18 from folder 81]
txt,,純潔の盾に王杯がなかったことは、
txt,,不幸中の幸い。
scr_cmd,[Show next arrow]
scr_cmd,[Wait for msg click]
scr_cmd,[Play voice 19 from folder 81]
txt,,パラダインは、ここを一瞥したに過ぎません。
scr_cmd,[Show next arrow]
scr_cmd,[Wait for msg click]
scr_cmd,[Play voice 20 from folder 81]
txt,,恐らくは同様に、這い出し者どもも。
scr_cmd,[Show next arrow]
scr_cmd,[Wait for msg click]
scr_cmd,[Make active:5]
scr_cmd,[Erase text]
txt,,……
scr_cmd,[Show next arrow]
scr_cmd,[Wait for msg click]
scr_cmd,[Make active:6]
scr_cmd,[Erase text]
scr_cmd,[Play voice 21 from folder 81]
txt,,そも王杯は、競い合って手中に収めるもの。
scr_cmd,[Show next arrow]
scr_cmd,[Wait for msg click]
scr_cmd,[Play voice 22 from folder 81]
txt,,奪い、掠めるなど……
scr_cmd,[Show next arrow]
scr_cmd,[Wait for msg click]
scr_cmd,[Play voice 23 from folder 81]
txt,,イノセンティアには、似合いますまい。
scr_cmd,[Show next arrow]
scr_cmd,[Wait for msg click]
scr_cmd,[Make active:5]
scr_cmd,[Erase text]
scr_cmd,[Play voice 24 from folder 81]
txt,,パラダインは……
scr_cmd,[Show next arrow]
scr_cmd,[Wait for msg click]
scr_cmd,[Play voice 25 from folder 81]
txt,,なにを望んで？
scr_cmd,[Show next arrow]
scr_cmd,[Wait for msg click]
scr_cmd,[Make active:6]
scr_cmd,[Erase text]
scr_cmd,[Play voice 26 from folder 81]
txt,,黒衣の呪いびとは、
txt,,物見の尖塔をもってしても、慮外。
scr_cmd,[Show next arrow]
scr_cmd,[Wait for msg click]
scr_cmd,[Play voice 27 from folder 81]
txt,,恐らくは、パラダインの盾となることを。
scr_cmd,[Show next arrow]
scr_cmd,[Wait for msg click]
scr_cmd,[Make active:5]
scr_cmd,[Erase text]
txt,,……
scr_cmd,[Make active:1]
scr_cmd,[Erase text]
txt,,……
scr_cmd,[Show next arrow]
scr_cmd,[Wait for msg click]
scr_cmd,[Make active:6]
scr_cmd,[Erase text]
txt,,……
scr_cmd,[Make active:5]
scr_cmd,[Erase text]
scr_cmd,[Play voice 28 from folder 81]
txt,,脇役に徹せよ、と？
scr_cmd,[Show next arrow]
scr_cmd,[Wait for msg click]
scr_cmd,[Make active:6]
scr_cmd,[Erase text]
scr_cmd,[Play voice 29 from folder 81]
txt,,それが分相応。
scr_cmd,[Show next arrow]
scr_cmd,[Wait for msg click]
scr_cmd,[Play voice 30 from folder 81]
txt,,これは、ニー＝プラウディスの言だが。
scr_cmd,[Show next arrow]
scr_cmd,[Wait for msg click]
scr_cmd,[Make active:5]
scr_cmd,[Erase text]
txt,,……
scr_cmd,[Make active:1]
scr_cmd,[Erase text]
txt,,なるほど。
scr_cmd,[Show next arrow]
scr_cmd,[Wait for msg click]
scr_cmd,[Make active:6]
scr_cmd,[Erase text]
txt,,……
scr_cmd,[Make active:5]
scr_cmd,[Erase text]
txt,,……
scr_cmd,[Show next arrow]
scr_cmd,[Wait for msg click]
scr_cmd,[Make active:1]
scr_cmd,[Erase text]
txt,,……
scr_cmd,[Make active:6]
scr_cmd,[Erase text]
txt,,……
scr_cmd,[Show next arrow]
scr_cmd,[Wait for msg click]
scr_cmd,[Make active:1]
scr_cmd,[Erase text]
txt,,今夜はもう遅い……
txt,,ふたりとも、ゆっくり、な。
scr_cmd,[Show next arrow]
scr_cmd,[Wait for msg click]
scr_cmd,[Make active:5]
scr_cmd,[Erase text]
scr_cmd,[Play voice 31 from folder 81]
txt,,はい。
scr_cmd,[Show next arrow]
scr_cmd,[Wait for msg click]
scr_cmd,[Play voice 32 from folder 81]
txt,,……おやすみなさい。
scr_cmd,[Show next arrow]
scr_cmd,[Wait for msg click]
scr_cmd,[Make active:1]
scr_cmd,[Erase text]
txt,,……
scr_cmd,[Make active:6]
scr_cmd,[Erase text]
scr_cmd,[Play voice 33 from folder 81]
txt,,……では、また。
scr_cmd,[Show next arrow]
scr_cmd,[Wait for msg click]
scr_cmd,[Make active:5]
scr_cmd,[Erase text]
txt,,……
scr_cmd,[Make active:1]
scr_cmd,[Erase text]
txt,,ああ。
txt,,おやすみ……
scr_cmd,[Show next arrow]
scr_cmd,[Wait for msg click]
scr_cmd,[Make active:5]
scr_cmd,[Erase text]
scr_cmd,[Make active:6]
scr_cmd,[Erase text]
scr_cmd,Error: Unknown code:b'\x1f\x00\x0c\x00'
scr_cmd,Error: Unknown code:b'\x05\x00\x00 '
scr_cmd,Error: Unknown code:b'\x1e\x00\x00 '
scr_cmd,Error: Unknown code:b' \x00\x0c\x00'
scr_cmd,Error: Unknown code:b'\x06\x00\x00 '
scr_cmd,Error: Unknown code:b'\x1e\x00\x00 '
scr_cmd,[ms wait:600]
scr_cmd,[Make active:1]
scr_cmd,[Erase text]
txt,,≪おかえり。
txt,,　麗しき、先詠みの天使。
txt,,　……いい夢を。≫
scr_cmd,[Show next arrow]
scr_cmd,[Wait for msg click]
scr_cmd,[ms wait:600]
scr_cmd,[Change Screen: Fadeout then Darken]
scr_cmd,[Script cleanup...]
scr_cmd,[END SCENE]
