scr_cmd,Error: Unknown code:b'\x90\x00\x08\x00'
scr_cmd,Error: Unknown code:b'\x04\x00\x00 '
scr_cmd,[Change Screen: Darken ]
scr_cmd,[Show image &0xb42]
scr_cmd,Img params: X 0 Y 324 W 1024 H 128
scr_cmd,[Change Screen: Fadein then Lighten]
scr_cmd,[Wait for click?]
scr_cmd,[Change Screen: Fadeout then Darken]
scr_cmd,[Erase title]
scr_cmd,[ms wait:600]
scr_cmd,[Change Screen: Darken ]
scr_cmd,[Unknown code 1]
scr_cmd,[Play BGM #8]
scr_cmd,[Show BG image (wip:
scr_cmd,[Show char101with expr0at pos6on delay600]
scr_cmd,[Change Screen: Fadein then Lighten]
scr_cmd,[Make active:6]
scr_cmd,[Play voice 0 from folder 88]
txt,そろそろ、お迎えが来ても良い頃合だ。
scr_cmd,[Show next arrow]
scr_cmd,[Wait for msg click]
scr_cmd,[Play voice 1 from folder 88]
txt,最後にオルフェに会えぬのが
txt,心残りではある。
scr_cmd,[Show next arrow]
scr_cmd,[Wait for msg click]
scr_cmd,[Play voice 2 from folder 88]
txt,だが、そなたに会えた。
scr_cmd,[Show next arrow]
scr_cmd,[Wait for msg click]
scr_cmd,[Erase text]
scr_cmd,[Play voice 3 from folder 88]
txt,なによりも、みな、
txt,わしの弟子だと声高に言うではないか。
scr_cmd,[Show next arrow]
scr_cmd,[Wait for msg click]
scr_cmd,[Play voice 4 from folder 88]
txt,振り返れば、みながわしを師と仰ぐ。
scr_cmd,[Show next arrow]
scr_cmd,[Wait for msg click]
scr_cmd,[Play voice 5 from folder 88]
txt,かように、満ち足りた人生であったかと、
txt,今にしてそう思う。
scr_cmd,[Show next arrow]
scr_cmd,[Wait for msg click]
scr_cmd,[Erase text]
scr_cmd,[Play voice 6 from folder 88]
txt,これにまさる喜びもあるまいよ。
scr_cmd,[Show next arrow]
scr_cmd,[Wait for msg click]
scr_cmd,[Play voice 7 from folder 88]
txt,感謝している、愛しい我が弟子よ。
scr_cmd,[Show next arrow]
scr_cmd,[Wait for msg click]
scr_cmd,[Play voice 8 from folder 88]
txt,これで、いつ別れが来ても悔いはない。
scr_cmd,[Show next arrow]
scr_cmd,[Wait for msg click]
scr_cmd,[Open nameless msg box atbottom-left]
scr_cmd,[Make active:2]
txt,先生、そんなこと、
txt,おっしゃらないで下さい。
txt,まだまだ、これからです。
scr_cmd,[Show next arrow]
scr_cmd,[Wait for msg click]
scr_cmd,[Make active:6]
scr_cmd,[Erase text]
scr_cmd,[Play voice 9 from folder 88]
txt,ふはは、そうよの。
scr_cmd,[Show next arrow]
scr_cmd,[Wait for msg click]
scr_cmd,[Play voice 10 from folder 88]
txt,この老いぼれにも、
txt,やれることがひとつもふたつもある。
scr_cmd,[Show next arrow]
scr_cmd,[Wait for msg click]
scr_cmd,[Play voice 11 from folder 88]
txt,なかなか、休ませてくれぬな、こやつは。
scr_cmd,[Show next arrow]
scr_cmd,[Wait for msg click]
scr_cmd,[Make active:2]
scr_cmd,[Erase text]
txt,これからも、よろしくお願いいたします。
scr_cmd,[Show next arrow]
scr_cmd,[Wait for msg click]
scr_cmd,[Make active:6]
scr_cmd,[Erase text]
scr_cmd,[Play voice 12 from folder 88]
txt,おお、こちらこそ、な。
scr_cmd,[Show next arrow]
scr_cmd,[Wait for msg click]
scr_cmd,[Play voice 13 from folder 88]
txt,娘を、よろしく頼む。
scr_cmd,[Show next arrow]
scr_cmd,[Wait for msg click]
scr_cmd,[Play voice 14 from folder 88]
txt,純潔の盾を、よろしく頼む。
scr_cmd,[Show next arrow]
scr_cmd,[Wait for msg click]
scr_cmd,[Make active:2]
scr_cmd,[Erase text]
txt,参りましょう。
txt,みなが主賓を待ちかねています。
scr_cmd,[Show next arrow]
scr_cmd,[Wait for msg click]
scr_cmd,[Make active:6]
scr_cmd,[Erase text]
scr_cmd,[Play voice 15 from folder 88]
txt,ふむ。
scr_cmd,[Show next arrow]
scr_cmd,[Wait for msg click]
scr_cmd,[Play voice 16 from folder 88]
txt,いま一人の主賓は、まだ到着せぬか。
scr_cmd,[Show next arrow]
scr_cmd,[Wait for msg click]
scr_cmd,[Make active:2]
scr_cmd,[Erase text]
txt,大丈夫、きっと来ます。
txt,すぐにでも。
scr_cmd,[Show next arrow]
scr_cmd,[Wait for msg click]
scr_cmd,[Make active:6]
scr_cmd,[Erase text]
scr_cmd,[Play voice 17 from folder 88]
txt,ああ、そうよな。
scr_cmd,[Show next arrow]
scr_cmd,[Wait for msg click]
scr_cmd,[ms wait:600]
scr_cmd,[Change Screen: Fadeout then Darken]
scr_cmd,[Script cleanup...]
scr_cmd,[Show BG image (wip:
scr_cmd,[Show char101with expr0at pos6on delay600]
scr_cmd,[Change Screen: Fadein then Lighten]
scr_cmd,[Make active:6]
scr_cmd,[Play voice 18 from folder 88]
txt,遥かに遠きその地より、
txt,それぞれの想い携えて、歩む。
scr_cmd,[Show next arrow]
scr_cmd,[Wait for msg click]
scr_cmd,[Play voice 19 from folder 88]
txt,故郷に想い馳せることもあろう。
scr_cmd,[Show next arrow]
scr_cmd,[Wait for msg click]
scr_cmd,[Play voice 20 from folder 88]
txt,なにもかもがいやになることもあろう。
scr_cmd,[Show next arrow]
scr_cmd,[Wait for msg click]
scr_cmd,[Erase text]
scr_cmd,[Play voice 21 from folder 88]
txt,それなのに今この時、
txt,そなたたちがここにいてくれることを、
txt,心から、感謝する。
scr_cmd,[Show next arrow]
scr_cmd,[Wait for msg click]
scr_cmd,[Show char3with expr0at pos5on delay600]
scr_cmd,[Make active:5]
scr_cmd,[Play voice 22 from folder 88]
txt,いつか、賢者となって、世界に旅立つために。
scr_cmd,[Show next arrow]
scr_cmd,[Wait for msg click]
scr_cmd,[Make active:6]
scr_cmd,[Erase text]
scr_cmd,[Change id 6 to character 5 with expr 0]
scr_cmd,[Unknown code 2]
scr_cmd,[Make active:6]
scr_cmd,[Play voice 23 from folder 88]
txt,いつか散り散りとなって、別れ、苦しみ、
txt,悲しんで、それでもきっと、みんなの笑顔を、
txt,忘れない。
scr_cmd,[Show next arrow]
scr_cmd,[Wait for msg click]
scr_cmd,[Make active:5]
scr_cmd,[Erase text]
scr_cmd,[Change id 5 to character 1 with expr 0]
scr_cmd,[Unknown code 2]
scr_cmd,[Make active:5]
scr_cmd,[Play voice 24 from folder 88]
txt,別れるために、一緒に歩むのではなくて。
scr_cmd,[Show next arrow]
scr_cmd,[Wait for msg click]
scr_cmd,[Make active:6]
scr_cmd,[Erase text]
scr_cmd,[Change id 6 to character 2 with expr 0]
scr_cmd,[Unknown code 2]
scr_cmd,[Make active:6]
scr_cmd,[Play voice 25 from folder 88]
txt,語らずとも会わずとも、
txt,想いを重ねてともに時を刻むことを、
txt,逢うと言う。
scr_cmd,[Show next arrow]
scr_cmd,[Wait for msg click]
scr_cmd,[Make active:5]
scr_cmd,[Erase text]
scr_cmd,[Change id 5 to character 9 with expr 0]
scr_cmd,[Unknown code 2]
scr_cmd,[Make active:5]
scr_cmd,[Play voice 26 from folder 88]
txt,だから、いつか来るせめてその時まで。
scr_cmd,[Show next arrow]
scr_cmd,[Wait for msg click]
scr_cmd,[Make active:6]
scr_cmd,[Erase text]
scr_cmd,[Change id 6 to character 8 with expr 0]
scr_cmd,[Unknown code 2]
scr_cmd,[Make active:6]
scr_cmd,[Play voice 27 from folder 88]
txt,一緒に。
scr_cmd,[Show next arrow]
scr_cmd,[Wait for msg click]
scr_cmd,[Erase text]
scr_cmd,[Make active:5]
scr_cmd,[Erase text]
txt,……
scr_cmd,[Change id 6 to character 6 with expr 0]
scr_cmd,[Unknown code 2]
scr_cmd,[Make active:6]
scr_cmd,[Play voice 28 from folder 88]
txt,出逢い、あいひかれ、支え、歩んだ。
scr_cmd,[Show next arrow]
scr_cmd,[Wait for msg click]
scr_cmd,[Make active:5]
scr_cmd,[Erase text]
scr_cmd,[Change id 5 to character 11 with expr 0]
scr_cmd,[Unknown code 2]
scr_cmd,[Make active:5]
scr_cmd,[Play voice 29 from folder 88]
txt,曇りない信念を貫いて。
scr_cmd,[Show next arrow]
scr_cmd,[Wait for msg click]
scr_cmd,[Make active:6]
scr_cmd,[Erase text]
scr_cmd,[Change id 6 to character 7 with expr 0]
scr_cmd,[Unknown code 2]
scr_cmd,[Make active:6]
scr_cmd,[Play voice 30 from folder 88]
txt,見つめあった日々が、まだ見ぬ道で、
txt,力をくれることを、わたしは知っている。
scr_cmd,[Show next arrow]
scr_cmd,[Wait for msg click]
scr_cmd,[Play voice 31 from folder 88]
txt,そして、意を決して求めた彼女のことも、
txt,すべて。
scr_cmd,[Show next arrow]
scr_cmd,[Wait for msg click]
scr_cmd,[Make active:5]
scr_cmd,[Erase text]
txt,……
scr_cmd,[Open nameless msg box atcenter]
scr_cmd,[Make active:1]
txt,……
scr_cmd,[Show next arrow]
scr_cmd,[Wait for msg click]
scr_cmd,[Make active:6]
scr_cmd,[Erase text]
scr_cmd,[Change id 6 to character 101 with expr 0]
scr_cmd,[Unknown code 2]
scr_cmd,[Make active:6]
scr_cmd,[Play voice 32 from folder 88]
txt,……
scr_cmd,[Show next arrow]
scr_cmd,[Wait for msg click]
scr_cmd,[Make active:1]
scr_cmd,[Erase text]
scr_cmd,[Erase nameless box at1
scr_cmd,[Make active:5]
scr_cmd,[Erase text]
scr_cmd,[Change id 5 to character 4 with expr 0]
scr_cmd,[Unknown code 2]
scr_cmd,[Make active:5]
scr_cmd,[Play voice 33 from folder 88]
txt,あ……
scr_cmd,[Show next arrow]
scr_cmd,[Wait for msg click]
scr_cmd,[Play voice 34 from folder 88]
txt,……せんせい！！
scr_cmd,[Show next arrow]
scr_cmd,[Wait for msg click]
scr_cmd,[Play voice 35 from folder 88]
txt,みんな……！！
scr_cmd,[Show next arrow]
scr_cmd,[Wait for msg click]
scr_cmd,[Make active:6]
scr_cmd,[Erase text]
scr_cmd,[Change id 6 to character 5 with expr 0]
scr_cmd,[Unknown code 2]
scr_cmd,[Make active:6]
scr_cmd,[Play voice 36 from folder 88]
txt,おかえり、セシリス。
scr_cmd,[Show next arrow]
scr_cmd,[Wait for msg click]
scr_cmd,[Make active:5]
scr_cmd,[Erase text]
scr_cmd,[Change id 5 to character 3 with expr 0]
scr_cmd,[Unknown code 2]
scr_cmd,[Make active:5]
scr_cmd,[Play voice 37 from folder 88]
txt,おかえりなさい。
scr_cmd,[Show next arrow]
scr_cmd,[Wait for msg click]
scr_cmd,[Make active:6]
scr_cmd,[Erase text]
scr_cmd,[Change id 6 to character 7 with expr 0]
scr_cmd,[Unknown code 2]
scr_cmd,[Make active:6]
scr_cmd,[Play voice 38 from folder 88]
txt,よく戻った。
scr_cmd,[Show next arrow]
scr_cmd,[Wait for msg click]
scr_cmd,[Make active:5]
scr_cmd,[Erase text]
scr_cmd,[Change id 5 to character 8 with expr 0]
scr_cmd,[Unknown code 2]
scr_cmd,[Make active:5]
scr_cmd,[Play voice 39 from folder 88]
txt,おかえりなさい！
scr_cmd,[Show next arrow]
scr_cmd,[Wait for msg click]
scr_cmd,[Make active:6]
scr_cmd,[Erase text]
scr_cmd,[Change id 6 to character 1 with expr 0]
scr_cmd,[Unknown code 2]
scr_cmd,[Make active:6]
scr_cmd,[Play voice 40 from folder 88]
txt,おかえり！！
scr_cmd,[Show next arrow]
scr_cmd,[Wait for msg click]
scr_cmd,[Erase text]
scr_cmd,[Make active:5]
scr_cmd,[Erase text]
txt,……
scr_cmd,[Change id 6 to character 2 with expr 0]
scr_cmd,[Unknown code 2]
scr_cmd,[Make active:6]
scr_cmd,[Play voice 41 from folder 88]
txt,おかえり、セシリス。
scr_cmd,[Show next arrow]
scr_cmd,[Wait for msg click]
scr_cmd,[Make active:5]
scr_cmd,[Erase text]
scr_cmd,[Change id 5 to character 11 with expr 0]
scr_cmd,[Unknown code 2]
scr_cmd,[Make active:5]
scr_cmd,[Play voice 42 from folder 88]
txt,物好きに、戻ったか。
scr_cmd,[Show next arrow]
scr_cmd,[Wait for msg click]
scr_cmd,[Make active:6]
scr_cmd,[Erase text]
scr_cmd,[Change id 6 to character 6 with expr 0]
scr_cmd,[Unknown code 2]
scr_cmd,[Make active:6]
scr_cmd,[Play voice 43 from folder 88]
txt,おかえり。
scr_cmd,[Show next arrow]
scr_cmd,[Wait for msg click]
scr_cmd,[Make active:5]
scr_cmd,[Erase text]
scr_cmd,[Change id 5 to character 9 with expr 0]
scr_cmd,[Unknown code 2]
scr_cmd,[Make active:5]
scr_cmd,[Play voice 44 from folder 88]
txt,おかえり、セシリスさん。
scr_cmd,[Show next arrow]
scr_cmd,[Wait for msg click]
scr_cmd,[Erase text]
scr_cmd,[Make active:6]
scr_cmd,[Erase text]
txt,……
scr_cmd,[Change id 5 to character 4 with expr 0]
scr_cmd,[Unknown code 2]
scr_cmd,[Make active:5]
scr_cmd,[Play voice 45 from folder 88]
txt,ただいま、戻りました……！！
scr_cmd,[Show next arrow]
scr_cmd,[Wait for msg click]
scr_cmd,[Play voice 46 from folder 88]
txt,ごめんなさい……
scr_cmd,[Show next arrow]
scr_cmd,[Wait for msg click]
scr_cmd,[Play voice 47 from folder 88]
txt,ありがとう……！！
scr_cmd,[Show next arrow]
scr_cmd,[Wait for msg click]
scr_cmd,[Open nameless msg box atcenter]
scr_cmd,[Make active:1]
txt,……
scr_cmd,[Show next arrow]
scr_cmd,[Wait for msg click]
scr_cmd,[Make active:5]
scr_cmd,[Erase text]
scr_cmd,[Play voice 48 from folder 88]
txt,ただいま、先生……！
scr_cmd,[Show next arrow]
scr_cmd,[Wait for msg click]
scr_cmd,[Make active:1]
scr_cmd,[Erase text]
txt,ああ、おかえり。
scr_cmd,[Show next arrow]
scr_cmd,[Wait for msg click]
scr_cmd,[Make active:5]
scr_cmd,[Erase text]
txt,……
scr_cmd,[Make active:6]
scr_cmd,[Erase text]
scr_cmd,[Change id 6 to character 101 with expr 0]
scr_cmd,[Unknown code 2]
scr_cmd,[Make active:6]
scr_cmd,[Play voice 49 from folder 88]
txt,おお、おお。
scr_cmd,[Show next arrow]
scr_cmd,[Wait for msg click]
scr_cmd,[Play voice 50 from folder 88]
txt,この目に焼きつけようぞ。
scr_cmd,[Show next arrow]
scr_cmd,[Wait for msg click]
scr_cmd,[Play voice 51 from folder 88]
txt,今日の良き日、二度と再び、
txt,出逢うこともできぬやもしれぬ、
txt,この一会こそを。
scr_cmd,[Show next arrow]
scr_cmd,[Wait for msg click]
scr_cmd,[ms wait:600]
scr_cmd,[Change Screen: Fadeout then Darken]
scr_cmd,[Script cleanup...]
scr_cmd,Error: Unknown code:b'\x97\x00\x0c\x00'
scr_cmd,Error: Unknown code:b'\x08\x00\x00 '
scr_cmd,Error: Unknown code:b'\x01\x00\x00 '
scr_cmd,Error: Unknown code:b'[\x00\x0c\x00'
scr_cmd,Error: Unknown code:b'\x0e\x00\x00 '
scr_cmd,Error: Unknown code:b'\x02\x00\x00 '
scr_cmd,[END SCENE]
