scr_cmd,[Change Screen: Darken ]
scr_cmd,[Unknown code 1]
scr_cmd,[Play BGM #9]
scr_cmd,[Show BG image (wip:
scr_cmd,[Show char117with expr0at pos10on delay600]
scr_cmd,[Change Screen: Fadein then Lighten]
scr_cmd,[Make active:10]
txt,引き留めたかったのだがな……
txt,残念でならんよ。
scr_cmd,[Show next arrow]
scr_cmd,[Wait for msg click]
scr_cmd,[Open nameless msg box atbottom center]
scr_cmd,[Make active:4]
txt,……
txt,それもまた、彼女の道でしょう。
scr_cmd,[Show next arrow]
scr_cmd,[Wait for msg click]
scr_cmd,[Make active:10]
scr_cmd,[Erase text]
txt,……
scr_cmd,[Show next arrow]
scr_cmd,[Wait for msg click]
scr_cmd,[Make active:4]
scr_cmd,[Erase text]
txt,ロザリアの瞳が、
txt,私に見えない何かを見出した。
txt,旅立つ決意がそこにあるのなら……
txt,それこそが、彼女を頼る所以です。
scr_cmd,[Show next arrow]
scr_cmd,[Wait for msg click]
scr_cmd,[Make active:10]
scr_cmd,[Erase text]
txt,なるほどな。
scr_cmd,[Show next arrow]
scr_cmd,[Wait for msg click]
scr_cmd,[Make active:4]
scr_cmd,[Erase text]
txt,……
scr_cmd,[Show next arrow]
scr_cmd,[Wait for msg click]
scr_cmd,[Make active:10]
scr_cmd,[Erase text]
txt,……
scr_cmd,[Show next arrow]
scr_cmd,[Wait for msg click]
scr_cmd,[Make active:4]
scr_cmd,[Erase text]
txt,もし先生さえよろしければ……
txt,純潔の盾に残ってはいただけませんか？
scr_cmd,[Show next arrow]
scr_cmd,[Wait for msg click]
scr_cmd,[Make active:10]
scr_cmd,[Erase text]
txt,……
scr_cmd,[Show next arrow]
scr_cmd,[Wait for msg click]
scr_cmd,[Make active:4]
scr_cmd,[Erase text]
txt,優れた僧侶を導くために。
txt,あなたのお力を、貸してほしいのです。
scr_cmd,[Show next arrow]
scr_cmd,[Wait for msg click]
scr_cmd,[Make active:10]
scr_cmd,[Erase text]
txt,……
scr_cmd,[Show next arrow]
scr_cmd,[Wait for msg click]
scr_cmd,[Make active:4]
scr_cmd,[Erase text]
txt,お願いします。
scr_cmd,[Show next arrow]
scr_cmd,[Wait for msg click]
scr_cmd,[Make active:10]
scr_cmd,[Erase text]
txt,……長生きはするものだな。
scr_cmd,[Show next arrow]
scr_cmd,[Wait for msg click]
scr_cmd,[Make active:4]
scr_cmd,[Erase text]
txt,……
scr_cmd,[Show next arrow]
scr_cmd,[Wait for msg click]
scr_cmd,[Make active:10]
scr_cmd,[Erase text]
txt,聞かん坊のそなたが。
txt,そうか。
scr_cmd,[Show next arrow]
scr_cmd,[Wait for msg click]
scr_cmd,[Make active:4]
scr_cmd,[Erase text]
txt,……
scr_cmd,[Show next arrow]
scr_cmd,[Wait for msg click]
scr_cmd,[Make active:10]
scr_cmd,[Erase text]
txt,ならばもはや、そなたを弟子とは思うまい。
scr_cmd,[Show next arrow]
scr_cmd,[Wait for msg click]
scr_cmd,[Make active:4]
scr_cmd,[Erase text]
txt,ファルドラ様……？
scr_cmd,[Show next arrow]
scr_cmd,[Wait for msg click]
scr_cmd,[Make active:10]
scr_cmd,[Erase text]
txt,エルメナスに歩む、おなじ賢者として。
txt,そなたの力になろう。
scr_cmd,[Show next arrow]
scr_cmd,[Wait for msg click]
scr_cmd,[Make active:4]
scr_cmd,[Erase text]
txt,……
scr_cmd,[Show next arrow]
scr_cmd,[Wait for msg click]
scr_cmd,[Make active:10]
scr_cmd,[Erase text]
txt,戦うことは到底叶わぬが、
txt,子供たちを見る手伝いの
txt,ひとつやふたつはできよう。
txt,そなたが、それを望むなら。
scr_cmd,[Show next arrow]
scr_cmd,[Wait for msg click]
scr_cmd,[Make active:4]
scr_cmd,[Erase text]
txt,先生……
txt,よろしく、お願いいたします。
scr_cmd,[Show next arrow]
scr_cmd,[Wait for msg click]
scr_cmd,[Make active:10]
scr_cmd,[Erase text]
txt,ふふ。
txt,純潔の盾の長よ。
txt,こちらこそ、よろしくお頼み申す。
scr_cmd,[Show next arrow]
scr_cmd,[Wait for msg click]
scr_cmd,[ms wait:600]
scr_cmd,[Change Screen: Fadeout then Darken]
scr_cmd,[Script cleanup...]
scr_cmd,[Load chapter: 0]
scr_cmd,[END SCENE]
