scr_cmd,[Change Screen: Darken ]
scr_cmd,[Unknown code 1]
scr_cmd,[Show BG image (wip:
scr_cmd,[Open nameless msg box atbottom-left]
scr_cmd,[Change Screen: Fadein then Lighten]
scr_cmd,[Make active:2]
txt,行くのか、どうしても。
scr_cmd,[Show next arrow]
scr_cmd,[Wait for msg click]
scr_cmd,[Show char7with expr0at pos6on delay600]
scr_cmd,[Make active:6]
scr_cmd,[Play voice 0 from folder 11]
txt,もとより、戻ってきたわけではありません。
scr_cmd,[Show next arrow]
scr_cmd,[Wait for msg click]
scr_cmd,[Play voice 1 from folder 11]
txt,別れを告げるために。
scr_cmd,[Show next arrow]
scr_cmd,[Wait for msg click]
scr_cmd,[Play voice 2 from folder 11]
txt,ここを離れるために、こうして来たのです。
scr_cmd,[Show next arrow]
scr_cmd,[Wait for msg click]
scr_cmd,[Make active:2]
scr_cmd,[Erase text]
txt,……
scr_cmd,[Show next arrow]
scr_cmd,[Wait for msg click]
scr_cmd,[Make active:6]
scr_cmd,[Erase text]
scr_cmd,[Play voice 3 from folder 11]
txt,……ここでは、己を磨けない。
scr_cmd,[Show next arrow]
scr_cmd,[Wait for msg click]
scr_cmd,[Play voice 4 from folder 11]
txt,幼子を導いている余裕は、
txt,今のわたしにはありません。
scr_cmd,[Show next arrow]
scr_cmd,[Wait for msg click]
scr_cmd,[Erase text]
scr_cmd,[Play voice 5 from folder 11]
txt,三年前、オスキルはみんなを
txt,振りきって出ていった。
scr_cmd,[Show next arrow]
scr_cmd,[Wait for msg click]
scr_cmd,[Play voice 6 from folder 11]
txt,その気持ちが、今は、少しわかる。
scr_cmd,[Show next arrow]
scr_cmd,[Wait for msg click]
scr_cmd,[Make active:2]
scr_cmd,[Erase text]
txt,……
scr_cmd,[Show next arrow]
scr_cmd,[Wait for msg click]
scr_cmd,[Make active:6]
scr_cmd,[Erase text]
scr_cmd,[Play voice 7 from folder 11]
txt,あの時は、わたしも泣いた。
scr_cmd,[Show next arrow]
scr_cmd,[Wait for msg click]
scr_cmd,[Play voice 8 from folder 11]
txt,それでも、行かねばならなかった。
scr_cmd,[Show next arrow]
scr_cmd,[Wait for msg click]
scr_cmd,[Play voice 9 from folder 11]
txt,今にして、このままでは、
txt,だめなのだと、気付いた。
scr_cmd,[Show next arrow]
scr_cmd,[Wait for msg click]
scr_cmd,[Make active:2]
scr_cmd,[Erase text]
txt,……
scr_cmd,[Show next arrow]
scr_cmd,[Wait for msg click]
scr_cmd,[Make active:6]
scr_cmd,[Erase text]
scr_cmd,[Play voice 10 from folder 11]
txt,止めてくれないのね？
scr_cmd,[Show next arrow]
scr_cmd,[Wait for msg click]
scr_cmd,[Make active:2]
scr_cmd,[Erase text]
txt,先詠みのおまえのことだ。
txt,焦るばかりで飛び出そうと
txt,言うのではあるまい。
scr_cmd,[Show next arrow]
scr_cmd,[Wait for msg click]
scr_cmd,[Erase text]
scr_cmd,[Make active:6]
scr_cmd,[Erase text]
txt,……
scr_cmd,[Make active:2]
txt,昨日今日という苦しみでもなかろう。
txt,そうして編んだこたえならば、それでいい。
txt,相談に乗れなかったのは残念だが。
scr_cmd,[Show next arrow]
scr_cmd,[Wait for msg click]
scr_cmd,[Make active:6]
scr_cmd,[Erase text]
txt,……
scr_cmd,[Show next arrow]
scr_cmd,[Wait for msg click]
scr_cmd,[Make active:2]
scr_cmd,[Erase text]
txt,諦めるなよロザリア、その道を。
scr_cmd,[Show next arrow]
scr_cmd,[Wait for msg click]
scr_cmd,[Make active:6]
scr_cmd,[Erase text]
scr_cmd,[Play voice 11 from folder 11]
txt,あなたも。
scr_cmd,[Show next arrow]
scr_cmd,[Wait for msg click]
scr_cmd,[Make active:2]
scr_cmd,[Erase text]
txt,ああ。
scr_cmd,[Show next arrow]
scr_cmd,[Wait for msg click]
scr_cmd,[Make active:6]
scr_cmd,[Erase text]
scr_cmd,[Play voice 12 from folder 11]
txt,……エルベロワにある限り、
txt,這い出し者どもが事を
txt,構えることはないでしょう。
scr_cmd,[Show next arrow]
scr_cmd,[Wait for msg click]
scr_cmd,[Play voice 13 from folder 11]
txt,ここには、彼らが欲するものもありません。
scr_cmd,[Show next arrow]
scr_cmd,[Wait for msg click]
scr_cmd,[Make active:2]
scr_cmd,[Erase text]
txt,……
scr_cmd,[Show next arrow]
scr_cmd,[Wait for msg click]
scr_cmd,[Make active:6]
scr_cmd,[Erase text]
scr_cmd,[Play voice 14 from folder 11]
txt,今はもう、大きなお役には立てません。
scr_cmd,[Show next arrow]
scr_cmd,[Wait for msg click]
scr_cmd,[Play voice 15 from folder 11]
txt,けれど見守っています。
scr_cmd,[Show next arrow]
scr_cmd,[Wait for msg click]
scr_cmd,[Play voice 16 from folder 11]
txt,わたしを育ててくれた、純潔の盾の行く末を。
scr_cmd,[Show next arrow]
scr_cmd,[Wait for msg click]
scr_cmd,[Make active:2]
scr_cmd,[Erase text]
txt,おまえにそう言ってもらえるなら、
txt,心強い限りだ……
scr_cmd,[Show next arrow]
scr_cmd,[Wait for msg click]
scr_cmd,[Make active:6]
scr_cmd,[Erase text]
scr_cmd,[Play voice 17 from folder 11]
txt,今は、パルミラがいれば十分。
scr_cmd,[Show next arrow]
scr_cmd,[Wait for msg click]
scr_cmd,[Play voice 18 from folder 11]
txt,わたしがいては、
txt,かえって子供達の伸びる妨げになる。
scr_cmd,[Show next arrow]
scr_cmd,[Wait for msg click]
scr_cmd,[Make active:2]
scr_cmd,[Erase text]
txt,ロザリア……
scr_cmd,[Show next arrow]
scr_cmd,[Wait for msg click]
scr_cmd,[Make active:6]
scr_cmd,[Erase text]
scr_cmd,[Play voice 19 from folder 11]
txt,同じようにして十一年前のあの日……
scr_cmd,[Show next arrow]
scr_cmd,[Wait for msg click]
scr_cmd,[Play voice 20 from folder 11]
txt,あなたの可愛がった先詠み
txt,システィナ＝エスパセットも旅だった。
scr_cmd,[Show next arrow]
scr_cmd,[Wait for msg click]
scr_cmd,[Play voice 21 from folder 11]
txt,それこそは、先詠みの先詠みたる由縁。
scr_cmd,[Show next arrow]
scr_cmd,[Wait for msg click]
scr_cmd,[Make active:2]
scr_cmd,[Erase text]
txt,だがシスティナは戻ってきた。
txt,おまえはパルミラを置いて、
txt,二度と帰らぬつもりか？
scr_cmd,[Show next arrow]
scr_cmd,[Wait for msg click]
scr_cmd,[Make active:6]
scr_cmd,[Erase text]
scr_cmd,[Play voice 22 from folder 11]
txt,さあ。
scr_cmd,[Show next arrow]
scr_cmd,[Wait for msg click]
scr_cmd,[Make active:2]
scr_cmd,[Erase text]
txt,……
scr_cmd,[Show next arrow]
scr_cmd,[Wait for msg click]
scr_cmd,[Make active:6]
scr_cmd,[Erase text]
scr_cmd,[Play voice 23 from folder 11]
txt,混沌が這い出し、ロイヤル・センテが陥落し、
txt,それでも純潔の盾は生き残った。
scr_cmd,[Show next arrow]
scr_cmd,[Wait for msg click]
scr_cmd,[Play voice 24 from folder 11]
txt,おそらくは賢者たちの力によって、
txt,ほとんどの子供たちが、生き延びた。
scr_cmd,[Show next arrow]
scr_cmd,[Wait for msg click]
scr_cmd,[Make active:2]
scr_cmd,[Erase text]
txt,……
scr_cmd,[Show next arrow]
scr_cmd,[Wait for msg click]
scr_cmd,[Make active:6]
scr_cmd,[Erase text]
scr_cmd,[Play voice 25 from folder 11]
txt,けれど中央校舎を後にしたあの夜、
txt,わたしは瞳の内に垣間見た。
scr_cmd,[Show next arrow]
scr_cmd,[Wait for msg click]
scr_cmd,[Play voice 26 from folder 11]
txt,純潔の盾が朽ち果て、目を伏せる少女と、
txt,そのかたわらに跪く少年……
scr_cmd,[Show next arrow]
scr_cmd,[Wait for msg click]
scr_cmd,[Play voice 27 from folder 11]
txt,おぞましいその惨絶に、わたしは震えていた。
scr_cmd,[Show next arrow]
scr_cmd,[Wait for msg click]
scr_cmd,[Make active:2]
scr_cmd,[Erase text]
txt,……！！
scr_cmd,[Show next arrow]
scr_cmd,[Wait for msg click]
scr_cmd,[Make active:6]
scr_cmd,[Erase text]
scr_cmd,[Play voice 28 from folder 11]
txt,中央校舎の陥落も及ばぬ悲劇が、
txt,この先に待っているとするなら。
scr_cmd,[Show next arrow]
scr_cmd,[Wait for msg click]
scr_cmd,[Play voice 29 from folder 11]
txt,わたしは、それを望まない。
scr_cmd,[Show next arrow]
scr_cmd,[Wait for msg click]
scr_cmd,[Play voice 30 from folder 11]
txt,けれど、ここにいては、
txt,何一つ変わらない。
scr_cmd,[Show next arrow]
scr_cmd,[Wait for msg click]
scr_cmd,[Make active:2]
scr_cmd,[Erase text]
txt,……
scr_cmd,[Show next arrow]
scr_cmd,[Wait for msg click]
scr_cmd,[Make active:6]
scr_cmd,[Erase text]
txt,……
scr_cmd,[Show next arrow]
scr_cmd,[Wait for msg click]
scr_cmd,[Make active:2]
scr_cmd,[Erase text]
txt,……いいか健勝であれよ。
txt,そしていつかまた、イノセンティアの、
txt,あの子たちの目になってやってくれ。
scr_cmd,[Show next arrow]
scr_cmd,[Wait for msg click]
scr_cmd,[Make active:6]
scr_cmd,[Erase text]
scr_cmd,[Play voice 31 from folder 11]
txt,ふふ……
scr_cmd,[Show next arrow]
scr_cmd,[Wait for msg click]
scr_cmd,[Play voice 32 from folder 11]
txt,先詠みと言えど、
txt,そのすべてが見えるわけではありません。
scr_cmd,[Show next arrow]
scr_cmd,[Wait for msg click]
scr_cmd,[Play voice 33 from folder 11]
txt,けれど今も、これまでも、これからも。
scr_cmd,[Show next arrow]
scr_cmd,[Wait for msg click]
scr_cmd,[Play voice 34 from folder 11]
txt,わたしは純潔の盾の目となるでしょう。
scr_cmd,[Show next arrow]
scr_cmd,[Wait for msg click]
scr_cmd,[Erase text]
scr_cmd,[Make active:2]
scr_cmd,[Erase text]
txt,……
scr_cmd,[Make active:6]
scr_cmd,[Play voice 35 from folder 11]
txt,あなたがわたしの手を取った
txt,あの日あの時から、
txt,それは少しも変わらない。
scr_cmd,[Show next arrow]
scr_cmd,[Wait for msg click]
scr_cmd,[Play voice 36 from folder 11]
txt,たとえ誰かの代わりであっても、
txt,満足でした。
scr_cmd,[Show next arrow]
scr_cmd,[Wait for msg click]
scr_cmd,[Erase text]
scr_cmd,[Play voice 37 from folder 11]
txt,けれど、これからは違う。
scr_cmd,[Show next arrow]
scr_cmd,[Wait for msg click]
scr_cmd,[Play voice 38 from folder 11]
txt,いつの日か。
scr_cmd,[Show next arrow]
scr_cmd,[Wait for msg click]
scr_cmd,[Play voice 39 from folder 11]
txt,一人の賢者として、
txt,あなたを振り向かせてみせましょう。
scr_cmd,[Show next arrow]
scr_cmd,[Wait for msg click]
scr_cmd,[Make active:2]
scr_cmd,[Erase text]
txt,楽しみにしている。
scr_cmd,[Show next arrow]
scr_cmd,[Wait for msg click]
scr_cmd,[Make active:6]
scr_cmd,[Erase text]
scr_cmd,[Play voice 40 from folder 11]
txt,あなたの行く道を、
txt,混沌が避けて通りますように。
scr_cmd,[Show next arrow]
scr_cmd,[Wait for msg click]
scr_cmd,[Make active:2]
scr_cmd,[Erase text]
txt,……オスキルを頼む。
scr_cmd,[Show next arrow]
scr_cmd,[Wait for msg click]
scr_cmd,[Make active:6]
scr_cmd,[Erase text]
scr_cmd,[Play voice 41 from folder 11]
txt,……！
scr_cmd,[Show next arrow]
scr_cmd,[Wait for msg click]
scr_cmd,[Make active:2]
scr_cmd,[Erase text]
txt,……
scr_cmd,[Show next arrow]
scr_cmd,[Wait for msg click]
scr_cmd,[Make active:6]
scr_cmd,[Erase text]
scr_cmd,[Play voice 42 from folder 11]
txt,時々あなたは、
txt,先詠みさえもがドキリとすることを仰る。
scr_cmd,[Show next arrow]
scr_cmd,[Wait for msg click]
scr_cmd,[Make active:2]
scr_cmd,[Erase text]
txt,……あいつは強く高潔に育くまれ、
txt,気がつけば、その脚で踏み出した。
txt,もう生きて二度と、
txt,逢うことさえないかも知れん。
scr_cmd,[Show next arrow]
scr_cmd,[Wait for msg click]
scr_cmd,[Erase text]
scr_cmd,[Make active:6]
scr_cmd,[Erase text]
txt,……
scr_cmd,[Make active:2]
txt,だから、
txt,もしもおまえが傍にあることあれば……
txt,行けるところまで行けと。
txt,たとえ敗れくずおれ這いつくばって、
txt,もうだめだと思った時。
scr_cmd,[Show next arrow]
scr_cmd,[Wait for msg click]
scr_cmd,[Erase text]
txt,その時に、もう一歩進めと。
txt,そう伝えて欲しい。
scr_cmd,[Show next arrow]
scr_cmd,[Wait for msg click]
scr_cmd,[Make active:6]
scr_cmd,[Erase text]
scr_cmd,[Play voice 43 from folder 11]
txt,随分と心配なさるのですね。
scr_cmd,[Show next arrow]
scr_cmd,[Wait for msg click]
scr_cmd,[Make active:2]
scr_cmd,[Erase text]
txt,……
scr_cmd,[Show next arrow]
scr_cmd,[Wait for msg click]
scr_cmd,[Make active:6]
scr_cmd,[Erase text]
scr_cmd,[Play voice 44 from folder 11]
txt,わかりました……
scr_cmd,[Show next arrow]
scr_cmd,[Wait for msg click]
scr_cmd,[Play voice 45 from folder 11]
txt,オスキルもまた、
txt,どこかであなたを見つめています。
scr_cmd,[Show next arrow]
scr_cmd,[Wait for msg click]
scr_cmd,[Play voice 46 from folder 11]
txt,そのことを、どうか心に留めおきください。
scr_cmd,[Show next arrow]
scr_cmd,[Wait for msg click]
scr_cmd,[Make active:2]
scr_cmd,[Erase text]
txt,ああ。
txt,わかっている。
scr_cmd,[Show next arrow]
scr_cmd,[Wait for msg click]
scr_cmd,[Make active:6]
scr_cmd,[Erase text]
scr_cmd,[Play voice 47 from folder 11]
txt,……ふたたびの出逢いまで。
scr_cmd,[Show next arrow]
scr_cmd,[Wait for msg click]
scr_cmd,[Make active:2]
scr_cmd,[Erase text]
txt,そうだな。
txt,さらば、先詠みの天使、
txt,ロザリア＝オーディナー。
txt,必ずまた逢おう。
scr_cmd,[Show next arrow]
scr_cmd,[Wait for msg click]
scr_cmd,[ms wait:600]
scr_cmd,[Change Screen: Fadeout then Darken]
scr_cmd,[Script cleanup...]
scr_cmd,[END SCENE]
