scr_cmd,[Change Screen: Darken ]
scr_cmd,[Unknown code 1]
scr_cmd,[Play BGM #2]
scr_cmd,[Show BG image (wip:
scr_cmd,[Show char6with expr0at pos6on delay600]
scr_cmd,[Change Screen: Fadein then Lighten]
scr_cmd,[Make active:6]
scr_cmd,[Play voice 0 from folder 28]
txt,く、む〜〜〜〜〜〜！
scr_cmd,[Show next arrow]
scr_cmd,[Wait for msg click]
scr_cmd,[Play voice 1 from folder 28]
txt,……やってしまったか。
scr_cmd,[Show next arrow]
scr_cmd,[Wait for msg click]
scr_cmd,[Play voice 2 from folder 28]
txt,沈黙破りだけならばまだしも、
txt,三愚に任せて怒りをあらわにするなどと……
scr_cmd,[Show next arrow]
scr_cmd,[Wait for msg click]
scr_cmd,[Erase text]
scr_cmd,[Make active:6]
scr_cmd,[Play voice 3 from folder 28]
txt,交渉決裂は目に見えているではないか。
scr_cmd,[Show next arrow]
scr_cmd,[Wait for msg click]
scr_cmd,[Play voice 4 from folder 28]
txt,ええい、アルシエ＝ベルサード、
txt,まだまだ修行が足りぬ……
scr_cmd,[Show next arrow]
scr_cmd,[Wait for msg click]
scr_cmd,[Erase text]
scr_cmd,[Make active:6]
scr_cmd,[Play voice 5 from folder 28]
txt,フェルドナ＝パイロン。
scr_cmd,[Show next arrow]
scr_cmd,[Wait for msg click]
scr_cmd,[Play voice 6 from folder 28]
txt,忘れないぞ、おまえの瞳を……
scr_cmd,[Show next arrow]
scr_cmd,[Wait for msg click]
scr_cmd,[Play voice 7 from folder 28]
txt,聖セヴィエスを離れたあの日、
txt,おまえのなすべきことに胸を張れと、
txt,雄弁にも語った。
scr_cmd,[Show next arrow]
scr_cmd,[Wait for msg click]
scr_cmd,[Erase text]
scr_cmd,[Make active:6]
scr_cmd,[Play voice 8 from folder 28]
txt,ばかだよ、おまえはおおばかだ、
txt,こんなわたしを、過大に評価して……
scr_cmd,[Show next arrow]
scr_cmd,[Wait for msg click]
scr_cmd,[Erase text]
scr_cmd,[Make active:6]
scr_cmd,[Play voice 9 from folder 28]
txt,≪聖セヴィエスを救いたい、
txt,　エルメナスを救いたい。
scr_cmd,[Show next arrow]
scr_cmd,[Wait for msg click]
scr_cmd,[Play voice 10 from folder 28]
txt,　だが……≫
scr_cmd,[Show next arrow]
scr_cmd,[Wait for msg click]
scr_cmd,[Erase text]
scr_cmd,[Make active:6]
scr_cmd,[Play voice 11 from folder 28]
txt,≪故郷を救うなどと言いながら、
txt,　とどのつまり、
txt,　自分のことしか考えていないのだ、私は。
scr_cmd,[Show next arrow]
scr_cmd,[Wait for msg click]
scr_cmd,[Play voice 12 from folder 28]
txt,　それはすべて、私が望んだだけのこと。≫
scr_cmd,[Show next arrow]
scr_cmd,[Wait for msg click]
scr_cmd,[Erase text]
scr_cmd,[Make active:6]
scr_cmd,[Play voice 13 from folder 28]
txt,あの時もそうだった。
scr_cmd,[Show next arrow]
scr_cmd,[Wait for msg click]
scr_cmd,[Play voice 14 from folder 28]
txt,今もなお、変わらぬ自分がある。
scr_cmd,[Show next arrow]
scr_cmd,[Wait for msg click]
scr_cmd,[Play voice 15 from folder 28]
txt,この剣が、見捨てられるのも、当然なのだ。
scr_cmd,[Show next arrow]
scr_cmd,[Wait for msg click]
scr_cmd,[Erase text]
scr_cmd,[Make active:6]
scr_cmd,[Play voice 16 from folder 28]
txt,聞けば誰もが頷くような理由を騙り、
txt,みだらな気持ちを後ろ手にして息をつく。
scr_cmd,[Show next arrow]
scr_cmd,[Wait for msg click]
scr_cmd,[Erase text]
scr_cmd,[Make active:6]
scr_cmd,[Play voice 17 from folder 28]
txt,まったく、
txt,ニー＝プラウディスの言う通りなのだ。
scr_cmd,[Show next arrow]
scr_cmd,[Wait for msg click]
scr_cmd,[Play voice 18 from folder 28]
txt,人は、痛い所を突かれると愚かになる。
scr_cmd,[Show next arrow]
scr_cmd,[Wait for msg click]
scr_cmd,[Play voice 19 from folder 28]
txt,啖呵を切ってどれほどに
txt,威勢良くしてみても……
scr_cmd,[Show next arrow]
scr_cmd,[Wait for msg click]
scr_cmd,[Erase text]
scr_cmd,[Make active:6]
scr_cmd,[Play voice 20 from folder 28]
txt,災厄を招いた咎人だとなじられたとて、
txt,その時私は、何を言い返せるものか。
scr_cmd,[Show next arrow]
scr_cmd,[Wait for msg click]
scr_cmd,[Play voice 21 from folder 28]
txt,ほんとうに、未熟者だ、わたしは。
scr_cmd,[Show next arrow]
scr_cmd,[Wait for msg click]
scr_cmd,[Erase text]
scr_cmd,[Make active:6]
txt,……
scr_cmd,[Show next arrow]
scr_cmd,[Wait for msg click]
scr_cmd,[Erase text]
scr_cmd,[Make active:6]
scr_cmd,[Play voice 22 from folder 28]
txt,……寄らば、斬る。
scr_cmd,[Show next arrow]
scr_cmd,[Wait for msg click]
scr_cmd,[Play voice 23 from folder 28]
txt,このアルシエ＝ベルサード、
txt,そのことに如何な躊躇いもない。
scr_cmd,[Show next arrow]
scr_cmd,[Wait for msg click]
scr_cmd,[ms wait:600]
scr_cmd,[Change Screen: Fadeout then Darken]
scr_cmd,[Script cleanup...]
scr_cmd,[Unknown code 1]
scr_cmd,[Show BG image (wip:
scr_cmd,[Show char115with expr0at pos7on delay600]
scr_cmd,[Change Screen: Fadein then Lighten]
scr_cmd,[Make active:7]
txt,語られない想いがあるのなら、せめて儂らが、
txt,その意を汲まねば。
txt,……老師はきっとそう仰ったことでしょう。
scr_cmd,[Show next arrow]
scr_cmd,[Wait for msg click]
scr_cmd,[Show char6with expr0at pos8on delay600]
scr_cmd,[Make active:8]
txt,シェリル！
txt,無事だったのか……！
scr_cmd,[Show next arrow]
scr_cmd,[Wait for msg click]
scr_cmd,[Make active:7]
scr_cmd,[Erase text]
txt,これ、この通り。
scr_cmd,[Show next arrow]
scr_cmd,[Wait for msg click]
scr_cmd,[Make active:8]
scr_cmd,[Erase text]
txt,聖セヴィエスは？
txt,何か知らないか？
scr_cmd,[Show next arrow]
scr_cmd,[Wait for msg click]
scr_cmd,[Make active:7]
scr_cmd,[Erase text]
txt,ナビロス様が、
txt,いまもフェルドナたちとともにあります。
txt,物見の尖塔に囚われながらも、きっと……
txt,牢獄のあり方と過ごし方について、
txt,教鞭をふるわれていらっしゃることでしょう。
scr_cmd,[Show next arrow]
scr_cmd,[Wait for msg click]
scr_cmd,[Make active:8]
scr_cmd,[Erase text]
txt,くっ……
txt,ああ、フェルドナも、ファナも、シーラも、
txt,みんな必ず生きている。
txt,そうだろうとも。
scr_cmd,[Show next arrow]
scr_cmd,[Wait for msg click]
scr_cmd,[Make active:7]
scr_cmd,[Erase text]
txt,ならば。
txt,参りましょう、イノセンティアへ。
scr_cmd,[Show next arrow]
scr_cmd,[Wait for msg click]
scr_cmd,[Make active:8]
scr_cmd,[Erase text]
txt,……やはり、それしかないか？
scr_cmd,[Show next arrow]
scr_cmd,[Wait for msg click]
scr_cmd,[Make active:7]
scr_cmd,[Erase text]
txt,あら
txt,ゴスペルブラスを勘当されて、
txt,パラダインに門前払いされて、
txt,聖セヴィエスは囚われて……
txt,ほかにどこか、いいところをご存知？
scr_cmd,[Show next arrow]
scr_cmd,[Wait for msg click]
scr_cmd,[Make active:8]
scr_cmd,[Erase text]
txt,……
txt,それは……
txt,ないが……
scr_cmd,[Show next arrow]
scr_cmd,[Wait for msg click]
scr_cmd,[Make active:7]
scr_cmd,[Erase text]
txt,アルシエ。
txt,ロバリー様だって、
txt,あなたの行くべきは純潔の盾しかないと、
txt,そう仰ってるのに？
scr_cmd,[Show next arrow]
scr_cmd,[Wait for msg click]
scr_cmd,[Make active:8]
scr_cmd,[Erase text]
txt,……騙されるなよ、あの男に。
txt,イノセンティアは、ボロボロだ。
txt,司法ロザリア＝オーディナーは、
txt,わたしも一目を置いていた。
scr_cmd,[Show next arrow]
scr_cmd,[Wait for msg click]
scr_cmd,[Erase text]
scr_cmd,[Make active:7]
scr_cmd,[Erase text]
txt,……
scr_cmd,[Make active:8]
txt,それが剣将オスキルに誘われたか、
txt,いつのまにやらパラダインに納まった。
txt,白銀の薔薇をわずかに一輪挿して、
txt,純潔の盾が何を求める。
scr_cmd,[Show next arrow]
scr_cmd,[Wait for msg click]
scr_cmd,[Make active:7]
scr_cmd,[Erase text]
txt,だからあなたが行くのではなくて？
scr_cmd,[Show next arrow]
scr_cmd,[Wait for msg click]
scr_cmd,[Make active:8]
scr_cmd,[Erase text]
txt,む……
txt,あの男の言を用いれば、
txt,なにかと面倒なことになるかも知れん。
txt,いいのか、それでも？
scr_cmd,[Show next arrow]
scr_cmd,[Wait for msg click]
scr_cmd,[Make active:7]
scr_cmd,[Erase text]
txt,それはアルシエ。
txt,あなたが決めることだわ。
scr_cmd,[Show next arrow]
scr_cmd,[Wait for msg click]
scr_cmd,[Make active:8]
scr_cmd,[Erase text]
txt,……
scr_cmd,[Show next arrow]
scr_cmd,[Wait for msg click]
scr_cmd,[Make active:7]
scr_cmd,[Erase text]
txt,でもひとつだけ。
txt,ロバリー様は、
txt,私の代わりに囚われの身となった。
txt,あなたが純潔の盾に行かないとしても、
txt,私は参ります。
scr_cmd,[Show next arrow]
scr_cmd,[Wait for msg click]
scr_cmd,[Make active:8]
scr_cmd,[Erase text]
txt,ズルい奴だ。
txt,そうやって面倒に引き込むのだな？
txt,黙っていれば可愛いものを。
scr_cmd,[Show next arrow]
scr_cmd,[Wait for msg click]
scr_cmd,[Make active:7]
scr_cmd,[Erase text]
txt,あら
txt,それはアルシエ。
txt,あなたのコトでしょう？
scr_cmd,[Show next arrow]
scr_cmd,[Wait for msg click]
scr_cmd,[ms wait:600]
scr_cmd,[Change Screen: Fadeout then Darken]
scr_cmd,[Script cleanup...]
scr_cmd,[END SCENE]
