scr_cmd,[Change Screen: Darken ]
scr_cmd,[Show image &0xd4a]
scr_cmd,Img params: X 0 Y 324 W 1024 H 128
scr_cmd,[Change Screen: Fadein then Lighten]
scr_cmd,[Wait for click?]
scr_cmd,[Change Screen: Fadeout then Darken]
scr_cmd,[Erase title]
scr_cmd,[ms wait:600]
scr_cmd,[Change Screen: Darken ]
scr_cmd,[Unknown code 1]
scr_cmd,[Play BGM #16]
scr_cmd,[Show BG image (wip:
scr_cmd,[Show char9with expr0at pos5on delay600]
scr_cmd,[Change Screen: Fadein then Lighten]
scr_cmd,[Make active:5]
scr_cmd,[Play voice 0 from folder 26]
txt,,あの……
scr_cmd,[Show next arrow]
scr_cmd,[Wait for msg click]
scr_cmd,[Play voice 1 from folder 26]
txt,,ファナさま？
scr_cmd,[Show next arrow]
scr_cmd,[Wait for msg click]
scr_cmd,[Show char5with expr0at pos6on delay600]
scr_cmd,[Make active:6]
scr_cmd,[Play voice 2 from folder 26]
txt,,イリオン。
scr_cmd,[Show next arrow]
scr_cmd,[Wait for msg click]
scr_cmd,[Play voice 3 from folder 26]
txt,,どしたの、元気ないわネ。
scr_cmd,[Show next arrow]
scr_cmd,[Wait for msg click]
scr_cmd,[Make active:5]
scr_cmd,[Erase text]
scr_cmd,[Play voice 4 from folder 26]
txt,,あ……
scr_cmd,[Show next arrow]
scr_cmd,[Wait for msg click]
scr_cmd,[Make active:6]
scr_cmd,[Erase text]
scr_cmd,[Play voice 5 from folder 26]
txt,,ちゃんと朝、食べたか〜〜〜？
scr_cmd,[Show next arrow]
scr_cmd,[Wait for msg click]
scr_cmd,[Make active:5]
scr_cmd,[Erase text]
scr_cmd,[Play voice 6 from folder 26]
txt,,その……
scr_cmd,[Show next arrow]
scr_cmd,[Wait for msg click]
scr_cmd,[Play voice 7 from folder 26]
txt,,ボク……
scr_cmd,[Show next arrow]
scr_cmd,[Wait for msg click]
scr_cmd,[Play voice 8 from folder 26]
txt,,みんなの、みんなの役に、立ってますか？
scr_cmd,[Show next arrow]
scr_cmd,[Wait for msg click]
scr_cmd,[Play voice 9 from folder 26]
txt,,足、引っ張ってないですか？
scr_cmd,[Show next arrow]
scr_cmd,[Wait for msg click]
scr_cmd,[Make active:6]
scr_cmd,[Erase text]
scr_cmd,[Play voice 10 from folder 26]
txt,,……イリオン？
scr_cmd,[Show next arrow]
scr_cmd,[Wait for msg click]
scr_cmd,[Make active:5]
scr_cmd,[Erase text]
scr_cmd,[Play voice 11 from folder 26]
txt,,知りたいんです……
scr_cmd,[Show next arrow]
scr_cmd,[Wait for msg click]
scr_cmd,[Play voice 12 from folder 26]
txt,,ボクは……何をしたら、いいんですか？
scr_cmd,[Show next arrow]
scr_cmd,[Wait for msg click]
scr_cmd,[Make active:6]
scr_cmd,[Erase text]
txt,,……
scr_cmd,[Show next arrow]
scr_cmd,[Wait for msg click]
scr_cmd,[Make active:5]
scr_cmd,[Erase text]
txt,,……
scr_cmd,[Show next arrow]
scr_cmd,[Wait for msg click]
scr_cmd,[Make active:6]
scr_cmd,[Erase text]
scr_cmd,[Play voice 13 from folder 26]
txt,,いつだったかな。
scr_cmd,[Show next arrow]
scr_cmd,[Wait for msg click]
scr_cmd,[Play voice 14 from folder 26]
txt,,前にもそんなこと、
txt,,先生に聞いてたよネ、イリオン。
scr_cmd,[Show next arrow]
scr_cmd,[Wait for msg click]
scr_cmd,[Make active:5]
scr_cmd,[Erase text]
scr_cmd,[Play voice 15 from folder 26]
txt,,あ……
scr_cmd,[Show next arrow]
scr_cmd,[Wait for msg click]
scr_cmd,[Make active:6]
scr_cmd,[Erase text]
scr_cmd,[Play voice 16 from folder 26]
txt,,ま、悪いコトじゃないケド。
scr_cmd,[Show next arrow]
scr_cmd,[Wait for msg click]
scr_cmd,[Play voice 17 from folder 26]
txt,,あんたは、何をしたらいいって思う？
scr_cmd,[Show next arrow]
scr_cmd,[Wait for msg click]
scr_cmd,[Make active:5]
scr_cmd,[Erase text]
scr_cmd,[Play voice 18 from folder 26]
txt,,それは、つまり……
scr_cmd,[Show next arrow]
scr_cmd,[Wait for msg click]
scr_cmd,[Play voice 19 from folder 26]
txt,,傷ついた人を、癒すこと、です。
scr_cmd,[Show next arrow]
scr_cmd,[Wait for msg click]
scr_cmd,[Make active:6]
scr_cmd,[Erase text]
scr_cmd,[Play voice 20 from folder 26]
txt,,ふむ。
scr_cmd,[Show next arrow]
scr_cmd,[Wait for msg click]
scr_cmd,[Play voice 21 from folder 26]
txt,,じゃあ、怪我人がいなかったら？
scr_cmd,[Show next arrow]
scr_cmd,[Wait for msg click]
scr_cmd,[Make active:5]
scr_cmd,[Erase text]
scr_cmd,[Play voice 22 from folder 26]
txt,,え？
scr_cmd,[Show next arrow]
scr_cmd,[Wait for msg click]
scr_cmd,[Make active:6]
scr_cmd,[Erase text]
scr_cmd,[Play voice 23 from folder 26]
txt,,ホラ。
scr_cmd,[Show next arrow]
scr_cmd,[Wait for msg click]
scr_cmd,[Make active:5]
scr_cmd,[Erase text]
scr_cmd,[Play voice 24 from folder 26]
txt,,でも……
scr_cmd,[Show next arrow]
scr_cmd,[Wait for msg click]
scr_cmd,[Play voice 25 from folder 26]
txt,,そんなこと、決められない、です……
scr_cmd,[Show next arrow]
scr_cmd,[Wait for msg click]
scr_cmd,[Make active:6]
scr_cmd,[Erase text]
scr_cmd,[Play voice 26 from folder 26]
txt,,あ〜の〜ネ〜
scr_cmd,[Show next arrow]
scr_cmd,[Wait for msg click]
scr_cmd,[Play voice 27 from folder 26]
txt,,なにかをしなくちゃイケナイ時ってのは、
txt,,いっつも土壇場だわヨ。
scr_cmd,[Show next arrow]
scr_cmd,[Wait for msg click]
scr_cmd,[Erase text]
scr_cmd,[Make active:5]
scr_cmd,[Erase text]
txt,,……
scr_cmd,[Make active:6]
scr_cmd,[Play voice 28 from folder 26]
txt,,それともなに？
scr_cmd,[Show next arrow]
scr_cmd,[Wait for msg click]
scr_cmd,[Play voice 29 from folder 26]
txt,,イリオンは、隣にいてほしいワケ？
scr_cmd,[Show next arrow]
scr_cmd,[Wait for msg click]
scr_cmd,[Play voice 30 from folder 26]
txt,,怪我をしたわたしに？
scr_cmd,[Show next arrow]
scr_cmd,[Wait for msg click]
scr_cmd,[Make active:5]
scr_cmd,[Erase text]
scr_cmd,[Play voice 31 from folder 26]
txt,,そんな……
scr_cmd,[Show next arrow]
scr_cmd,[Wait for msg click]
scr_cmd,[Play voice 32 from folder 26]
txt,,そんなこと、言って、ない、です……
scr_cmd,[Show next arrow]
scr_cmd,[Wait for msg click]
scr_cmd,[Make active:6]
scr_cmd,[Erase text]
scr_cmd,[Play voice 33 from folder 26]
txt,,ああ、もう、しょうがないなァ……
scr_cmd,[Show next arrow]
scr_cmd,[Wait for msg click]
scr_cmd,[Play voice 34 from folder 26]
txt,,泣いたって、始まらないでショ？
scr_cmd,[Show next arrow]
scr_cmd,[Wait for msg click]
scr_cmd,[Make active:5]
scr_cmd,[Erase text]
scr_cmd,[Play voice 35 from folder 26]
txt,,それじゃあ……
scr_cmd,[Show next arrow]
scr_cmd,[Wait for msg click]
scr_cmd,[Play voice 36 from folder 26]
txt,,ファナさまなら、どうなさるんですか？
scr_cmd,[Show next arrow]
scr_cmd,[Wait for msg click]
scr_cmd,[Make active:6]
scr_cmd,[Erase text]
scr_cmd,[Play voice 37 from folder 26]
txt,,……わたしは剣士だからネ。
scr_cmd,[Show next arrow]
scr_cmd,[Wait for msg click]
scr_cmd,[Play voice 38 from folder 26]
txt,,今のイノセンティアなら、
txt,,走りまわって囮になるコト。
scr_cmd,[Show next arrow]
scr_cmd,[Wait for msg click]
scr_cmd,[Erase text]
scr_cmd,[Make active:5]
scr_cmd,[Erase text]
txt,,……
scr_cmd,[Make active:6]
scr_cmd,[Play voice 39 from folder 26]
txt,,いざって時はカベになるコト。
scr_cmd,[Show next arrow]
scr_cmd,[Wait for msg click]
scr_cmd,[Play voice 40 from folder 26]
txt,,場合によっては、斬り込んでいくコト。
scr_cmd,[Show next arrow]
scr_cmd,[Wait for msg click]
scr_cmd,[Play voice 41 from folder 26]
txt,,脚を活かして相手を見つけるコトも、
txt,,わたしの役目かなって思ってる。
scr_cmd,[Show next arrow]
scr_cmd,[Wait for msg click]
scr_cmd,[Make active:5]
scr_cmd,[Erase text]
txt,,……
scr_cmd,[Show next arrow]
scr_cmd,[Wait for msg click]
scr_cmd,[Make active:6]
scr_cmd,[Erase text]
scr_cmd,[Play voice 42 from folder 26]
txt,,ま、斬り合うのがバッチリ
txt,,得意ってワケじゃないケド。
scr_cmd,[Show next arrow]
scr_cmd,[Wait for msg click]
scr_cmd,[Play voice 43 from folder 26]
txt,,あとはこうやって、
txt,,誰かさんを困らせてみるコトとか、ネ☆
scr_cmd,[Show next arrow]
scr_cmd,[Wait for msg click]
scr_cmd,[Make active:5]
scr_cmd,[Erase text]
scr_cmd,[Play voice 44 from folder 26]
txt,,ボクは、あの……
scr_cmd,[Show next arrow]
scr_cmd,[Wait for msg click]
scr_cmd,[Play voice 45 from folder 26]
txt,,……ボクは、どうしたら？
scr_cmd,[Show next arrow]
scr_cmd,[Wait for msg click]
scr_cmd,[Make active:6]
scr_cmd,[Erase text]
scr_cmd,[Play voice 46 from folder 26]
txt,,ありゃ、思ったより重症だわネ。
scr_cmd,[Show next arrow]
scr_cmd,[Wait for msg click]
scr_cmd,[Play voice 47 from folder 26]
txt,,いい〜、ソコを考えるのよ。
scr_cmd,[Show next arrow]
scr_cmd,[Wait for msg click]
scr_cmd,[Make active:5]
scr_cmd,[Erase text]
scr_cmd,[Play voice 48 from folder 26]
txt,,……
scr_cmd,[Show next arrow]
scr_cmd,[Wait for msg click]
scr_cmd,[Make active:6]
scr_cmd,[Erase text]
scr_cmd,[Play voice 49 from folder 26]
txt,,どんなことでも人に聞けるってのはイリオン、
txt,,あんたの良いトコだけど。
scr_cmd,[Show next arrow]
scr_cmd,[Wait for msg click]
scr_cmd,[Play voice 50 from folder 26]
txt,,考えなしに聞くばっかりじゃ、勿体ないワ。
scr_cmd,[Show next arrow]
scr_cmd,[Wait for msg click]
scr_cmd,[Make active:5]
scr_cmd,[Erase text]
scr_cmd,[Play voice 51 from folder 26]
txt,,え？
scr_cmd,[Show next arrow]
scr_cmd,[Wait for msg click]
scr_cmd,[Make active:6]
scr_cmd,[Erase text]
scr_cmd,[Play voice 52 from folder 26]
txt,,イリオンはさ。
scr_cmd,[Show next arrow]
scr_cmd,[Wait for msg click]
scr_cmd,[Play voice 53 from folder 26]
txt,,なにをしたらわたしが喜ぶか、
txt,,考えたこと、ある？
scr_cmd,[Show next arrow]
scr_cmd,[Wait for msg click]
scr_cmd,[Make active:5]
scr_cmd,[Erase text]
scr_cmd,[Play voice 54 from folder 26]
txt,,ファナ、さま……？
scr_cmd,[Show next arrow]
scr_cmd,[Wait for msg click]
scr_cmd,[Make active:6]
scr_cmd,[Erase text]
scr_cmd,[Play voice 55 from folder 26]
txt,,戻らない仲間、崩れ落ちた中央校舎、
txt,,がっくりしちゃったセシリス、
txt,,食事の仕度をするパルミラ。
scr_cmd,[Show next arrow]
scr_cmd,[Wait for msg click]
scr_cmd,[Erase text]
scr_cmd,[Make active:5]
scr_cmd,[Erase text]
txt,,……
scr_cmd,[Make active:6]
scr_cmd,[Play voice 56 from folder 26]
txt,,本を読んでくれる御老公、旅立った賢者様、
txt,,迫り来る這い出し者ども、
txt,,床にキスした大切なパン。
scr_cmd,[Show next arrow]
scr_cmd,[Wait for msg click]
scr_cmd,[Make active:5]
scr_cmd,[Erase text]
scr_cmd,[Play voice 57 from folder 26]
txt,,……
scr_cmd,[Show next arrow]
scr_cmd,[Wait for msg click]
scr_cmd,[Make active:6]
scr_cmd,[Erase text]
scr_cmd,[Play voice 58 from folder 26]
txt,,そんなとき、イリオンは何をする？
scr_cmd,[Show next arrow]
scr_cmd,[Wait for msg click]
scr_cmd,[Play voice 59 from folder 26]
txt,,それは、なぜ？
scr_cmd,[Show next arrow]
scr_cmd,[Wait for msg click]
scr_cmd,[Play voice 60 from folder 26]
txt,,あんたはどうしたい？
scr_cmd,[Show next arrow]
scr_cmd,[Wait for msg click]
scr_cmd,[Make active:5]
scr_cmd,[Erase text]
scr_cmd,[Play voice 61 from folder 26]
txt,,……
scr_cmd,[Show next arrow]
scr_cmd,[Wait for msg click]
scr_cmd,[Make active:6]
scr_cmd,[Erase text]
scr_cmd,[Play voice 62 from folder 26]
txt,,考えるのさ、ぜんぶ、自分で。
scr_cmd,[Show next arrow]
scr_cmd,[Wait for msg click]
scr_cmd,[Make active:5]
scr_cmd,[Erase text]
scr_cmd,[Play voice 63 from folder 26]
txt,,あ……
scr_cmd,[Show next arrow]
scr_cmd,[Wait for msg click]
scr_cmd,[Make active:6]
scr_cmd,[Erase text]
scr_cmd,[Play voice 64 from folder 26]
txt,,もしやりたいことがあるのなら、
txt,,聞きたいこと、わかる。
scr_cmd,[Show next arrow]
scr_cmd,[Wait for msg click]
scr_cmd,[Play voice 65 from folder 26]
txt,,でしょ？
scr_cmd,[Show next arrow]
scr_cmd,[Wait for msg click]
scr_cmd,[Make active:5]
scr_cmd,[Erase text]
scr_cmd,[Play voice 66 from folder 26]
txt,,やりたい、こと……
scr_cmd,[Show next arrow]
scr_cmd,[Wait for msg click]
scr_cmd,[Make active:6]
scr_cmd,[Erase text]
scr_cmd,[Play voice 67 from folder 26]
txt,,わたしは、すべきことをする。
scr_cmd,[Show next arrow]
scr_cmd,[Wait for msg click]
scr_cmd,[Play voice 68 from folder 26]
txt,,だから、純潔の盾に来た。
scr_cmd,[Show next arrow]
scr_cmd,[Wait for msg click]
scr_cmd,[Play voice 69 from folder 26]
txt,,後で泣くか、今泣くか。
scr_cmd,[Show next arrow]
scr_cmd,[Wait for msg click]
scr_cmd,[Erase text]
scr_cmd,[Make active:5]
scr_cmd,[Erase text]
txt,,……
scr_cmd,[Make active:6]
scr_cmd,[Play voice 70 from folder 26]
txt,,どうせ泣くなら、楽しく泣ける方がいい。
scr_cmd,[Show next arrow]
scr_cmd,[Wait for msg click]
scr_cmd,[Play voice 71 from folder 26]
txt,,後で泣くのは、後悔ばっかりで、ツライから。
scr_cmd,[Show next arrow]
scr_cmd,[Wait for msg click]
scr_cmd,[Play voice 72 from folder 26]
txt,,とまあ、それが自分のしたいコトだって、
txt,,わたしは思うわけヨ。
scr_cmd,[Show next arrow]
scr_cmd,[Wait for msg click]
scr_cmd,[Make active:5]
scr_cmd,[Erase text]
scr_cmd,[Play voice 73 from folder 26]
txt,,あ……
scr_cmd,[Show next arrow]
scr_cmd,[Wait for msg click]
scr_cmd,[Make active:6]
scr_cmd,[Erase text]
scr_cmd,[Play voice 74 from folder 26]
txt,,ん？
scr_cmd,[Show next arrow]
scr_cmd,[Wait for msg click]
scr_cmd,[Make active:5]
scr_cmd,[Erase text]
scr_cmd,[Play voice 75 from folder 26]
txt,,……ボク、やってみます。
scr_cmd,[Show next arrow]
scr_cmd,[Wait for msg click]
scr_cmd,[Play voice 76 from folder 26]
txt,,やりたいこと、見つけてみます……！
scr_cmd,[Show next arrow]
scr_cmd,[Wait for msg click]
scr_cmd,[Make active:6]
scr_cmd,[Erase text]
scr_cmd,[Play voice 77 from folder 26]
txt,,がんばりなよ？
scr_cmd,[Show next arrow]
scr_cmd,[Wait for msg click]
scr_cmd,[Make active:5]
scr_cmd,[Erase text]
scr_cmd,[Play voice 78 from folder 26]
txt,,ぁ、はい！！
scr_cmd,[Show next arrow]
scr_cmd,[Wait for msg click]
scr_cmd,[Erase text]
scr_cmd,Error: Unknown code:b' \x00\x0c\x00'
scr_cmd,Error: Unknown code:b'\x05\x00\x00 '
scr_cmd,Error: Unknown code:b'\x1e\x00\x00 '
scr_cmd,[Make active:6]
scr_cmd,[Erase text]
scr_cmd,[Play voice 79 from folder 26]
txt,,精一杯、自分に向き直ってみるんだね、
txt,,イリオン。
scr_cmd,[Show next arrow]
scr_cmd,[Wait for msg click]
scr_cmd,[Play voice 80 from folder 26]
txt,,そのうち、そんなこともできなくなるくらい、
txt,,ひどい戦いの連続になるかも知れない……
scr_cmd,[Show next arrow]
scr_cmd,[Wait for msg click]
scr_cmd,[Erase text]
scr_cmd,[Make active:6]
scr_cmd,[Play voice 81 from folder 26]
txt,,悲しいことや、イヤなことが、
txt,,パルミラの手から、
txt,,零れ落ちてくるかも知れない。
scr_cmd,[Show next arrow]
scr_cmd,[Wait for msg click]
scr_cmd,[Play voice 82 from folder 26]
txt,,クタクタになって、ボロボロになって、
txt,,眠ることさえできなくなって……
scr_cmd,[Show next arrow]
scr_cmd,[Wait for msg click]
scr_cmd,[Erase text]
scr_cmd,[Make active:6]
scr_cmd,[Play voice 83 from folder 26]
txt,,そんな時……
scr_cmd,[Show next arrow]
scr_cmd,[Wait for msg click]
scr_cmd,[Play voice 84 from folder 26]
txt,,きっと今、がんばることが、生きる。
scr_cmd,[Show next arrow]
scr_cmd,[Wait for msg click]
scr_cmd,[Erase text]
scr_cmd,[Make active:6]
scr_cmd,[Play voice 85 from folder 26]
txt,,わたしがそうだったように、
txt,,あんたがそうだといいって……
scr_cmd,[Show next arrow]
scr_cmd,[Wait for msg click]
scr_cmd,[Play voice 86 from folder 26]
txt,,せめて祈ってるワ。
scr_cmd,[Show next arrow]
scr_cmd,[Wait for msg click]
scr_cmd,[Erase text]
scr_cmd,Error: Unknown code:b' \x00\x0c\x00'
scr_cmd,Error: Unknown code:b'\x06\x00\x00 '
scr_cmd,Error: Unknown code:b'\x1e\x00\x00 '
scr_cmd,[ms wait:600]
scr_cmd,[Open nameless msg box atbottom-left]
scr_cmd,[Make active:2]
txt,,……
scr_cmd,[Show next arrow]
scr_cmd,[Wait for msg click]
scr_cmd,[Show char101with expr0at pos6on delay600]
scr_cmd,[Make active:6]
scr_cmd,[Play voice 87 from folder 26]
txt,,……あれこそまさに、
txt,,古豪ヒュベリオスの姫殿下よのう。
scr_cmd,[Show next arrow]
scr_cmd,[Wait for msg click]
scr_cmd,[Make active:2]
scr_cmd,[Erase text]
txt,,聖セヴィエスにしては、少々饒舌ですが……
txt,,むしろそれでこそ、
txt,,イリオンには届くかも知れません。
scr_cmd,[Show next arrow]
scr_cmd,[Wait for msg click]
scr_cmd,[Make active:6]
scr_cmd,[Erase text]
scr_cmd,[Play voice 88 from folder 26]
txt,,……なんでもいい、感じてくれればのう。
scr_cmd,[Show next arrow]
scr_cmd,[Wait for msg click]
scr_cmd,[Play voice 89 from folder 26]
txt,,はて、どんなこころを見出すか。
scr_cmd,[Show next arrow]
scr_cmd,[Wait for msg click]
scr_cmd,[Make active:2]
scr_cmd,[Erase text]
txt,,……ええ。
txt,,楽しみが増えました。
scr_cmd,[Show next arrow]
scr_cmd,[Wait for msg click]
scr_cmd,[Make active:6]
scr_cmd,[Erase text]
scr_cmd,[Play voice 90 from folder 26]
txt,,まさしく。
scr_cmd,[Show next arrow]
scr_cmd,[Wait for msg click]
scr_cmd,[Play voice 91 from folder 26]
txt,,まったくもって……
scr_cmd,[Show next arrow]
scr_cmd,[Wait for msg click]
scr_cmd,[Play voice 92 from folder 26]
txt,,それこそ我らの、救い難い業の所以よの。
scr_cmd,[Show next arrow]
scr_cmd,[Wait for msg click]
scr_cmd,[ms wait:600]
scr_cmd,[Change Screen: Fadeout then Darken]
scr_cmd,[Script cleanup...]
scr_cmd,[Load chapter: 1]
scr_cmd,[END SCENE]
