scr_cmd,[Change Screen: Darken ]
scr_cmd,[Unknown code 1]
scr_cmd,[Play BGM #12]
scr_cmd,[Show BG image (wip:
scr_cmd,[Change Screen: Fadein then Lighten]
scr_cmd,[ms wait:600]
scr_cmd,[Open nameless msg box at0]
scr_cmd,[Make active:0]
txt,　　君に手紙を書くのは、これで幾度目になるだろう
scr_cmd,[Show next arrow]
scr_cmd,[Wait for msg click]
scr_cmd,[Erase text]
txt,まだ子供だと思っていたパルミラが、
txt,後輩の手をひく立派な魔術師になった
scr_cmd,[Show next arrow]
scr_cmd,[Wait for msg click]
txt,書を紐解いては結んでいたイリオンも、
txt,今では図書館にこもりきりだ
scr_cmd,[Show next arrow]
scr_cmd,[Wait for msg click]
txt,嵐の夜、君のことを話して聞かせたセシリスは、そう、
txt,僕らが旅した物語に、目を輝かせていたっけ
scr_cmd,[Show next arrow]
scr_cmd,[Wait for msg click]
scr_cmd,[Erase text]
txt,そして今年も、新しい息吹が生まれ来る
scr_cmd,[Show next arrow]
scr_cmd,[Wait for msg click]
txt,因果紡ぐ黎明の大地よりキャロット・ウィンフィー
txt,闇に埋ずもれし北壁の雪花よりシャロン・フレイスピッド
scr_cmd,[Show next arrow]
scr_cmd,[Wait for msg click]
txt,万難を乗り越えてなお、その一身を学び舎に懸けようと、
txt,彼らは歩むのだろう
scr_cmd,[Show next arrow]
scr_cmd,[Wait for msg click]
scr_cmd,[Erase text]
txt,……本当に幸せだと思う
txt,こうして言葉を紡ぐことができ、伝えるべき相手がいることの、
txt,いかに素晴らしいことか
scr_cmd,[Show next arrow]
scr_cmd,[Wait for msg click]
scr_cmd,[Erase text]
txt,そして、守りたい
txt,羽ばたこうとしている幼子たちを
txt,未だ見ぬ、珠玉のつぼみたちを──
scr_cmd,[Show next arrow]
scr_cmd,[Wait for msg click]
scr_cmd,[Erase text]
txt,君は今、何をしていただろうか
txt,その温かな手で、この手紙に触れてくれたのだろうか
scr_cmd,[Show next arrow]
scr_cmd,[Wait for msg click]
scr_cmd,[Erase text]
txt,今、君の言葉だけが、この胸を打つ
scr_cmd,[Show next arrow]
scr_cmd,[Wait for msg click]
scr_cmd,[Erase text]
txt,雨に濡れながら僕らは別れた
txt,困ったことがあったら声をかけて欲しいと、最後に君は言った
scr_cmd,[Show next arrow]
scr_cmd,[Wait for msg click]
txt,　
txt,あの時の瞳を、一度だって忘れたことはなかった
scr_cmd,[Show next arrow]
scr_cmd,[Wait for msg click]
scr_cmd,[Erase text]
txt,一目でいい
txt,聖なる星と、天使の鐘の鳴る森で、もう一度だけ
scr_cmd,[Show next arrow]
scr_cmd,[Wait for msg click]
txt,そう
scr_cmd,[Show next arrow]
scr_cmd,[ms wait:300]
txt,────君に会いたい
scr_cmd,[ms wait:900]
scr_cmd,[Wait for msg click]
scr_cmd,[Erase text]
txt,　
txt,親愛なる友へ
txt,そう呼ぶことを許してくれるなら……
txt,　
txt,　　　　　　　　　　　古き友、オルフェス＝ロマノーヴァより
scr_cmd,[Show next arrow]
scr_cmd,[Wait for msg click]
scr_cmd,[ms wait:600]
scr_cmd,[Change Screen: Fade-out to white]
scr_cmd,[Script cleanup...]
scr_cmd,[END SCENE]
