scr_cmd,[Change Screen: Darken ]
scr_cmd,[Show image &0x2e2]
scr_cmd,Img params: X 0 Y 324 W 1024 H 128
scr_cmd,[Change Screen: Fadein then Lighten]
scr_cmd,[Wait for click?]
scr_cmd,[Change Screen: Fadeout then Darken]
scr_cmd,[Erase title]
scr_cmd,[ms wait:600]
scr_cmd,[Change Screen: Darken ]
scr_cmd,[Unknown code 1]
scr_cmd,[Play BGM #9]
scr_cmd,[Show BG image (wip:
scr_cmd,[Show char110with expr0at pos8on delay600]
scr_cmd,[Change Screen: Fadein then Lighten]
scr_cmd,[Make active:8]
txt,,強力な呪いが、近くにあるね。
txt,,深いよ、すごく。
scr_cmd,[Show next arrow]
scr_cmd,[Wait for msg click]
scr_cmd,[Open nameless msg box atbottom center]
scr_cmd,[Make active:4]
txt,,……
scr_cmd,[Show next arrow]
scr_cmd,[Wait for msg click]
scr_cmd,[Make active:8]
scr_cmd,[Erase text]
txt,,……
scr_cmd,[Show char101with expr0at pos7on delay600]
scr_cmd,[Make active:7]
txt,,それで立ち往生しておる者があるか……
scr_cmd,[Show next arrow]
scr_cmd,[Wait for msg click]
scr_cmd,[Make active:8]
scr_cmd,[Erase text]
txt,,誰かは、わからないけどね。
txt,,行ってみる？
scr_cmd,[Show next arrow]
scr_cmd,[Wait for msg click]
scr_cmd,[Make active:7]
scr_cmd,[Erase text]
txt,,……
scr_cmd,[Make active:4]
scr_cmd,[Erase text]
txt,,勿論、まいります。
txt,,まあ……
txt,,折角エンディミオンに戻ったのに、
txt,,また地下に潜るというのは……
txt,,気が滅入らないと言えば、嘘になりますが。
scr_cmd,[Show next arrow]
scr_cmd,[Wait for msg click]
scr_cmd,[Make active:8]
scr_cmd,[Erase text]
txt,,ハハハ。
txt,,最も深き迷宮に喜び勇んだ
txt,,無類のダンジョン好きが、よく言うよね。
txt,,そのくせ迷いの森が落ち着かないって？
scr_cmd,[Show next arrow]
scr_cmd,[Wait for msg click]
scr_cmd,[Make active:4]
scr_cmd,[Erase text]
txt,,……
scr_cmd,[Make active:8]
scr_cmd,[Erase text]
txt,,ハハハ、ハハ、ハハハ。
txt,,いいよ、うん、すごく。
scr_cmd,[Show next arrow]
scr_cmd,[Wait for msg click]
scr_cmd,[Make active:4]
scr_cmd,[Erase text]
txt,,……
scr_cmd,[Show next arrow]
scr_cmd,[Wait for msg click]
scr_cmd,[Make active:8]
scr_cmd,[Erase text]
txt,,まあ、行っておいでよ。
txt,,子供たちってのは、
txt,,恐いところが嫌いなんだけど大好きなものさ。
txt,,我が友も、たまにはロバリーみたいに、
txt,,ただ笑ってこう言えばいいのさ。
scr_cmd,[Show next arrow]
scr_cmd,[Wait for msg click]
scr_cmd,[Make active:4]
scr_cmd,[Erase text]
txt,,……
scr_cmd,[Show next arrow]
scr_cmd,[Wait for msg click]
scr_cmd,[Make active:8]
scr_cmd,[Erase text]
txt,,退屈なよりは、
txt,,ちょっぴりマシだっただろう、ってね。
scr_cmd,[Show next arrow]
scr_cmd,[Wait for msg click]
scr_cmd,[ms wait:600]
scr_cmd,[Change Screen: Fadeout then Darken]
scr_cmd,[Script cleanup...]
scr_cmd,Error: Unknown code:b'\x97\x00\x0c\x00'
scr_cmd,Error: Unknown code:b'\t\x00\x00 '
scr_cmd,Error: Unknown code:b'\x01\x00\x00 '
scr_cmd,Error: Unknown code:b'[\x00\x0c\x00'
scr_cmd,Error: Unknown code:b'\n\x00\x00 '
scr_cmd,Error: Unknown code:b'\x02\x00\x00 '
scr_cmd,[END SCENE]
