scr_cmd,[Change Screen: Darken ]
scr_cmd,[Unknown code 1]
scr_cmd,[Play BGM #9]
scr_cmd,[Show BG image (wip:
scr_cmd,[Change Screen: Fadein then Lighten]
scr_cmd,[ms wait:600]
scr_cmd,[Show char127with expr0at pos7on delay600]
scr_cmd,[Make active:7]
txt,,中央校舎ロイヤル・センテは、今や混沌の渦
txt,,中にある。
scr_cmd,[Show next arrow]
scr_cmd,[Wait for msg click]
scr_cmd,[Show char128with expr0at pos8on delay600]
scr_cmd,[Make active:8]
txt,,然様……
txt,,這い出し者どもは、わずか三日にして、難攻
txt,,不落の学び舎を、その中枢から陥落せしめた。
scr_cmd,[Show next arrow]
scr_cmd,[Wait for msg click]
scr_cmd,[Make active:7]
scr_cmd,[Erase text]
txt,,……
scr_cmd,[Show char129with expr0at pos9on delay600]
scr_cmd,[Make active:9]
txt,,子供達の力を借りずに済めばと思えばこそ、
txt,,賢者たちは死の淵に挑んだ……
scr_cmd,[Show next arrow]
scr_cmd,[Wait for msg click]
scr_cmd,[Make active:8]
scr_cmd,[Erase text]
txt,,……
scr_cmd,[Make active:7]
scr_cmd,[Erase text]
txt,,なれども、やはり這い出し者どもは、相まみ
txt,,える者の力を映す鏡。
scr_cmd,[Show next arrow]
scr_cmd,[Wait for msg click]
scr_cmd,[Make active:9]
scr_cmd,[Erase text]
txt,,……
scr_cmd,[Make active:8]
scr_cmd,[Erase text]
txt,,皆のよく知る通り。
txt,,その光の輝きによって落ちる影がより深くな
txt,,るように、あやつらの力も増大する
scr_cmd,[Show next arrow]
scr_cmd,[Wait for msg click]
scr_cmd,[Make active:7]
scr_cmd,[Erase text]
txt,,……
scr_cmd,[Make active:9]
scr_cmd,[Erase text]
txt,,厄介だ。
scr_cmd,[Show next arrow]
scr_cmd,[Wait for msg click]
scr_cmd,[Make active:8]
scr_cmd,[Erase text]
txt,,相まみえる者の罪を映し出し、その強きには
txt,,強きをもって。
txt,,這い出し混沌に挑むことを許されたのは、澄
txt,,んだ心の子供たちだけじゃ。
scr_cmd,[Show next arrow]
scr_cmd,[Wait for msg click]
scr_cmd,[Make active:9]
scr_cmd,[Erase text]
txt,,……
scr_cmd,[Make active:7]
scr_cmd,[Erase text]
txt,,学び舎に四方の守りありき。
scr_cmd,[Show next arrow]
scr_cmd,[Wait for msg click]
scr_cmd,[Make active:8]
scr_cmd,[Erase text]
txt,,北に沈思の聖堂ファンディスペール。
txt,,南に不動の橋立ガラハノフ。
txt,,西に物見の尖塔イリア。
scr_cmd,[Show next arrow]
scr_cmd,[Wait for msg click]
scr_cmd,[Make active:7]
scr_cmd,[Erase text]
txt,,……
scr_cmd,[Make active:9]
scr_cmd,[Erase text]
txt,,そして、東に白皙の城砦エンディミオン。
scr_cmd,[Show next arrow]
scr_cmd,[Wait for msg click]
scr_cmd,[Make active:7]
scr_cmd,[Erase text]
txt,,……
scr_cmd,[Make active:8]
scr_cmd,[Erase text]
txt,,……
scr_cmd,[Make active:9]
scr_cmd,[Erase text]
txt,,……
scr_cmd,[Show next arrow]
scr_cmd,[Wait for msg click]
scr_cmd,[Make active:7]
scr_cmd,[Erase text]
txt,,光と闇の教えを説く僧侶達のけがれなき集い、
txt,,聖セヴィエスは沈思の聖堂に。
txt,,覇道の正柱に支えられし、義に歩む剣士の寄
txt,,る辺、ゴスペルブラスは不動の橋立に。
scr_cmd,[Show next arrow]
scr_cmd,[Wait for msg click]
scr_cmd,[Make active:8]
scr_cmd,[Erase text]
txt,,研ぎ澄まされた魔術を駆る、叡智の殿堂パラ
txt,,ダインは物見の尖塔に。
txt,,無垢なる純潔の盾イノセンティアは、深緑に
txt,,囲まれる白皙の城砦に。
scr_cmd,[Show next arrow]
scr_cmd,[Wait for msg click]
scr_cmd,[Make active:7]
scr_cmd,[Erase text]
txt,,……
scr_cmd,[Make active:9]
scr_cmd,[Erase text]
txt,,然れども。
txt,,四大の学級は尽く、ある者はその翼を焼かれ、
txt,,ある者は呪われし縛鎖につながれた……
scr_cmd,[Show next arrow]
scr_cmd,[Wait for msg click]
scr_cmd,[Make active:8]
scr_cmd,[Erase text]
txt,,いずれが立ち上がるや。
txt,,……待つよりほかありますまいな。
scr_cmd,[Show next arrow]
scr_cmd,[Wait for msg click]
scr_cmd,[Make active:7]
scr_cmd,[Erase text]
txt,,今は、その時を。
scr_cmd,[Make active:8]
scr_cmd,[Erase text]
txt,,今は、その時を。
scr_cmd,[Make active:9]
scr_cmd,[Erase text]
txt,,今は、その時を。
scr_cmd,[Show next arrow]
scr_cmd,[Wait for msg click]
scr_cmd,[ms wait:600]
scr_cmd,[Change Screen: Fadeout then Darken]
scr_cmd,[Script cleanup...]
scr_cmd,[Load chapter: 0]
scr_cmd,[END SCENE]
