scr_cmd,[Change Screen: Darken ]
scr_cmd,[Unknown code 1]
scr_cmd,[Show BG image (wip:
scr_cmd,[Change Screen: Fadein then Lighten]
scr_cmd,[ms wait:600]
scr_cmd,[Open nameless msg box at0]
scr_cmd,[Make active:0]
txt,　
txt,　
txt,長い長い、エンディミオンでの暮らしが幕を開ける
txt,白皙の城砦こそは、純潔の盾の居城であり、懐かしの我が家である
scr_cmd,[Show next arrow]
scr_cmd,[Wait for msg click]
scr_cmd,[ms wait:600]
scr_cmd,[Change Screen: Fadeout then Darken]
scr_cmd,[Script cleanup...]
scr_cmd,[END SCENE]
