scr_cmd,[Change Screen: Darken ]
scr_cmd,[Unknown code 1]
scr_cmd,[Show BG image (wip:
scr_cmd,[Change Screen: Fadein then Lighten]
scr_cmd,[ms wait:600]
scr_cmd,[Open nameless msg box at0]
scr_cmd,[Make active:0]
txt,,済　エルベロワの堅守
txt,,済　エンディミオンの攻略
scr_cmd,[Show next arrow]
scr_cmd,[Wait for msg click]
scr_cmd,[Erase text]
txt,,
scr_cmd,[Show next arrow]
scr_cmd,[Wait for msg click]
scr_cmd,[Erase text]
txt,,
txt,,　　潜れ潜れ大会
txt,,　　（ＡＬＴ制限、死んだら×、大時計ナシ、
txt,,　　　人数によって得られるものが変化）
txt,,　　実は、人数が一人だと、報酬↑
txt,,　　（ＡＬＴ制限がキビしいので、一人は大変）
scr_cmd,[Show next arrow]
scr_cmd,[Wait for msg click]
scr_cmd,[Erase text]
txt,,
txt,,　　タタリ戦
txt,,　　（ＡＬＴがなくなると寝る、死んだら×、大時計ナシ、
txt,,　　　人数によって得られるものが変化）
txt,,　　実は、人数が一人だと、報酬↑（安全地帯アリ、高低差大きい）
scr_cmd,[Show next arrow]
scr_cmd,[Wait for msg click]
scr_cmd,[Erase text]
txt,,……これだけでも大変な部分はある
txt,,さらに……
scr_cmd,[Show next arrow]
scr_cmd,[Wait for msg click]
scr_cmd,[Erase text]
txt,,
txt,,　　（ＡＬＴ制限、死んでも復活、大時計制限ナシ）
txt,,　　とにかく、たくさん上ると吉、高低差大きい
scr_cmd,[Show next arrow]
scr_cmd,[Wait for msg click]
scr_cmd,[Erase text]
txt,,
txt,,　　（死んだら×、大時計制限ナシ）
txt,,　　とにかく、たくさん走ると吉（安全地帯ナシ）
scr_cmd,[Show next arrow]
scr_cmd,[Wait for msg click]
scr_cmd,[Erase text]
txt,,
scr_cmd,[Show next arrow]
scr_cmd,[Wait for msg click]
scr_cmd,[Erase text]
txt,,……など、挑戦系のシナリオが目白押し！
txt,,であります
scr_cmd,[Show next arrow]
scr_cmd,[Wait for msg click]
scr_cmd,[ms wait:600]
scr_cmd,[Change Screen: Fadeout then Darken]
scr_cmd,[Script cleanup...]
scr_cmd,[END SCENE]
