scr_cmd,[Change Screen: Darken ]
scr_cmd,[Unknown code 1]
scr_cmd,[Play BGM #4]
scr_cmd,[Show BG image (wip:
scr_cmd,[Show char107with expr0at pos7on delay600]
scr_cmd,[Change Screen: Fadein then Lighten]
scr_cmd,[Make active:7]
txt,どうしたね。
txt,やはり、ワシの講義は、つまらないかな？
scr_cmd,[Show next arrow]
scr_cmd,[Wait for msg click]
scr_cmd,[Show char1with expr0at pos8on delay600]
scr_cmd,[Make active:8]
txt,え、あ、ううん。
txt,オモシロイって、思う。
scr_cmd,[Show next arrow]
scr_cmd,[Wait for msg click]
scr_cmd,[Make active:7]
scr_cmd,[Erase text]
txt,……
txt,ニーがおまえさまを連れてきた時は
txt,驚いたが……
txt,ほんとうは、
txt,他にやりたいことがあるんじゃあないのかね。
scr_cmd,[Show next arrow]
scr_cmd,[Wait for msg click]
scr_cmd,[Make active:8]
scr_cmd,[Erase text]
txt,……
txt,魔法のこともね、すっごく興味があったんだ。
txt,でもね、
scr_cmd,[Show next arrow]
scr_cmd,[Wait for msg click]
scr_cmd,[Erase text]
scr_cmd,[Make active:7]
scr_cmd,[Erase text]
txt,……
scr_cmd,[Make active:8]
txt,あたしがほんとうにやりたいコトとは、
txt,ちょっと違うのかな〜って、考えちゃった。
scr_cmd,[Show next arrow]
scr_cmd,[Wait for msg click]
scr_cmd,[Make active:7]
scr_cmd,[Erase text]
txt,そうさな。
txt,およそ世の中には、
txt,成して無関係というものもない。
scr_cmd,[Show next arrow]
scr_cmd,[Wait for msg click]
scr_cmd,[Erase text]
scr_cmd,[Make active:8]
scr_cmd,[Erase text]
txt,……
scr_cmd,[Make active:7]
txt,魔法というものも、
txt,その用い方、意味、考え方などは、
txt,どれをとっても、何かに活きる。
scr_cmd,[Show next arrow]
scr_cmd,[Wait for msg click]
scr_cmd,[Erase text]
scr_cmd,[Make active:8]
scr_cmd,[Erase text]
txt,……
scr_cmd,[Make active:7]
txt,とはいえ、やはりそれは
txt,しっかりとした土台があってこそ。
txt,今のおまえさまには、
txt,なによりも豊かな大地こそが、
txt,必要かもしれぬなあ。
scr_cmd,[Show next arrow]
scr_cmd,[Wait for msg click]
scr_cmd,[Make active:8]
scr_cmd,[Erase text]
txt,？？？
scr_cmd,[Show next arrow]
scr_cmd,[Wait for msg click]
scr_cmd,[Make active:7]
scr_cmd,[Erase text]
txt,おまえさまに、
txt,もしもやりたいことがあるのなら。
txt,行きたいところがあるのなら、
txt,そうするといい。
scr_cmd,[Show next arrow]
scr_cmd,[Wait for msg click]
scr_cmd,[Erase text]
scr_cmd,[Make active:8]
scr_cmd,[Erase text]
txt,……
scr_cmd,[Make active:7]
txt,毎日教室の中で埋もれていては、
txt,あまりに惜しい。
txt,おまえさまのその翼は、
txt,はばたいてこそ美しいものをのう。
scr_cmd,[Show next arrow]
scr_cmd,[Wait for msg click]
scr_cmd,[Make active:8]
scr_cmd,[Erase text]
txt,先生は……
txt,お爺様のこと、知ってますか？
scr_cmd,[Show next arrow]
scr_cmd,[Wait for msg click]
scr_cmd,[Make active:7]
scr_cmd,[Erase text]
txt,……さあて、くわしいことは、
txt,あまり良く知らぬが。
txt,だが、深い森に眠る
txt,白皙の城砦エンディミオンこそが、
txt,まさしくあの方の故郷だった。
scr_cmd,[Show next arrow]
scr_cmd,[Wait for msg click]
scr_cmd,[Make active:8]
scr_cmd,[Erase text]
txt,ありがとう！！
txt,また来るからね！
scr_cmd,[Show next arrow]
scr_cmd,[Wait for msg click]
scr_cmd,[Make active:7]
scr_cmd,[Erase text]
txt,ああ、また。
scr_cmd,[Show next arrow]
scr_cmd,[Wait for msg click]
scr_cmd,Error: Unknown code:b' \x00\x0c\x00'
scr_cmd,Error: Unknown code:b'\x08\x00\x00 '
scr_cmd,Error: Unknown code:b'\x1e\x00\x00 '
scr_cmd,[Make active:7]
scr_cmd,[Erase text]
txt,≪パラダインも、変わった。
txt,合理をつきつめた結晶が魔術とは言え……
txt,枠を子供達に押しはめて、
txt,道具のように扱うのはいかがなものか……≫
scr_cmd,[Show next arrow]
scr_cmd,[Wait for msg click]
scr_cmd,[ms wait:600]
scr_cmd,[Change Screen: Fadeout then Darken]
scr_cmd,[Script cleanup...]
scr_cmd,[END SCENE]
