scr_cmd,[Change Screen: Darken ]
scr_cmd,[Unknown code 1]
scr_cmd,[Show BG image (wip:
scr_cmd,[Show char2with expr0at pos6on delay600]
scr_cmd,[Change Screen: Fadein then Lighten]
scr_cmd,[Make active:6]
scr_cmd,[Play voice 0 from folder 41]
txt,,≪三年前のあの日。
scr_cmd,[Show next arrow]
scr_cmd,[Wait for msg click]
scr_cmd,[Play voice 1 from folder 41]
txt,,　猛烈な吹雪の中で誓った。
scr_cmd,[Show next arrow]
scr_cmd,[Wait for msg click]
scr_cmd,[Play voice 2 from folder 41]
txt,,　自らの肌を切り裂いて、
txt,,　永久凍土を深紅に染め上げた。
scr_cmd,[Show next arrow]
scr_cmd,[Wait for msg click]
scr_cmd,[Play voice 3 from folder 41]
txt,,　父と母の生命を奪った悪魔を。≫
scr_cmd,[Show next arrow]
scr_cmd,[Wait for msg click]
scr_cmd,[Erase text]
scr_cmd,[Play voice 4 from folder 41]
txt,,≪アスフィスの友、
txt,,　故郷のすべてを奪った悪魔を。
scr_cmd,[Show next arrow]
scr_cmd,[Wait for msg click]
scr_cmd,[Play voice 5 from folder 41]
txt,,　人の皮を着た悪魔を討ち果たす。
scr_cmd,[Show next arrow]
scr_cmd,[Wait for msg click]
scr_cmd,[Play voice 6 from folder 41]
txt,,　紅蓮の炎で愛すべきすべてを灰にした、
txt,,　ベルドラクルの魔術師に。≫
scr_cmd,[Show next arrow]
scr_cmd,[Wait for msg click]
scr_cmd,[Erase text]
scr_cmd,[Play voice 7 from folder 41]
txt,,≪親兄弟子々孫々に至るまで、
txt,,　寸分違わぬ地獄を見せる。
scr_cmd,[Show next arrow]
scr_cmd,[Wait for msg click]
scr_cmd,[Play voice 8 from folder 41]
txt,,　愛し愛されるすべてを奪い、
txt,,　無残に討ち果たす修羅となる……≫
scr_cmd,[Show next arrow]
scr_cmd,[Wait for msg click]
scr_cmd,[Erase text]
scr_cmd,[Play voice 9 from folder 41]
txt,,≪そんな誓いを立てた私でも、
txt,,できると……？≫
scr_cmd,[Show next arrow]
scr_cmd,[Wait for msg click]
scr_cmd,[Erase text]
scr_cmd,[Play voice 10 from folder 41]
txt,,≪復讐を成す覚悟に、偽りはない。
scr_cmd,[Show next arrow]
scr_cmd,[Wait for msg click]
scr_cmd,[Play voice 11 from folder 41]
txt,,　けれど、なにひとつ捗らぬ日々に、
txt,,　このこころが闇に、
txt,,　混沌に蝕まれていくのがわかる。≫
scr_cmd,[Show next arrow]
scr_cmd,[Wait for msg click]
scr_cmd,[Erase text]
scr_cmd,[Play voice 12 from folder 41]
txt,,≪こころをしっかり持たねば、
txt,,　復讐を遂げたことさえわかるまい。
scr_cmd,[Show next arrow]
scr_cmd,[Wait for msg click]
scr_cmd,[Play voice 13 from folder 41]
txt,,　こころをしっかり持たねば、
txt,,　自分さえ失ってしまうだろう。≫
scr_cmd,[Show next arrow]
scr_cmd,[Wait for msg click]
scr_cmd,[Erase text]
txt,,……
scr_cmd,[Show next arrow]
scr_cmd,[Wait for msg click]
scr_cmd,[Show char1with expr0at pos5on delay600]
scr_cmd,[Make active:5]
scr_cmd,[Play voice 14 from folder 41]
txt,,シャロン……！
scr_cmd,[Show next arrow]
scr_cmd,[Wait for msg click]
scr_cmd,[Play voice 15 from folder 41]
txt,,もう、いいの？
scr_cmd,[Show next arrow]
scr_cmd,[Wait for msg click]
scr_cmd,[Play voice 16 from folder 41]
txt,,大丈夫なの？
scr_cmd,[Show next arrow]
scr_cmd,[Wait for msg click]
scr_cmd,[Make active:6]
scr_cmd,[Erase text]
scr_cmd,[Play voice 17 from folder 41]
txt,,……そなたは、すごい。
scr_cmd,[Show next arrow]
scr_cmd,[Wait for msg click]
scr_cmd,[Make active:5]
scr_cmd,[Erase text]
scr_cmd,[Play voice 18 from folder 41]
txt,,……え？
scr_cmd,[Show next arrow]
scr_cmd,[Wait for msg click]
scr_cmd,[Make active:6]
scr_cmd,[Erase text]
scr_cmd,[Play voice 19 from folder 41]
txt,,私は……
scr_cmd,[Show next arrow]
scr_cmd,[Wait for msg click]
scr_cmd,[Play voice 20 from folder 41]
txt,,私などが、ここにいていいかどうか……
scr_cmd,[Show next arrow]
scr_cmd,[Wait for msg click]
scr_cmd,[Play voice 21 from folder 41]
txt,,そんなことさえ、不安だというのに。
scr_cmd,[Show next arrow]
scr_cmd,[Wait for msg click]
scr_cmd,[Make active:5]
scr_cmd,[Erase text]
scr_cmd,[Play voice 22 from folder 41]
txt,,え、あっ！
scr_cmd,[Show next arrow]
scr_cmd,[Wait for msg click]
scr_cmd,[Play voice 23 from folder 41]
txt,,ゴメン、一人でいたい時も、あるよネ……
scr_cmd,[Show next arrow]
scr_cmd,[Wait for msg click]
scr_cmd,[Make active:6]
scr_cmd,[Erase text]
scr_cmd,[Play voice 24 from folder 41]
txt,,いや、さにあらず……！
scr_cmd,[Show next arrow]
scr_cmd,[Wait for msg click]
scr_cmd,[Play voice 25 from folder 41]
txt,,この地の果てに、
txt,,やっとの想いで辿りつきながら……
scr_cmd,[Show next arrow]
scr_cmd,[Wait for msg click]
scr_cmd,[Play voice 26 from folder 41]
txt,,つまり私は、
txt,,いつ荷物をまとめる身やも知れぬのだ。
scr_cmd,[Show next arrow]
scr_cmd,[Wait for msg click]
scr_cmd,[Make active:5]
scr_cmd,[Erase text]
scr_cmd,[Play voice 27 from folder 41]
txt,,大丈夫だよ！
scr_cmd,[Show next arrow]
scr_cmd,[Wait for msg click]
scr_cmd,[Play voice 28 from folder 41]
txt,,みんな、いい人ばっかり！
scr_cmd,[Show next arrow]
scr_cmd,[Wait for msg click]
scr_cmd,[Play voice 29 from folder 41]
txt,,シャロンが眠ってる時、
txt,,ファナさんって言ったっけ。
scr_cmd,[Show next arrow]
scr_cmd,[Wait for msg click]
scr_cmd,[Erase text]
scr_cmd,[Make active:6]
scr_cmd,[Erase text]
txt,,……
scr_cmd,[Make active:5]
scr_cmd,[Play voice 30 from folder 41]
txt,,うん、一緒にいようねって、
txt,,真剣に言ってくれたんだよ！？
scr_cmd,[Show next arrow]
scr_cmd,[Wait for msg click]
scr_cmd,[Make active:6]
scr_cmd,[Erase text]
scr_cmd,[Play voice 31 from folder 41]
txt,,聴いていた。
scr_cmd,[Show next arrow]
scr_cmd,[Wait for msg click]
scr_cmd,[Make active:5]
scr_cmd,[Erase text]
scr_cmd,[Play voice 32 from folder 41]
txt,,ね！？
scr_cmd,[Show next arrow]
scr_cmd,[Wait for msg click]
scr_cmd,[Make active:6]
scr_cmd,[Erase text]
scr_cmd,[Play voice 33 from folder 41]
txt,,嬉しかった。
scr_cmd,[Show next arrow]
scr_cmd,[Wait for msg click]
scr_cmd,[Play voice 34 from folder 41]
txt,,ほんとうに。
scr_cmd,[Show next arrow]
scr_cmd,[Wait for msg click]
scr_cmd,[Make active:5]
scr_cmd,[Erase text]
scr_cmd,[Play voice 35 from folder 41]
txt,,シャロン。
scr_cmd,[Show next arrow]
scr_cmd,[Wait for msg click]
scr_cmd,[Make active:6]
scr_cmd,[Erase text]
scr_cmd,[Play voice 36 from folder 41]
txt,,でも、この暖かな場所も、
txt,,私のせいで壊れてしまうかもしれない。
scr_cmd,[Show next arrow]
scr_cmd,[Wait for msg click]
scr_cmd,[Play voice 37 from folder 41]
txt,,きっと私には、
txt,,ここにいる資格など、ないのだ。
scr_cmd,[Show next arrow]
scr_cmd,[Wait for msg click]
scr_cmd,[Make active:5]
scr_cmd,[Erase text]
txt,,……
scr_cmd,[Show next arrow]
scr_cmd,[Wait for msg click]
scr_cmd,[Make active:6]
scr_cmd,[Erase text]
scr_cmd,[Play voice 38 from folder 41]
txt,,だから、その……
scr_cmd,[Show next arrow]
scr_cmd,[Wait for msg click]
scr_cmd,[Play voice 39 from folder 41]
txt,,そなたに優しくされることさえ、怖い。
scr_cmd,[Show next arrow]
scr_cmd,[Wait for msg click]
scr_cmd,[Make active:5]
scr_cmd,[Erase text]
scr_cmd,[Play voice 40 from folder 41]
txt,,ふぅ〜〜〜〜〜！！！
scr_cmd,[Show next arrow]
scr_cmd,[Wait for msg click]
scr_cmd,[Make active:6]
scr_cmd,[Erase text]
scr_cmd,[Play voice 41 from folder 41]
txt,,すまぬ。
scr_cmd,[Show next arrow]
scr_cmd,[Wait for msg click]
scr_cmd,[Make active:5]
scr_cmd,[Erase text]
scr_cmd,[Play voice 42 from folder 41]
txt,,あたしね！！！
scr_cmd,[Show next arrow]
scr_cmd,[Wait for msg click]
scr_cmd,[Play voice 43 from folder 41]
txt,,あたし、ちっちゃな頃の想い出って、
txt,,あんまりないんだ。
scr_cmd,[Show next arrow]
scr_cmd,[Wait for msg click]
scr_cmd,[Make active:6]
scr_cmd,[Erase text]
txt,,……
scr_cmd,[Show next arrow]
scr_cmd,[Wait for msg click]
scr_cmd,[Make active:5]
scr_cmd,[Erase text]
scr_cmd,[Play voice 44 from folder 41]
txt,,でも、不思議。
scr_cmd,[Show next arrow]
scr_cmd,[Wait for msg click]
scr_cmd,[Play voice 45 from folder 41]
txt,,お爺様の手を、ちゃんと覚えてる。
scr_cmd,[Show next arrow]
scr_cmd,[Wait for msg click]
scr_cmd,[Play voice 46 from folder 41]
txt,,たくさんのシワがあって、
txt,,傷だらけだったけどサ……
scr_cmd,[Show next arrow]
scr_cmd,[Wait for msg click]
scr_cmd,[Erase text]
scr_cmd,[Make active:5]
scr_cmd,[Play voice 47 from folder 41]
txt,,ううん、とってもあたたかかった。
scr_cmd,[Show next arrow]
scr_cmd,[Wait for msg click]
scr_cmd,[Play voice 48 from folder 41]
txt,,頭をなでてもらって、
txt,,眠ったの、覚えてる。
scr_cmd,[Show next arrow]
scr_cmd,[Wait for msg click]
scr_cmd,[Make active:6]
scr_cmd,[Erase text]
scr_cmd,[Play voice 49 from folder 41]
txt,,……
scr_cmd,[Show next arrow]
scr_cmd,[Wait for msg click]
scr_cmd,[Make active:5]
scr_cmd,[Erase text]
scr_cmd,[Play voice 50 from folder 41]
txt,,それで、お爺様が亡くなってから、
txt,,賢者様だったんだって、知った。
scr_cmd,[Show next arrow]
scr_cmd,[Wait for msg click]
scr_cmd,[Make active:6]
scr_cmd,[Erase text]
scr_cmd,[Play voice 51 from folder 41]
txt,,……
scr_cmd,[Show next arrow]
scr_cmd,[Wait for msg click]
scr_cmd,[Make active:5]
scr_cmd,[Erase text]
scr_cmd,[Play voice 52 from folder 41]
txt,,素敵な想い出をくれたお爺様が、
txt,,どんなことを見つめていたんだろって。
scr_cmd,[Show next arrow]
scr_cmd,[Wait for msg click]
scr_cmd,[Play voice 53 from folder 41]
txt,,あの時はただ、それだけを知りたかった。
scr_cmd,[Show next arrow]
scr_cmd,[Wait for msg click]
scr_cmd,[Play voice 54 from folder 41]
txt,,あたしね、だから、ここに来たんだよ？
scr_cmd,[Show next arrow]
scr_cmd,[Wait for msg click]
scr_cmd,[Make active:6]
scr_cmd,[Erase text]
scr_cmd,[Play voice 55 from folder 41]
txt,,キャロット……
scr_cmd,[Show next arrow]
scr_cmd,[Wait for msg click]
scr_cmd,[Make active:5]
scr_cmd,[Erase text]
scr_cmd,[Play voice 56 from folder 41]
txt,,変だよね。
scr_cmd,[Show next arrow]
scr_cmd,[Wait for msg click]
scr_cmd,[Play voice 57 from folder 41]
txt,,顔も思い出せないぐらいにしか、
txt,,会ったこと、ないのにサ。
scr_cmd,[Show next arrow]
scr_cmd,[Wait for msg click]
scr_cmd,[Make active:6]
scr_cmd,[Erase text]
scr_cmd,[Play voice 58 from folder 41]
txt,,ば、バカな、
txt,,変なことなど、あるものか……！
scr_cmd,[Show next arrow]
scr_cmd,[Wait for msg click]
scr_cmd,[Make active:5]
scr_cmd,[Erase text]
scr_cmd,[Play voice 59 from folder 41]
txt,,ありがと！
scr_cmd,[Show next arrow]
scr_cmd,[Wait for msg click]
scr_cmd,[Play voice 60 from folder 41]
txt,,ん〜〜〜とね、だから、そう。
scr_cmd,[Show next arrow]
scr_cmd,[Wait for msg click]
scr_cmd,[Play voice 61 from folder 41]
txt,,あたしはココで賢者様になる。
scr_cmd,[Show next arrow]
scr_cmd,[Wait for msg click]
scr_cmd,[Make active:6]
scr_cmd,[Erase text]
txt,,…………
scr_cmd,[Show next arrow]
scr_cmd,[Wait for msg click]
scr_cmd,[Make active:5]
scr_cmd,[Erase text]
scr_cmd,[Play voice 62 from folder 41]
txt,,こうしたい、っていう気持ち。
scr_cmd,[Show next arrow]
scr_cmd,[Wait for msg click]
scr_cmd,[Play voice 63 from folder 41]
txt,,シャロンにもあるならサ……
scr_cmd,[Show next arrow]
scr_cmd,[Wait for msg click]
scr_cmd,[Play voice 64 from folder 41]
txt,,きっと大丈夫だヨ、うん！
scr_cmd,[Show next arrow]
scr_cmd,[Wait for msg click]
scr_cmd,[Make active:6]
scr_cmd,[Erase text]
scr_cmd,[Play voice 65 from folder 41]
txt,,……
scr_cmd,[Show next arrow]
scr_cmd,[Wait for msg click]
scr_cmd,[Make active:5]
scr_cmd,[Erase text]
scr_cmd,[Play voice 66 from folder 41]
txt,,一緒にやろっ？
scr_cmd,[Show next arrow]
scr_cmd,[Wait for msg click]
scr_cmd,[Make active:6]
scr_cmd,[Erase text]
txt,,……
scr_cmd,[Play voice 67 from folder 41]
txt,,私は……
scr_cmd,[Show next arrow]
scr_cmd,[Wait for msg click]
scr_cmd,[Make active:5]
scr_cmd,[Erase text]
scr_cmd,[Play voice 68 from folder 41]
txt,,ん？
scr_cmd,[Show next arrow]
scr_cmd,[Wait for msg click]
scr_cmd,[Make active:6]
scr_cmd,[Erase text]
scr_cmd,[Play voice 69 from folder 41]
txt,,わ、私が……
scr_cmd,[Show next arrow]
scr_cmd,[Wait for msg click]
scr_cmd,[Play voice 70 from folder 41]
txt,,ここに、来たのは……
scr_cmd,[Show next arrow]
scr_cmd,[Wait for msg click]
scr_cmd,[Make active:5]
scr_cmd,[Erase text]
scr_cmd,[Play voice 71 from folder 41]
txt,,その話、スト〜〜ップ！！
scr_cmd,[Show next arrow]
scr_cmd,[Wait for msg click]
scr_cmd,[Make active:6]
scr_cmd,[Erase text]
scr_cmd,[Play voice 72 from folder 41]
txt,,キャロ……
scr_cmd,[Show next arrow]
scr_cmd,[Wait for msg click]
scr_cmd,[Make active:5]
scr_cmd,[Erase text]
scr_cmd,[Play voice 73 from folder 41]
txt,,言わなくても、大丈夫。
scr_cmd,[Show next arrow]
scr_cmd,[Wait for msg click]
scr_cmd,[Play voice 74 from folder 41]
txt,,シャロンの気持ち、すこしだけわかる……
scr_cmd,[Show next arrow]
scr_cmd,[Wait for msg click]
scr_cmd,[Play voice 75 from folder 41]
txt,,お爺様がそうだった……
scr_cmd,[Show next arrow]
scr_cmd,[Wait for msg click]
scr_cmd,[Play voice 76 from folder 41]
txt,,あたしも、自信、あるよ。
scr_cmd,[Show next arrow]
scr_cmd,[Wait for msg click]
scr_cmd,[Make active:6]
scr_cmd,[Erase text]
txt,,……
scr_cmd,[Show next arrow]
scr_cmd,[Wait for msg click]
scr_cmd,[Make active:5]
scr_cmd,[Erase text]
scr_cmd,[Play voice 77 from folder 41]
txt,,一緒にがんばろうよ！！！
scr_cmd,[Show next arrow]
scr_cmd,[Wait for msg click]
scr_cmd,[Play voice 78 from folder 41]
txt,,あたしたちは、
txt,,ここまでひとりでがんばって来た！
scr_cmd,[Show next arrow]
scr_cmd,[Wait for msg click]
scr_cmd,[Erase text]
scr_cmd,[Make active:5]
scr_cmd,[Play voice 79 from folder 41]
txt,,それでね、あたしたちは、
txt,,ここから一緒にがんばるの！！
scr_cmd,[Show next arrow]
scr_cmd,[Wait for msg click]
scr_cmd,[Play voice 80 from folder 41]
txt,,それって、なんだかワクワクしない！？
scr_cmd,[Show next arrow]
scr_cmd,[Wait for msg click]
scr_cmd,[Make active:6]
scr_cmd,[Erase text]
scr_cmd,[Play voice 81 from folder 41]
txt,,……
scr_cmd,[Show next arrow]
scr_cmd,[Wait for msg click]
scr_cmd,[Make active:5]
scr_cmd,[Erase text]
scr_cmd,[Play voice 82 from folder 41]
txt,,ね！？
scr_cmd,[Show next arrow]
scr_cmd,[Wait for msg click]
scr_cmd,[Make active:6]
scr_cmd,[Erase text]
scr_cmd,[Play voice 83 from folder 41]
txt,,……なれるか、私達は。
scr_cmd,[Show next arrow]
scr_cmd,[Wait for msg click]
scr_cmd,[Play voice 84 from folder 41]
txt,,その……
scr_cmd,[Show next arrow]
scr_cmd,[Wait for msg click]
scr_cmd,[Make active:5]
scr_cmd,[Erase text]
scr_cmd,[Play voice 85 from folder 41]
txt,,ん？？？
scr_cmd,[Show next arrow]
scr_cmd,[Wait for msg click]
scr_cmd,[Make active:6]
scr_cmd,[Erase text]
scr_cmd,[Play voice 86 from folder 41]
txt,,……と、ともだちに。
scr_cmd,[Show next arrow]
scr_cmd,[Wait for msg click]
scr_cmd,[Make active:5]
scr_cmd,[Erase text]
scr_cmd,[Play voice 87 from folder 41]
txt,,なれる、なれるよ！！！
scr_cmd,[Show next arrow]
scr_cmd,[Wait for msg click]
scr_cmd,[Play voice 88 from folder 41]
txt,,あたしはもうそのつもり！！
scr_cmd,[Show next arrow]
scr_cmd,[Wait for msg click]
scr_cmd,[Make active:6]
scr_cmd,[Erase text]
scr_cmd,[Play voice 89 from folder 41]
txt,,……
scr_cmd,[Show next arrow]
scr_cmd,[Wait for msg click]
scr_cmd,[Make active:5]
scr_cmd,[Erase text]
scr_cmd,[Play voice 90 from folder 41]
txt,,あたしはキャロット＝ウィンフィー！！
scr_cmd,[Show next arrow]
scr_cmd,[Wait for msg click]
scr_cmd,[Play voice 91 from folder 41]
txt,,川蝉色の榛の木繁るダハトマの森から、
txt,,賢者目指してまっしぐら！
scr_cmd,[Show next arrow]
scr_cmd,[Wait for msg click]
scr_cmd,[Make active:6]
scr_cmd,[Erase text]
scr_cmd,[Play voice 92 from folder 41]
txt,,……くす。
scr_cmd,[Show next arrow]
scr_cmd,[Wait for msg click]
scr_cmd,[Play voice 93 from folder 41]
txt,,私はシャロン＝フレイスピッド。
scr_cmd,[Show next arrow]
scr_cmd,[Wait for msg click]
scr_cmd,[Play voice 94 from folder 41]
txt,,遥か遠き北壁アスフィスの彼方から、
txt,,最果ての聖域に流れついた。
scr_cmd,[Show next arrow]
scr_cmd,[Wait for msg click]
scr_cmd,[Play voice 95 from folder 41]
txt,,そうして、そなたに出逢った。
scr_cmd,[Show next arrow]
scr_cmd,[Wait for msg click]
scr_cmd,[Erase text]
scr_cmd,[Make active:5]
scr_cmd,[Erase text]
txt,,……
scr_cmd,[Make active:6]
scr_cmd,[Play voice 96 from folder 41]
txt,,ありがとう。
scr_cmd,[Show next arrow]
scr_cmd,[Wait for msg click]
scr_cmd,[Play voice 97 from folder 41]
txt,,キャロットに出逢えて、
txt,,ほんとうに良かった。
scr_cmd,[Show next arrow]
scr_cmd,[Wait for msg click]
scr_cmd,[Make active:5]
scr_cmd,[Erase text]
scr_cmd,[Play voice 98 from folder 41]
txt,,やっと笑った！！
scr_cmd,[Show next arrow]
scr_cmd,[Wait for msg click]
scr_cmd,[Play voice 99 from folder 41]
txt,,よろしく、シャロン！
scr_cmd,[Show next arrow]
scr_cmd,[Wait for msg click]
scr_cmd,[Make active:6]
scr_cmd,[Erase text]
scr_cmd,[Play voice 100 from folder 41]
txt,,よろしく、キャロット。
scr_cmd,[Show next arrow]
scr_cmd,[Wait for msg click]
scr_cmd,[Play voice 101 from folder 41]
txt,,やろう。
scr_cmd,[Show next arrow]
scr_cmd,[Wait for msg click]
scr_cmd,[Play voice 102 from folder 41]
txt,,賢者様になれるまで、一緒に。
scr_cmd,[Show next arrow]
scr_cmd,[Wait for msg click]
scr_cmd,[Make active:5]
scr_cmd,[Erase text]
scr_cmd,[Play voice 103 from folder 41]
txt,,うん！！
scr_cmd,[Show next arrow]
scr_cmd,[Wait for msg click]
scr_cmd,[Make active:6]
scr_cmd,[Erase text]
scr_cmd,[Play voice 104 from folder 41]
txt,,≪ここでなら、叶うかもしれない。
scr_cmd,[Show next arrow]
scr_cmd,[Wait for msg click]
scr_cmd,[Play voice 105 from folder 41]
txt,,　一心に学び、屈さぬ心を勝ち得たい。
scr_cmd,[Show next arrow]
scr_cmd,[Wait for msg click]
scr_cmd,[Play voice 106 from folder 41]
txt,,　この、最果ての聖域で……≫
scr_cmd,[Show next arrow]
scr_cmd,[Wait for msg click]
scr_cmd,[ms wait:600]
scr_cmd,[Change Screen: Fadeout then Darken]
scr_cmd,[Script cleanup...]
scr_cmd,[Show BG image (wip:
scr_cmd,[Open nameless msg box atcenter]
scr_cmd,[Change Screen: Fadein then Lighten]
scr_cmd,[Make active:1]
txt,,シャロン、キャロット。
txt,,きみたちはどうしたい？
scr_cmd,[Show next arrow]
scr_cmd,[Wait for msg click]
scr_cmd,[Show char1with expr0at pos5on delay600]
scr_cmd,[Make active:5]
scr_cmd,[Play voice 107 from folder 41]
txt,,ここで学んだら、賢者様になれますか！？
scr_cmd,[Show next arrow]
scr_cmd,[Wait for msg click]
scr_cmd,[Make active:1]
scr_cmd,[Erase text]
txt,,こころから、歩むなら。
txt,,いつかは辿り着ける。
scr_cmd,[Show next arrow]
scr_cmd,[Wait for msg click]
scr_cmd,[Make active:5]
scr_cmd,[Erase text]
txt,,……
scr_cmd,[Show char2with expr0at pos6on delay600]
scr_cmd,[Make active:6]
scr_cmd,[Play voice 108 from folder 41]
txt,,……
scr_cmd,[Show next arrow]
scr_cmd,[Wait for msg click]
scr_cmd,[Make active:1]
scr_cmd,[Erase text]
txt,,二人の力を見たい。
txt,,いいかな？
scr_cmd,[Show next arrow]
scr_cmd,[Wait for msg click]
scr_cmd,[Make active:6]
scr_cmd,[Erase text]
scr_cmd,[Play voice 109 from folder 41]
txt,,はい！！！
scr_cmd,[Show next arrow]
scr_cmd,[Wait for msg click]
scr_cmd,[Make active:5]
scr_cmd,[Erase text]
scr_cmd,[Play voice 110 from folder 41]
txt,,はい！！！
scr_cmd,[Show next arrow]
scr_cmd,[Wait for msg click]
scr_cmd,[ms wait:600]
scr_cmd,[Change Screen: Fadeout then Darken]
scr_cmd,[Script cleanup...]
scr_cmd,[Show BG image (wip:
scr_cmd,[Show char3with expr0at pos5on delay600]
scr_cmd,[Change Screen: Fadein then Lighten]
scr_cmd,[Make active:5]
scr_cmd,[Play voice 111 from folder 41]
txt,,試験、なさるのですか？
scr_cmd,[Show next arrow]
scr_cmd,[Wait for msg click]
scr_cmd,[Open nameless msg box atbottom-right]
scr_cmd,[Make active:3]
txt,,ここに辿り着いただけで、十分なんだが……
txt,,どうしても受けたいと聞かなくてね。
txt,,入ってから、
txt,,足手まといに思われるのはイヤだ、と。
txt,,必要ないなら、不合格にしてくれ、とね。
scr_cmd,[Show next arrow]
scr_cmd,[Wait for msg click]
scr_cmd,[Make active:5]
scr_cmd,[Erase text]
scr_cmd,[Play voice 112 from folder 41]
txt,,あらあら、それはそれは。
scr_cmd,[Show next arrow]
scr_cmd,[Wait for msg click]
scr_cmd,[Play voice 113 from folder 41]
txt,,けれんみのない性格ですこと。
scr_cmd,[Show next arrow]
scr_cmd,[Wait for msg click]
scr_cmd,[Play voice 114 from folder 41]
txt,,よろしいのではありませんか？
scr_cmd,[Show next arrow]
scr_cmd,[Wait for msg click]
scr_cmd,[Play voice 115 from folder 41]
txt,,いずれも、今のイノセンティアにはない、
txt,,貴重な存在になることでしょう。
scr_cmd,[Show next arrow]
scr_cmd,[Wait for msg click]
scr_cmd,[ms wait:600]
scr_cmd,[Change Screen: Fadeout then Darken]
scr_cmd,[Script cleanup...]
scr_cmd,Error: Unknown code:b'\x97\x00\x0c\x00'
scr_cmd,Error: Unknown code:b'\x0b\x00\x00 '
scr_cmd,Error: Unknown code:b'\x00\x00\x00 '
scr_cmd,[END SCENE]
