scr_cmd,[Change Screen: Darken ]
scr_cmd,[Show image &0x13de]
scr_cmd,Img params: X 0 Y 324 W 1024 H 128
scr_cmd,[Change Screen: Fadein then Lighten]
scr_cmd,[Wait for click?]
scr_cmd,[Change Screen: Fadeout then Darken]
scr_cmd,[Erase title]
scr_cmd,[ms wait:600]
scr_cmd,[Change Screen: Darken ]
scr_cmd,[Unknown code 1]
scr_cmd,[Play BGM #16]
scr_cmd,[Show BG image (wip:
scr_cmd,[Open nameless msg box atcenter]
scr_cmd,[Change Screen: Fadein then Lighten]
scr_cmd,[Make active:1]
txt,私達は、四大としてこれからも歩んでいく。
txt,自分たちと、仲間のことを知っておくことは、
txt,大切なことだ。
scr_cmd,[Show next arrow]
scr_cmd,[Wait for msg click]
scr_cmd,[Show char5with expr0at pos6on delay600]
scr_cmd,[Make active:6]
txt,……
scr_cmd,[Show next arrow]
scr_cmd,[Wait for msg click]
scr_cmd,[Make active:1]
scr_cmd,[Erase text]
txt,四大が今どんなことになっているのか。
txt,どんなことだっていい。
txt,知っていることを、伝えてほしい。
txt,……まずは聖セヴィエス。
txt,イリオン。
scr_cmd,[Show next arrow]
scr_cmd,[Wait for msg click]
scr_cmd,[Show char9with expr0at pos5on delay600]
scr_cmd,[Make active:5]
scr_cmd,[Play voice 0 from folder 24]
txt,それは、闇を退ける光。
scr_cmd,[Show next arrow]
scr_cmd,[Wait for msg click]
scr_cmd,[Play voice 1 from folder 24]
txt,それは、光の生み出す闇。
scr_cmd,[Show next arrow]
scr_cmd,[Wait for msg click]
scr_cmd,[Play voice 2 from folder 24]
txt,背反するふたつの力を両の手に併せ持つ、
txt,聖なる僧侶たちの集い……
scr_cmd,[Show next arrow]
scr_cmd,[Wait for msg click]
scr_cmd,[Erase text]
scr_cmd,[Make active:1]
scr_cmd,[Erase text]
txt,……
scr_cmd,[Make active:5]
scr_cmd,[Play voice 3 from folder 24]
txt,あの方たちは、エルメナスの北に座す、
txt,沈思の聖堂ファンディスペールで、
txt,厳格な修行に耐えておられました。
scr_cmd,[Show next arrow]
scr_cmd,[Wait for msg click]
scr_cmd,[Erase text]
scr_cmd,[Make active:5]
scr_cmd,[Play voice 4 from folder 24]
txt,聖セヴィエスは、沈黙の長
txt,ジルメア＝ファンヴァトゥークさまの
txt,愛弟子にして……
scr_cmd,[Show next arrow]
scr_cmd,[Wait for msg click]
scr_cmd,[Erase text]
scr_cmd,[Make active:5]
scr_cmd,[Play voice 5 from folder 24]
txt,闇への造詣深い、
txt,漆黒のナビロス＝ルシフージュさまが
txt,導いていらっしゃいます。
scr_cmd,[Show next arrow]
scr_cmd,[Wait for msg click]
scr_cmd,[Erase text]
scr_cmd,[Make active:5]
scr_cmd,[Play voice 6 from folder 24]
txt,パラダインは、聖セヴィエスの司る闇が、
txt,混沌の元凶であるとしました……
scr_cmd,[Show next arrow]
scr_cmd,[Wait for msg click]
scr_cmd,[Play voice 7 from folder 24]
txt,本当なら、魔術と対峙する上では、
txt,絶対の優位にあります。
scr_cmd,[Show next arrow]
scr_cmd,[Wait for msg click]
scr_cmd,[Erase text]
scr_cmd,[Make active:5]
scr_cmd,[Play voice 8 from folder 24]
txt,けれど、聖セヴィエスは敢えて、
txt,パラダインの膝下に跪きました……
scr_cmd,[Show next arrow]
scr_cmd,[Wait for msg click]
scr_cmd,[Erase text]
scr_cmd,[Make active:5]
scr_cmd,[Play voice 9 from folder 24]
txt,ロイヤル・センテ攻防戦では、
txt,その多くが犠牲となることを顧みず……
scr_cmd,[Show next arrow]
scr_cmd,[Wait for msg click]
scr_cmd,[Play voice 10 from folder 24]
txt,学級の枠を越えて、
txt,ボク達の撤退を支援してくれました。
scr_cmd,[Show next arrow]
scr_cmd,[Wait for msg click]
scr_cmd,[Erase text]
scr_cmd,[Make active:5]
scr_cmd,[Play voice 11 from folder 24]
txt,いいえ、ボク達だけじゃない……
scr_cmd,[Show next arrow]
scr_cmd,[Wait for msg click]
scr_cmd,[Play voice 12 from folder 24]
txt,聖セヴィエスを討ったパラダインにも、
txt,分け隔てることなく、加勢を……！
scr_cmd,[Show next arrow]
scr_cmd,[Wait for msg click]
scr_cmd,[Make active:6]
scr_cmd,[Erase text]
txt,……
scr_cmd,[Show next arrow]
scr_cmd,[Wait for msg click]
scr_cmd,[Make active:5]
scr_cmd,[Erase text]
scr_cmd,[Play voice 13 from folder 24]
txt,支柱フェルドナ＝パイロンさまは、
txt,巨躯を誇る鋼鉄の聖者。
scr_cmd,[Show next arrow]
scr_cmd,[Wait for msg click]
scr_cmd,[Play voice 14 from folder 24]
txt,まっすぐな剣に生きるは、
txt,アルシエ＝ベルサードさま。
scr_cmd,[Show next arrow]
scr_cmd,[Wait for msg click]
scr_cmd,[Erase text]
scr_cmd,[Make active:5]
scr_cmd,[Play voice 15 from folder 24]
txt,絹糸のシーラ＝エフィンさま、
txt,月詠みエレ＝ムーンセリスさま、
txt,輝けし姫君は、
txt,ファナ＝ヒュベリオスさま。
scr_cmd,[Show next arrow]
scr_cmd,[Wait for msg click]
scr_cmd,[Erase text]
scr_cmd,[Make active:5]
scr_cmd,[Play voice 16 from folder 24]
txt,聖セヴィエスは、
txt,ファナさまにすべてを託して、
txt,混沌に呑み込まれた、と……
scr_cmd,[Show next arrow]
scr_cmd,[Wait for msg click]
scr_cmd,[Erase text]
scr_cmd,[Make active:5]
scr_cmd,[Play voice 17 from folder 24]
txt,……ボク達純潔の盾は、
txt,何度もあの方たちとともに学びました。
scr_cmd,[Show next arrow]
scr_cmd,[Wait for msg click]
scr_cmd,[Play voice 18 from folder 24]
txt,いつかまた、かならず……
scr_cmd,[Show next arrow]
scr_cmd,[Wait for msg click]
scr_cmd,[Play voice 19 from folder 24]
txt,お会いしたい……です。
scr_cmd,[Show next arrow]
scr_cmd,[Wait for msg click]
scr_cmd,[Make active:6]
scr_cmd,[Erase text]
scr_cmd,[Play voice 20 from folder 24]
txt,ありがとう、イリオン。
scr_cmd,[Show next arrow]
scr_cmd,[Wait for msg click]
scr_cmd,[Make active:5]
scr_cmd,[Erase text]
scr_cmd,[Play voice 21 from folder 24]
txt,ファナさま……
scr_cmd,[Show next arrow]
scr_cmd,[Wait for msg click]
scr_cmd,[Make active:6]
scr_cmd,[Erase text]
txt,……
scr_cmd,[Make active:1]
scr_cmd,[Erase text]
txt,……いいだろう。
txt,座りなさい、イリオン。
scr_cmd,[Show next arrow]
scr_cmd,[Wait for msg click]
scr_cmd,[Make active:5]
scr_cmd,[Erase text]
scr_cmd,[Play voice 22 from folder 24]
txt,はい……
scr_cmd,[Show next arrow]
scr_cmd,[Wait for msg click]
scr_cmd,[Make active:1]
scr_cmd,[Erase text]
txt,パルミラ。
txt,パラダインを。
scr_cmd,[Show next arrow]
scr_cmd,[Wait for msg click]
scr_cmd,[Make active:5]
scr_cmd,[Erase text]
scr_cmd,[Change id 5 to character 3 with expr 0]
scr_cmd,[Unknown code 2]
scr_cmd,[Make active:5]
scr_cmd,[Play voice 23 from folder 24]
txt,屈指の魔術師を主軸に据える、叡智の殿堂。
scr_cmd,[Show next arrow]
scr_cmd,[Wait for msg click]
scr_cmd,[Play voice 24 from folder 24]
txt,いずれ劣らぬ強者たちが綺羅星の如く名を
txt,連らね、聖セヴィエスのない今、
txt,名実ともに最高峰に相応しい
txt,学級といえるでしょう。
scr_cmd,[Show next arrow]
scr_cmd,[Wait for msg click]
scr_cmd,[Erase text]
scr_cmd,[Make active:1]
scr_cmd,[Erase text]
txt,……
scr_cmd,[Make active:5]
scr_cmd,[Play voice 25 from folder 24]
txt,西方よりエルメナスを見下ろすは、
txt,煌く俊英の集う、物見の尖塔イリア。
scr_cmd,[Show next arrow]
scr_cmd,[Wait for msg click]
scr_cmd,[Play voice 26 from folder 24]
txt,比類なき正論の賢者、
txt,盲目のシュナイドラ＝バレスティが
txt,総帥を務めて七年。
scr_cmd,[Show next arrow]
scr_cmd,[Wait for msg click]
scr_cmd,[Erase text]
scr_cmd,[Make active:5]
scr_cmd,[Play voice 27 from folder 24]
txt,合理という名の魔術を駆使し、
txt,四大に列せられるや、
txt,わずか三年で、
txt,頂点へとその手をかけました。
scr_cmd,[Show next arrow]
scr_cmd,[Wait for msg click]
scr_cmd,[Erase text]
scr_cmd,[Make active:5]
scr_cmd,[Play voice 28 from folder 24]
txt,狙うは史上、もっとも困難とされる道、
txt,エルメナス十二王杯の獲得。
scr_cmd,[Show next arrow]
scr_cmd,[Wait for msg click]
scr_cmd,[Play voice 29 from folder 24]
txt,十二王杯とは即ち、いかなる混沌であれ、
txt,これを鎮める学び舎の至宝。
scr_cmd,[Show next arrow]
scr_cmd,[Wait for msg click]
scr_cmd,[Erase text]
scr_cmd,[Make active:5]
scr_cmd,[Play voice 30 from folder 24]
txt,強固な絆に結ばれた教え子たちのみならず、
txt,近年に新たなる血を加えて、
txt,悲願が叶う時は近いように感じます。
scr_cmd,[Show next arrow]
scr_cmd,[Wait for msg click]
scr_cmd,[Erase text]
scr_cmd,[Make active:5]
scr_cmd,[Play voice 31 from folder 24]
txt,言霊の驍将キーファー＝スターブリーズ、
txt,雷鳴イオナ＝ハーレル、
txt,炎迅ナフォトカ＝コルベット。
scr_cmd,[Show next arrow]
scr_cmd,[Wait for msg click]
scr_cmd,[Erase text]
scr_cmd,[Make active:5]
scr_cmd,[Play voice 32 from folder 24]
txt,老練なるハズバン＝シューニング、
txt,幼き水編みリリス＝セイレンエングラム、
txt,深緑のミュラー＝アスペンバージ。
scr_cmd,[Show next arrow]
scr_cmd,[Wait for msg click]
scr_cmd,[Erase text]
scr_cmd,[Make active:5]
scr_cmd,[Play voice 33 from folder 24]
txt,天聖ジェスター＝プラウディスの子、
txt,ニー＝プラウディス、
txt,懐刀にして豪剣マーベラ＝テトラ。
scr_cmd,[Show next arrow]
scr_cmd,[Wait for msg click]
scr_cmd,[Play voice 34 from folder 24]
txt,ここに純潔の盾から移籍した、
txt,オスキル＝ベインハートが名を連ねます。
scr_cmd,[Show next arrow]
scr_cmd,[Wait for msg click]
scr_cmd,[Erase text]
scr_cmd,[Make active:5]
scr_cmd,[Play voice 35 from folder 24]
txt,ロイヤル・センテ攻防戦では、
txt,果敢に戦いながらも、
txt,最後は得意の魔術で見事な撤退を演じました。
scr_cmd,[Show next arrow]
scr_cmd,[Wait for msg click]
scr_cmd,[Play voice 36 from folder 24]
txt,エルメナスの混沌を拭い去る急先鋒として、
txt,大きな期待を背負っています。
scr_cmd,[Show next arrow]
scr_cmd,[Wait for msg click]
scr_cmd,[Erase text]
scr_cmd,[Make active:5]
scr_cmd,[Play voice 37 from folder 24]
txt,けれど、わたくしは忘れないでしょう。
scr_cmd,[Show next arrow]
scr_cmd,[Wait for msg click]
scr_cmd,[Play voice 38 from folder 24]
txt,どんな理由があれ……
scr_cmd,[Show next arrow]
scr_cmd,[Wait for msg click]
scr_cmd,[Play voice 39 from folder 24]
txt,友を討った卑劣を、その志の冷たきを。
scr_cmd,[Show next arrow]
scr_cmd,[Wait for msg click]
scr_cmd,[Make active:1]
scr_cmd,[Erase text]
txt,……
txt,セシリスは、不動の橋立だったな。
scr_cmd,[Show next arrow]
scr_cmd,[Wait for msg click]
scr_cmd,[Make active:5]
scr_cmd,[Erase text]
txt,……
scr_cmd,[Make active:6]
scr_cmd,[Erase text]
scr_cmd,[Change id 6 to character 4 with expr 0]
scr_cmd,[Unknown code 2]
scr_cmd,[Make active:6]
scr_cmd,[Play voice 40 from folder 24]
txt,はい。
scr_cmd,[Show next arrow]
scr_cmd,[Wait for msg click]
scr_cmd,[Erase text]
scr_cmd,[Make active:1]
scr_cmd,[Erase text]
txt,……
scr_cmd,[Make active:6]
scr_cmd,[Play voice 41 from folder 24]
txt,屈強な戦士たちで結束された、
txt,重戦士の寄る辺。
scr_cmd,[Show next arrow]
scr_cmd,[Wait for msg click]
scr_cmd,[Play voice 42 from folder 24]
txt,礎、覇道の正柱、義に歩む霊魂の集い、
txt,其はゴスペルブラス。
scr_cmd,[Show next arrow]
scr_cmd,[Wait for msg click]
scr_cmd,[Erase text]
scr_cmd,[Make active:6]
scr_cmd,[Play voice 43 from folder 24]
txt,セラフの五高弟のひとり、
txt,ゴスペルグラード＝ラスパルマイセン
txt,を開祖とし、近接戦闘の猛者が集っています。
scr_cmd,[Show next arrow]
scr_cmd,[Wait for msg click]
scr_cmd,[Erase text]
scr_cmd,[Make active:6]
scr_cmd,[Play voice 44 from folder 24]
txt,学び舎の南、
txt,不動の橋立ガラハノフに深く刻まれる通り。
scr_cmd,[Show next arrow]
scr_cmd,[Wait for msg click]
scr_cmd,[Play voice 45 from folder 24]
txt,きみ高潔たれ、と教えています。
scr_cmd,[Show next arrow]
scr_cmd,[Wait for msg click]
scr_cmd,[Erase text]
scr_cmd,[Make active:6]
scr_cmd,[Play voice 46 from folder 24]
txt,先の戦いで、総帥ブラキ＝バトゥ様は、
txt,行方知れずとなり……
scr_cmd,[Show next arrow]
scr_cmd,[Wait for msg click]
scr_cmd,[Play voice 47 from folder 24]
txt,それでも不動の橋立は、
txt,屈強な戦士たちの手よって
txt,守られているのでしょう。
scr_cmd,[Show next arrow]
scr_cmd,[Wait for msg click]
scr_cmd,[Erase text]
scr_cmd,[Make active:6]
scr_cmd,[Play voice 48 from folder 24]
txt,若き剣帝パイロス＝フィクトバーン、
txt,老いてなお揺るぎ無い
txt,カドモス＝ブライシュア、
txt,鉄壁ヒューディ＝サザーランド。
scr_cmd,[Show next arrow]
scr_cmd,[Wait for msg click]
scr_cmd,[Erase text]
scr_cmd,[Make active:6]
scr_cmd,[Play voice 49 from folder 24]
txt,開祖の血を引くフリッカ＝ラスパルマイセン、
txt,そして新たなる血、
txt,魔術の申し子シリウス＝ミュージィ。
scr_cmd,[Show next arrow]
scr_cmd,[Wait for msg click]
scr_cmd,[Erase text]
scr_cmd,[Make active:6]
scr_cmd,[Play voice 50 from folder 24]
txt,ロイヤル・センテでは、
txt,多くの方々がしんがりを務められ……
scr_cmd,[Show next arrow]
scr_cmd,[Wait for msg click]
scr_cmd,[Play voice 51 from folder 24]
txt,逃げることも出来なかったのではないかと、
txt,心配でなりません。
scr_cmd,[Show next arrow]
scr_cmd,[Wait for msg click]
scr_cmd,[Erase text]
scr_cmd,[Make active:6]
scr_cmd,[Play voice 52 from folder 24]
txt,せめてその御恩に……
scr_cmd,[Show next arrow]
scr_cmd,[Wait for msg click]
scr_cmd,[Play voice 53 from folder 24]
txt,報いたいと思います。
scr_cmd,[Show next arrow]
scr_cmd,[Wait for msg click]
scr_cmd,[Make active:1]
scr_cmd,[Erase text]
txt,最後だ、ファナ。
txt,きみから見た純潔の盾を、
txt,忌憚なく聞かせてほしい。
scr_cmd,[Show next arrow]
scr_cmd,[Wait for msg click]
scr_cmd,[Make active:6]
scr_cmd,[Erase text]
txt,……
scr_cmd,[Make active:5]
scr_cmd,[Erase text]
scr_cmd,[Change id 5 to character 5 with expr 0]
scr_cmd,[Unknown code 2]
scr_cmd,[Make active:5]
txt,……
scr_cmd,[Show next arrow]
scr_cmd,[Wait for msg click]
scr_cmd,[Make active:1]
scr_cmd,[Erase text]
txt,さあ。
scr_cmd,[Show next arrow]
scr_cmd,[Wait for msg click]
scr_cmd,[Make active:5]
scr_cmd,[Erase text]
scr_cmd,[Play voice 54 from folder 24]
txt,……遥かなる古の英霊たち、
txt,その静かなる担い手。
scr_cmd,[Show next arrow]
scr_cmd,[Wait for msg click]
scr_cmd,[Play voice 55 from folder 24]
txt,デネヒア老を開祖とし、
txt,愛弟子のオルフェス先生が後を継いだものの、
txt,長くは続かなかった……
scr_cmd,[Show next arrow]
scr_cmd,[Wait for msg click]
scr_cmd,[Erase text]
scr_cmd,[Make active:1]
scr_cmd,[Erase text]
txt,……
scr_cmd,[Make active:5]
scr_cmd,[Play voice 56 from folder 24]
txt,かつて輝ける英雄達を、
txt,たくさん輩出した純潔の盾イノセンティア。
scr_cmd,[Show next arrow]
scr_cmd,[Wait for msg click]
scr_cmd,[Play voice 57 from folder 24]
txt,学び舎の東、
txt,白皙の城砦エンディミオンに集いしは、
txt,自由なる気風の名門。
scr_cmd,[Show next arrow]
scr_cmd,[Wait for msg click]
scr_cmd,[Erase text]
scr_cmd,[Make active:5]
scr_cmd,[Play voice 58 from folder 24]
txt,けど今は、
txt,試練の時を迎えているんだと思う。
scr_cmd,[Show next arrow]
scr_cmd,[Wait for msg click]
scr_cmd,[Erase text]
scr_cmd,[Make active:5]
scr_cmd,[Play voice 59 from folder 24]
txt,残されたセシリス＝フィノット、
txt,イリオン＝ヴィナットの二人は、
txt,入級三年目。
scr_cmd,[Show next arrow]
scr_cmd,[Wait for msg click]
scr_cmd,[Erase text]
scr_cmd,[Make active:5]
scr_cmd,[Play voice 60 from folder 24]
txt,まだ、多くを望むのは酷というもの。
scr_cmd,[Show next arrow]
scr_cmd,[Wait for msg click]
scr_cmd,[Play voice 61 from folder 24]
txt,剣将オスキルとは入れ違いで別れ、今また
txt,ロザリア＝オーディナーとの別れに耐える、
txt,それだけでも大変だ。
scr_cmd,[Show next arrow]
scr_cmd,[Wait for msg click]
scr_cmd,[Erase text]
scr_cmd,[Make active:5]
scr_cmd,[Play voice 62 from folder 24]
txt,結局、
txt,無敵のトライデンタと呼ばれた中軸も、
txt,今やパルミラ＝ルーベルドラクロアひとり。
scr_cmd,[Show next arrow]
scr_cmd,[Wait for msg click]
scr_cmd,[Erase text]
scr_cmd,[Make active:5]
scr_cmd,[Play voice 63 from folder 24]
txt,ロイヤル・センテ攻防戦では、
txt,半数の子供たちが戻らなかったと言う。
scr_cmd,[Show next arrow]
scr_cmd,[Wait for msg click]
scr_cmd,[Play voice 64 from folder 24]
txt,純潔の盾に歩んだ少年剣士は、
txt,クリス＝パラジン、
txt,アクセル＝エンフォージ。
scr_cmd,[Show next arrow]
scr_cmd,[Wait for msg click]
scr_cmd,[Erase text]
scr_cmd,[Make active:5]
scr_cmd,[Play voice 65 from folder 24]
txt,双子の鉄壁グレイブ、
txt,バルディは重戦士。
scr_cmd,[Show next arrow]
scr_cmd,[Wait for msg click]
scr_cmd,[Play voice 66 from folder 24]
txt,魔術師見習いユーリィ＝ウィンクヴァレー。
scr_cmd,[Show next arrow]
scr_cmd,[Wait for msg click]
scr_cmd,[Erase text]
scr_cmd,[Make active:5]
scr_cmd,[Play voice 67 from folder 24]
txt,聖セヴィエスと純潔の盾は、
txt,何度も一緒に講義をしたし、
txt,冒険もしてきました。
scr_cmd,[Show next arrow]
scr_cmd,[Wait for msg click]
scr_cmd,[Erase text]
scr_cmd,[Make active:5]
scr_cmd,[Play voice 68 from folder 24]
txt,形にとらわれないで、
txt,いろんな子が自由に学んでるのを見て、
txt,羨ましいって思ったことも、あったっけ……
scr_cmd,[Show next arrow]
scr_cmd,[Wait for msg click]
scr_cmd,[Erase text]
scr_cmd,[Make active:5]
scr_cmd,[Play voice 69 from folder 24]
txt,きっとどこかでがんばっている……
scr_cmd,[Show next arrow]
scr_cmd,[Wait for msg click]
scr_cmd,[Play voice 70 from folder 24]
txt,聖セヴィエスのみんなが
txt,そうであると信じるように。
scr_cmd,[Show next arrow]
scr_cmd,[Wait for msg click]
scr_cmd,[Play voice 71 from folder 24]
txt,わたしはそう思います。
scr_cmd,[Show next arrow]
scr_cmd,[Wait for msg click]
scr_cmd,[Make active:1]
scr_cmd,[Erase text]
txt,みんな、よく調べた。
txt,それを踏まえた上で、
txt,あとひとつ、ここまでやっておきたい。
txt,つまり、エルメナスにおける四大とは何か。
txt,セシリス。
scr_cmd,[Show next arrow]
scr_cmd,[Wait for msg click]
scr_cmd,[Make active:5]
scr_cmd,[Erase text]
txt,……
scr_cmd,[Make active:6]
scr_cmd,[Erase text]
scr_cmd,[Play voice 72 from folder 24]
txt,はい。
scr_cmd,[Show next arrow]
scr_cmd,[Wait for msg click]
scr_cmd,[Play voice 73 from folder 24]
txt,幾つもあるエルメナスの学級の内から、
txt,その成果と推薦とによって選ばれる、
txt,わずかに四つの学級です。
scr_cmd,[Show next arrow]
scr_cmd,[Wait for msg click]
scr_cmd,[Make active:1]
scr_cmd,[Erase text]
txt,成果とは？
scr_cmd,[Show next arrow]
scr_cmd,[Wait for msg click]
scr_cmd,[Make active:6]
scr_cmd,[Erase text]
scr_cmd,[Play voice 74 from folder 24]
txt,講義も、冒険も、
txt,わたしたちのいろんなこともぜんぶ、
txt,たくさんの賢者様がご覧になっていると、
txt,聞いたことがあります。
scr_cmd,[Show next arrow]
scr_cmd,[Wait for msg click]
scr_cmd,[Erase text]
scr_cmd,[Make active:1]
scr_cmd,[Erase text]
txt,……
scr_cmd,[Make active:6]
scr_cmd,[Play voice 75 from folder 24]
txt,だから、四大であるということは、
txt,とても光栄なことなのだと、思います。
scr_cmd,[Show next arrow]
scr_cmd,[Wait for msg click]
scr_cmd,[Make active:1]
scr_cmd,[Erase text]
txt,四大の責務は？
txt,ファナ。
scr_cmd,[Show next arrow]
scr_cmd,[Wait for msg click]
scr_cmd,[Make active:6]
scr_cmd,[Erase text]
txt,……
scr_cmd,[Make active:5]
scr_cmd,[Erase text]
scr_cmd,[Play voice 76 from folder 24]
txt,中央校舎を守る四方位の居城に入り、
txt,これを守護するべく務めること。
scr_cmd,[Show next arrow]
scr_cmd,[Wait for msg click]
scr_cmd,[Play voice 77 from folder 24]
txt,十二王杯を競い合い、切磋琢磨すること。
scr_cmd,[Show next arrow]
scr_cmd,[Wait for msg click]
scr_cmd,[Play voice 78 from folder 24]
txt,賢者となるべく、歩むこと。
scr_cmd,[Show next arrow]
scr_cmd,[Wait for msg click]
scr_cmd,[Make active:1]
scr_cmd,[Erase text]
txt,いいだろう。
txt,では、この大事にあってなお、
txt,なぜ四つに分かれていると思う？
txt,イリオン。
scr_cmd,[Show next arrow]
scr_cmd,[Wait for msg click]
scr_cmd,[Make active:5]
scr_cmd,[Erase text]
txt,……
scr_cmd,[Make active:6]
scr_cmd,[Erase text]
scr_cmd,[Change id 6 to character 9 with expr 0]
scr_cmd,[Unknown code 2]
scr_cmd,[Make active:6]
scr_cmd,[Play voice 79 from folder 24]
txt,えと……
scr_cmd,[Show next arrow]
scr_cmd,[Wait for msg click]
scr_cmd,[Play voice 80 from folder 24]
txt,つまり、その。
scr_cmd,[Show next arrow]
scr_cmd,[Wait for msg click]
scr_cmd,[Play voice 81 from folder 24]
txt,ボクが、ボクであるように。
scr_cmd,[Show next arrow]
scr_cmd,[Wait for msg click]
scr_cmd,[Erase text]
scr_cmd,[Make active:1]
scr_cmd,[Erase text]
txt,……
scr_cmd,[Make active:6]
scr_cmd,[Play voice 82 from folder 24]
txt,パルミラさんが、
txt,パルミラさんであるように……
scr_cmd,[Show next arrow]
scr_cmd,[Wait for msg click]
scr_cmd,[Play voice 83 from folder 24]
txt,ええと、あれ？
scr_cmd,[Show next arrow]
scr_cmd,[Wait for msg click]
scr_cmd,[Make active:5]
scr_cmd,[Erase text]
scr_cmd,[Play voice 84 from folder 24]
txt,しっかりしろ。
scr_cmd,[Show next arrow]
scr_cmd,[Wait for msg click]
scr_cmd,[Make active:6]
scr_cmd,[Erase text]
txt,……
scr_cmd,[Make active:1]
scr_cmd,[Erase text]
txt,いや、なかなかどうして、
txt,おもしろいところを突いてる。
txt,ならば、もしひとつだったら？
scr_cmd,[Show next arrow]
scr_cmd,[Wait for msg click]
scr_cmd,[Make active:5]
scr_cmd,[Erase text]
scr_cmd,[Play voice 85 from folder 24]
txt,気に食わないヤツと、
txt,いっつも一緒にいなきゃなんない。
scr_cmd,[Show next arrow]
scr_cmd,[Wait for msg click]
scr_cmd,[Make active:1]
scr_cmd,[Erase text]
txt,ほかには？
scr_cmd,[Show next arrow]
scr_cmd,[Wait for msg click]
scr_cmd,[Make active:5]
scr_cmd,[Erase text]
txt,……
scr_cmd,[Make active:6]
scr_cmd,[Erase text]
scr_cmd,[Play voice 86 from folder 24]
txt,もし、もしも、ボクがいるだけで……
scr_cmd,[Show next arrow]
scr_cmd,[Wait for msg click]
scr_cmd,[Play voice 87 from folder 24]
txt,パルミラさんや、
txt,ファナさまがいなくなる
txt,ってことだとしたら……
scr_cmd,[Show next arrow]
scr_cmd,[Wait for msg click]
scr_cmd,[Play voice 88 from folder 24]
txt,ボクは、ひとりぼっちになってしまいます。
scr_cmd,[Show next arrow]
scr_cmd,[Wait for msg click]
scr_cmd,[Make active:1]
scr_cmd,[Erase text]
txt,……
scr_cmd,[Show next arrow]
scr_cmd,[Wait for msg click]
scr_cmd,[Make active:6]
scr_cmd,[Erase text]
scr_cmd,[Change id 6 to character 4 with expr 0]
scr_cmd,[Unknown code 2]
scr_cmd,[Make active:6]
scr_cmd,[Play voice 89 from folder 24]
txt,それは、つまり……
scr_cmd,[Show next arrow]
scr_cmd,[Wait for msg click]
scr_cmd,[Play voice 90 from folder 24]
txt,困っている時に……
scr_cmd,[Show next arrow]
scr_cmd,[Wait for msg click]
scr_cmd,[Play voice 91 from folder 24]
txt,助けてあげられないから、ですか？
scr_cmd,[Show next arrow]
scr_cmd,[Wait for msg click]
scr_cmd,[Make active:1]
scr_cmd,[Erase text]
txt,いいこたえだ、ふたりとも。
scr_cmd,[Show next arrow]
scr_cmd,[Wait for msg click]
scr_cmd,[Make active:6]
scr_cmd,[Erase text]
scr_cmd,[Play voice 92 from folder 24]
txt,ぁ……
scr_cmd,[Show next arrow]
scr_cmd,[Wait for msg click]
scr_cmd,[Make active:1]
scr_cmd,[Erase text]
txt,……
scr_cmd,[Make active:5]
scr_cmd,[Erase text]
scr_cmd,[Change id 5 to character 3 with expr 0]
scr_cmd,[Unknown code 2]
scr_cmd,[Make active:5]
scr_cmd,[Play voice 93 from folder 24]
txt,互いに支えあう、そんな四大であるために。
scr_cmd,[Show next arrow]
scr_cmd,[Wait for msg click]
scr_cmd,[Make active:6]
scr_cmd,[Erase text]
txt,……
scr_cmd,[Make active:1]
scr_cmd,[Erase text]
txt,そうだ。
txt,そのために、まずは、
txt,エンディミオンに戻ろう。
scr_cmd,[Show next arrow]
scr_cmd,[Wait for msg click]
scr_cmd,[Erase text]
scr_cmd,[Make active:5]
scr_cmd,[Erase text]
txt,……
scr_cmd,[Make active:1]
txt,また、あの美しい白皙の城砦で、学ぼう。
txt,たとえ、ゆっくりとしか進めなくても。
scr_cmd,[Show next arrow]
scr_cmd,[Wait for msg click]
scr_cmd,[Make active:5]
scr_cmd,[Erase text]
txt,……
scr_cmd,[Show next arrow]
scr_cmd,[Wait for msg click]
scr_cmd,[Make active:1]
scr_cmd,[Erase text]
txt,私はそうしたいと思う。
txt,きみたちは、どうだ？
scr_cmd,[Show next arrow]
scr_cmd,[Wait for msg click]
scr_cmd,[Make active:5]
scr_cmd,[Erase text]
scr_cmd,[Change id 5 to character 9 with expr 0]
scr_cmd,[Unknown code 2]
scr_cmd,[Make active:5]
scr_cmd,[Play voice 94 from folder 24]
txt,あ……
scr_cmd,[Show next arrow]
scr_cmd,[Wait for msg click]
scr_cmd,[Make active:6]
scr_cmd,[Erase text]
txt,……
scr_cmd,[Show next arrow]
scr_cmd,[Wait for msg click]
scr_cmd,[Make active:1]
scr_cmd,[Erase text]
txt,……
scr_cmd,[Make active:6]
scr_cmd,[Erase text]
scr_cmd,[Change id 6 to character 5 with expr 0]
scr_cmd,[Unknown code 2]
scr_cmd,[Make active:6]
scr_cmd,[Play voice 95 from folder 24]
txt,ぜったい、がんばろう！！
scr_cmd,[Show next arrow]
scr_cmd,[Wait for msg click]
scr_cmd,[Play voice 96 from folder 24]
txt,ね☆
scr_cmd,[Show next arrow]
scr_cmd,[Wait for msg click]
scr_cmd,[Erase text]
scr_cmd,[Change id 6 to character 4 with expr 0]
scr_cmd,[Unknown code 2]
scr_cmd,[Make active:5]
scr_cmd,[Erase text]
scr_cmd,[Play voice 97 from folder 24]
txt,はい！！
scr_cmd,[Show next arrow]
scr_cmd,[Wait for msg click]
scr_cmd,[Make active:6]
scr_cmd,[Play voice 98 from folder 24]
txt,はい！！
scr_cmd,[Show next arrow]
scr_cmd,[Wait for msg click]
scr_cmd,[ms wait:600]
scr_cmd,[Change Screen: Fadeout then Darken]
scr_cmd,[Script cleanup...]
scr_cmd,Error: Unknown code:b'\x97\x00\x0c\x00'
scr_cmd,Error: Unknown code:b'\x10\x00\x00 '
scr_cmd,Error: Unknown code:b'\x01\x00\x00 '
scr_cmd,Error: Unknown code:b'[\x00\x0c\x00'
scr_cmd,Error: Unknown code:b'\x08\x00\x00 '
scr_cmd,Error: Unknown code:b'\x02\x00\x00 '
scr_cmd,[END SCENE]
