scr_cmd,[Change Screen: Darken ]
scr_cmd,[Show image &0x402]
scr_cmd,Img params: X 0 Y 324 W 1024 H 128
scr_cmd,[Change Screen: Fadein then Lighten]
scr_cmd,[Wait for click?]
scr_cmd,[Change Screen: Fadeout then Darken]
scr_cmd,[Erase title]
scr_cmd,[ms wait:600]
scr_cmd,[Change Screen: Darken ]
scr_cmd,[Unknown code 1]
scr_cmd,[Play BGM #9]
scr_cmd,[Show BG image (wip:
scr_cmd,[Show char16with expr0at pos8on delay600]
scr_cmd,[Change Screen: Fadein then Lighten]
scr_cmd,[Make active:8]
txt,,……
scr_cmd,[Show next arrow]
scr_cmd,[Wait for msg click]
scr_cmd,[Show char17with expr0at pos7on delay600]
scr_cmd,[Make active:7]
txt,,……
scr_cmd,[Show next arrow]
scr_cmd,[Wait for msg click]
scr_cmd,[Open nameless msg box atbottom center]
scr_cmd,[Make active:4]
txt,,そうか……
txt,,エンディミオンへの路は、封じられているか。
scr_cmd,[Show next arrow]
scr_cmd,[Wait for msg click]
scr_cmd,[Make active:8]
scr_cmd,[Erase text]
txt,,グレナディンに仕切っているヤツがいる。
txt,,けど、オレたちだけじゃ、
txt,,玄室への門を守ることだって危うい。
scr_cmd,[Show next arrow]
scr_cmd,[Wait for msg click]
scr_cmd,[Make active:4]
scr_cmd,[Erase text]
txt,,……
scr_cmd,[Show next arrow]
scr_cmd,[Wait for msg click]
scr_cmd,[Make active:8]
scr_cmd,[Erase text]
txt,,……
scr_cmd,[Make active:7]
scr_cmd,[Erase text]
txt,,守護塔と聖者の泉がなければ……
txt,,ここにとどまることは、考えませんでした。
txt,,もっとも。
scr_cmd,[Show next arrow]
scr_cmd,[Wait for msg click]
scr_cmd,[Erase text]
txt,,どちらを選んでも、
txt,,わたし達ふたりには……
txt,,陽の光が遠すぎることには、
txt,,違いありませんが。
scr_cmd,[Show next arrow]
scr_cmd,[Wait for msg click]
scr_cmd,[Make active:8]
scr_cmd,[Erase text]
txt,,……逃げ込んだところまではよかったけどな。
txt,,その後、出るに出られなくなった。
txt,,今だにそうだが、
txt,,間抜けさ加減に腹が立ったよ……
scr_cmd,[Show next arrow]
scr_cmd,[Wait for msg click]
scr_cmd,[Make active:7]
scr_cmd,[Erase text]
txt,,……
scr_cmd,[Make active:4]
scr_cmd,[Erase text]
scr_cmd,[Change box 4 to 9 and change chr 3 expression to 0]
scr_cmd,[Show char3with expr0at pos9on delay600]
scr_cmd,[Make active:9]
txt,,もう、良いではありませんか。
txt,,おかげでわたくしたちは、こうして出会った。
txt,,互いに力を尽くして、今があるのですから。
scr_cmd,[Show next arrow]
scr_cmd,[Wait for msg click]
scr_cmd,[Make active:7]
scr_cmd,[Erase text]
scr_cmd,[Make active:8]
scr_cmd,[Erase text]
scr_cmd,[Make active:7]
txt,,……
scr_cmd,[Make active:8]
txt,,……
scr_cmd,[Show next arrow]
scr_cmd,[Wait for msg click]
scr_cmd,[Make active:9]
scr_cmd,[Erase text]
txt,,みんな、ふたりとの合流を、喜んでいます。
txt,,もちろん、先生も、わたくしも。
txt,,……あとはそう。
txt,,先へと進むだけですわ。
scr_cmd,[Show next arrow]
scr_cmd,[Wait for msg click]
scr_cmd,[Make active:7]
scr_cmd,[Erase text]
scr_cmd,[Make active:8]
scr_cmd,[Erase text]
scr_cmd,[Make active:7]
txt,,……はい。
scr_cmd,[Make active:8]
txt,,……はい。
scr_cmd,[Show next arrow]
scr_cmd,[Wait for msg click]
scr_cmd,[Make active:9]
scr_cmd,[Erase text]
scr_cmd,[Change box 9 to 4 and change chr 255 expression to 255]
scr_cmd,Error: Unknown code:b'\x18\x00\x0c\x00'
scr_cmd,Error: Unknown code:b'\x04\x00\x00 '
scr_cmd,Error: Unknown code:b'\x01\x00\x00 '
scr_cmd,[Make active:4]
txt,,……
txt,,二週間、ここに留まる。
txt,,きみたちの力に、期待している。
scr_cmd,[Show next arrow]
scr_cmd,[Wait for msg click]
scr_cmd,[Make active:8]
scr_cmd,[Erase text]
txt,,……
scr_cmd,[Make active:7]
scr_cmd,[Erase text]
txt,,……微力ながら、力を尽くします。
scr_cmd,[Show next arrow]
scr_cmd,[Wait for msg click]
scr_cmd,[Make active:4]
scr_cmd,[Erase text]
txt,,……
scr_cmd,[Make active:8]
scr_cmd,[Erase text]
txt,,それが、オレたちの立てた誓いだから。
scr_cmd,[Show next arrow]
scr_cmd,[Wait for msg click]
scr_cmd,[ms wait:600]
scr_cmd,[Change Screen: Fadeout then Darken]
scr_cmd,[Script cleanup...]
scr_cmd,Error: Unknown code:b'\x97\x00\x0c\x00'
scr_cmd,Error: Unknown code:b'\t\x00\x00 '
scr_cmd,Error: Unknown code:b'\x01\x00\x00 '
scr_cmd,Error: Unknown code:b'[\x00\x0c\x00'
scr_cmd,Error: Unknown code:b'z\x00\x00 '
scr_cmd,Error: Unknown code:b'\x02\x00\x00 '
scr_cmd,[END SCENE]
