scr_cmd,[Change Screen: Darken ]
scr_cmd,[Unknown code 1]
scr_cmd,[Play BGM #7]
scr_cmd,[Show BG image (wip:
scr_cmd,[Open nameless msg box atcenter]
scr_cmd,[Change Screen: Fadein then Lighten]
scr_cmd,[Make active:1]
txt,≪ついに、エンディミオン攻略か……
txt,　奪還がなれば、ゴスペルブラスに
txt,　返す言葉も生まれるだろう。
txt,　パルミラも、ファナも、誰もが、
txt,　自信を持てるようになる。≫
scr_cmd,[Show next arrow]
scr_cmd,[Wait for msg click]
scr_cmd,[Erase text]
txt,≪パルミラ、ファナ、アルシエ、
txt,　セシリス、イリオン、シャロン、
txt,　キャロット、ケスト……
txt,　わずか三人から始めて、
txt,　よくも、ここまで揃った。≫
scr_cmd,[Show next arrow]
scr_cmd,[Wait for msg click]
scr_cmd,[Erase text]
txt,≪……もしも、エンディミオンにロバリーが
txt,　捕えられているのが本当なら。
txt,　それを成したのは、パラダインか、
txt,　ゴスペルブラスか、
txt,　それとも賢者の円卓か。≫
scr_cmd,[Show next arrow]
scr_cmd,[Wait for msg click]
scr_cmd,[Erase text]
txt,≪……
txt,　ロイヤル・センテが落ちて、
txt,　にわかに時代が変わったようだ。≫
scr_cmd,[Show next arrow]
scr_cmd,[Wait for msg click]
scr_cmd,[Erase text]
txt,もっとも、この世のためには、
txt,あいつは牢にいるべきかもしれないが……
txt,そこに苦しむ生命あらば、だな。
scr_cmd,[Show next arrow]
scr_cmd,[Wait for msg click]
scr_cmd,[Erase text]
txt,ふむ、しかし。
txt,あいつが苦しんでいる姿なんて、
txt,想像もつかないな。
scr_cmd,[Show next arrow]
scr_cmd,[Wait for msg click]
scr_cmd,[ms wait:600]
scr_cmd,[Change Screen: Fadeout then Darken]
scr_cmd,[Script cleanup...]
scr_cmd,[END SCENE]
