scr_cmd,[Change Screen: Darken ]
scr_cmd,[Unknown code 1]
scr_cmd,[Play BGM #6]
scr_cmd,[Show BG image (wip:
scr_cmd,[Show char23with expr0at pos7on delay600]
scr_cmd,[Change Screen: Fadein then Lighten]
scr_cmd,[Make active:7]
txt,お逢いできて光栄です、純潔の盾の長さま。
scr_cmd,[Show next arrow]
scr_cmd,[Wait for msg click]
scr_cmd,[Show char22with expr0at pos9on delay600]
scr_cmd,[Make active:9]
txt,危険を顧みず……
txt,救いの手を差し延べてくださったことを、
txt,わたくし達は忘れません。
scr_cmd,[Show next arrow]
scr_cmd,[Wait for msg click]
scr_cmd,[Make active:7]
scr_cmd,[Erase text]
txt,……
scr_cmd,[Show char24with expr0at pos8on delay600]
scr_cmd,[Make active:8]
txt,師ナビロスに代わり……
txt,深く感謝いたします。
scr_cmd,[Show next arrow]
scr_cmd,[Wait for msg click]
scr_cmd,[Make active:9]
scr_cmd,[Erase text]
scr_cmd,[Change box 9 to 4 and change chr 255 expression to 255]
scr_cmd,Error: Unknown code:b'\x18\x00\x0c\x00'
scr_cmd,Error: Unknown code:b'\x04\x00\x00 '
scr_cmd,Error: Unknown code:b'\x01\x00\x00 '
scr_cmd,[Make active:4]
txt,……
scr_cmd,[Show next arrow]
scr_cmd,[Wait for msg click]
scr_cmd,[Make active:8]
scr_cmd,[Erase text]
scr_cmd,[Change id 8 to character 5 with expr 0]
scr_cmd,[Unknown code 2]
scr_cmd,[Make active:8]
txt,みんな……
txt,よかった。
scr_cmd,[Show next arrow]
scr_cmd,[Wait for msg click]
scr_cmd,[Make active:4]
scr_cmd,[Erase text]
scr_cmd,[Change box 4 to 9 and change chr 22 expression to 0]
scr_cmd,[Show char22with expr0at pos9on delay600]
scr_cmd,[Make active:9]
txt,ファナ。
scr_cmd,[Show next arrow]
scr_cmd,[Wait for msg click]
scr_cmd,[Make active:8]
scr_cmd,[Erase text]
txt,エレ。
scr_cmd,[Show next arrow]
scr_cmd,[Wait for msg click]
scr_cmd,[Make active:9]
scr_cmd,[Erase text]
txt,……
scr_cmd,[Make active:7]
scr_cmd,[Erase text]
txt,やはり、あなたは無事だった。
scr_cmd,[Show next arrow]
scr_cmd,[Wait for msg click]
scr_cmd,[Make active:8]
scr_cmd,[Erase text]
txt,シーラ。
scr_cmd,[Show next arrow]
scr_cmd,[Wait for msg click]
scr_cmd,[Make active:7]
scr_cmd,[Erase text]
txt,……
scr_cmd,[Make active:9]
scr_cmd,[Erase text]
scr_cmd,[Change id 9 to character 24 with expr 0]
scr_cmd,[Unknown code 2]
scr_cmd,[Make active:9]
txt,ありがとう。
scr_cmd,[Show next arrow]
scr_cmd,[Wait for msg click]
scr_cmd,[Make active:8]
scr_cmd,[Erase text]
txt,フェルドナ。
scr_cmd,[Show next arrow]
scr_cmd,[Wait for msg click]
scr_cmd,[Make active:9]
scr_cmd,[Erase text]
txt,……
scr_cmd,[Make active:7]
scr_cmd,[Erase text]
txt,……
scr_cmd,[Show next arrow]
scr_cmd,[Wait for msg click]
scr_cmd,[Make active:8]
scr_cmd,[Erase text]
txt,どうした……？
txt,なぜそんな、下を向く？
scr_cmd,[Show next arrow]
scr_cmd,[Wait for msg click]
scr_cmd,[Make active:9]
scr_cmd,[Erase text]
scr_cmd,[Change id 9 to character 22 with expr 0]
scr_cmd,[Unknown code 2]
scr_cmd,[Make active:9]
txt,……
scr_cmd,[Show next arrow]
scr_cmd,[Wait for msg click]
scr_cmd,[Make active:8]
scr_cmd,[Erase text]
txt,フェルドナ、シーラ、エレ！
scr_cmd,[Show next arrow]
scr_cmd,[Wait for msg click]
scr_cmd,[Make active:7]
scr_cmd,[Erase text]
scr_cmd,[Change id 7 to character 24 with expr 0]
scr_cmd,[Unknown code 2]
scr_cmd,[Make active:7]
txt,……
scr_cmd,[Show next arrow]
scr_cmd,[Wait for msg click]
scr_cmd,[Make active:8]
scr_cmd,[Erase text]
txt,アルシエがいる！
txt,あたしがいる！
txt,聖セヴィエスを、もう一度、
txt,復興できるだろう！？
scr_cmd,[Show next arrow]
scr_cmd,[Wait for msg click]
scr_cmd,[Make active:9]
scr_cmd,[Erase text]
txt,……それでこそ、ファナ＝ヒュベリオス。
txt,あの時、あなたにすべてを託したのは、
txt,正しかったのですね。
scr_cmd,[Show next arrow]
scr_cmd,[Wait for msg click]
scr_cmd,[Make active:8]
scr_cmd,[Erase text]
txt,エレ……？
scr_cmd,[Show next arrow]
scr_cmd,[Wait for msg click]
scr_cmd,[Make active:9]
scr_cmd,[Erase text]
txt,……
scr_cmd,[Make active:7]
scr_cmd,[Erase text]
scr_cmd,[Change id 7 to character 23 with expr 0]
scr_cmd,[Unknown code 2]
scr_cmd,[Make active:7]
txt,大切なのは、
txt,聖セヴィエスという名ではありません。
scr_cmd,[Show next arrow]
scr_cmd,[Wait for msg click]
scr_cmd,[Make active:8]
scr_cmd,[Erase text]
txt,……！
scr_cmd,[Show next arrow]
scr_cmd,[Wait for msg click]
scr_cmd,[Make active:7]
scr_cmd,[Erase text]
txt,ナビロス様はおっしゃった。
txt,誰かが、
txt,支えなければならないものがあるのだ、と。
scr_cmd,[Show next arrow]
scr_cmd,[Wait for msg click]
scr_cmd,[Make active:8]
scr_cmd,[Erase text]
txt,え……？
scr_cmd,[Show next arrow]
scr_cmd,[Wait for msg click]
scr_cmd,[Make active:7]
scr_cmd,[Erase text]
txt,……
scr_cmd,[Make active:9]
scr_cmd,[Erase text]
txt,あなたは見つけた。
txt,そうでしょう、ファナ？
txt,あなたが支えなければならないものを、
txt,見つけた。
scr_cmd,[Show next arrow]
scr_cmd,[Wait for msg click]
scr_cmd,[Make active:8]
scr_cmd,[Erase text]
txt,ぁ……
scr_cmd,[Show next arrow]
scr_cmd,[Wait for msg click]
scr_cmd,[Make active:9]
scr_cmd,[Erase text]
txt,……
scr_cmd,[Make active:7]
scr_cmd,[Erase text]
txt,だからわたくし達も。
txt,わたくし達にしかできないことを、成します。
txt,あなたのまばゆい輝きに、負けぬよう。
scr_cmd,[Show next arrow]
scr_cmd,[Wait for msg click]
scr_cmd,[Make active:8]
scr_cmd,[Erase text]
txt,……
scr_cmd,[Show next arrow]
scr_cmd,[Wait for msg click]
scr_cmd,[Make active:7]
scr_cmd,[Erase text]
scr_cmd,[Change id 7 to character 24 with expr 0]
scr_cmd,[Unknown code 2]
scr_cmd,[Make active:7]
txt,純潔の盾が戦うこの時にも……
txt,エルメナスには傷ついた人々が、
txt,それぞれ精一杯に戦っている。
scr_cmd,[Show next arrow]
scr_cmd,[Wait for msg click]
scr_cmd,[Make active:9]
scr_cmd,[Erase text]
txt,支えたいのです。
txt,そうすることが……
txt,ここでともに歩むこと同様に、
txt,力になると信じるからこそ。
scr_cmd,[Show next arrow]
scr_cmd,[Wait for msg click]
scr_cmd,[Make active:7]
scr_cmd,[Erase text]
txt,……
scr_cmd,[Make active:8]
scr_cmd,[Erase text]
txt,……
scr_cmd,[Show next arrow]
scr_cmd,[Wait for msg click]
scr_cmd,[Make active:9]
scr_cmd,[Erase text]
scr_cmd,[Change box 9 to 4 and change chr 255 expression to 255]
scr_cmd,Error: Unknown code:b'\x18\x00\x0c\x00'
scr_cmd,Error: Unknown code:b'\x04\x00\x00 '
scr_cmd,Error: Unknown code:b'\x01\x00\x00 '
scr_cmd,[Make active:4]
txt,ファナ。
scr_cmd,[Show next arrow]
scr_cmd,[Wait for msg click]
scr_cmd,[Make active:8]
scr_cmd,[Erase text]
txt,先生……！
scr_cmd,[Show next arrow]
scr_cmd,[Wait for msg click]
scr_cmd,[Make active:4]
scr_cmd,[Erase text]
txt,……
scr_cmd,[Show next arrow]
scr_cmd,[Wait for msg click]
scr_cmd,[Make active:8]
scr_cmd,[Erase text]
txt,こんなの……
scr_cmd,[Show next arrow]
scr_cmd,[Wait for msg click]
scr_cmd,[Make active:4]
scr_cmd,[Erase text]
txt,……ファナ。
scr_cmd,[Show next arrow]
scr_cmd,[Wait for msg click]
scr_cmd,[Make active:8]
scr_cmd,[Erase text]
txt,はい……
scr_cmd,[Show next arrow]
scr_cmd,[Wait for msg click]
scr_cmd,[Make active:4]
scr_cmd,[Erase text]
txt,……私は君の手をとった。
scr_cmd,[Show next arrow]
scr_cmd,[Wait for msg click]
scr_cmd,[Make active:8]
scr_cmd,[Erase text]
txt,先生は……
txt,先生は、あたしの想いを……
txt,汲んで下さいました。
scr_cmd,[Show next arrow]
scr_cmd,[Wait for msg click]
scr_cmd,[Make active:4]
scr_cmd,[Erase text]
txt,ああ……
scr_cmd,[Show next arrow]
scr_cmd,[Wait for msg click]
scr_cmd,[Make active:8]
scr_cmd,[Erase text]
txt,エレ……
txt,シーラ……
txt,フェルドナ……
scr_cmd,[Show next arrow]
scr_cmd,[Wait for msg click]
scr_cmd,[Make active:4]
scr_cmd,[Erase text]
txt,……
scr_cmd,[Show next arrow]
scr_cmd,[Wait for msg click]
scr_cmd,[Make active:8]
scr_cmd,[Erase text]
txt,今度は、あたしが……
txt,みんなの想いを汲む番、です。
scr_cmd,[Show next arrow]
scr_cmd,[Wait for msg click]
scr_cmd,[Make active:4]
scr_cmd,[Erase text]
txt,……いい子だ、ファナ。
scr_cmd,[Show next arrow]
scr_cmd,[Wait for msg click]
scr_cmd,[Make active:8]
scr_cmd,[Erase text]
txt,……
scr_cmd,[Show next arrow]
scr_cmd,[Wait for msg click]
scr_cmd,[Make active:4]
scr_cmd,[Erase text]
txt,……
scr_cmd,[Make active:7]
scr_cmd,[Erase text]
scr_cmd,[Change id 7 to character 23 with expr 0]
scr_cmd,[Unknown code 2]
scr_cmd,[Make active:7]
txt,わたくしたちは、約束していました。
txt,どんなことになろうとも。
scr_cmd,[Show next arrow]
scr_cmd,[Wait for msg click]
scr_cmd,[Make active:8]
scr_cmd,[Erase text]
scr_cmd,[Change id 8 to character 24 with expr 0]
scr_cmd,[Unknown code 2]
scr_cmd,[Make active:8]
txt,すべては、故郷のために。
scr_cmd,[Show next arrow]
scr_cmd,[Wait for msg click]
scr_cmd,[Make active:7]
scr_cmd,[Erase text]
txt,そして誓いました。
scr_cmd,[Show next arrow]
scr_cmd,[Wait for msg click]
scr_cmd,[Make active:8]
scr_cmd,[Erase text]
scr_cmd,[Change id 8 to character 22 with expr 0]
scr_cmd,[Unknown code 2]
scr_cmd,[Make active:8]
txt,一人は友のために。
txt,一人は師のために。
txt,そしていま一人は、この御恩に報いるために。
scr_cmd,[Show next arrow]
scr_cmd,[Wait for msg click]
scr_cmd,Error: Unknown code:b'=\x00\x14\x00'
scr_cmd,Error: Unknown code:b'\x00\x00\x00\x00'
scr_cmd,Error: Unknown code:b'\x02\x00\x00\x00'
scr_cmd,Error: Unknown code:b'X\x00\x00\x00'
scr_cmd,Error: Unknown code:b'Y\x00\x00\x00'
scr_cmd,Error: Unknown code:b'\x08\x00\x14\x00'
scr_cmd,Error: Unknown code:b'\x01\x00\x00\x00'
scr_cmd,Error: Unknown code:b'\x00\x00\x00\x00'
scr_cmd,Error: Unknown code:b'\x00\x00\x00 '
scr_cmd,Error: Unknown code:b'T\x08\x00\x00'
scr_cmd,Error: Unknown code:b'\x08\x00\x14\x00'
scr_cmd,Error: Unknown code:b'\x01\x00\x00\x00'
scr_cmd,Error: Unknown code:b'\x00\x00\x00\x00'
scr_cmd,Error: Unknown code:b'\x01\x00\x00 '
scr_cmd,Error: Unknown code:b'\x88\x0b\x00\x00'
scr_cmd,[Make active:7]
scr_cmd,[Erase text]
txt,……
scr_cmd,[Make active:4]
scr_cmd,[Erase text]
txt,きみたちは、きみたちの道を行きなさい。
scr_cmd,[Show next arrow]
scr_cmd,[Wait for msg click]
scr_cmd,[Make active:8]
scr_cmd,[Erase text]
txt,……
scr_cmd,[Show next arrow]
scr_cmd,[Wait for msg click]
scr_cmd,[Make active:4]
scr_cmd,[Erase text]
txt,独りよりも、ふたり。
txt,ふたりよりも、三人。
scr_cmd,[Show next arrow]
scr_cmd,[Wait for msg click]
scr_cmd,[Make active:7]
scr_cmd,[Erase text]
scr_cmd,[Change id 7 to character 24 with expr 0]
scr_cmd,[Unknown code 2]
scr_cmd,[Make active:7]
txt,……
scr_cmd,[Show next arrow]
scr_cmd,[Wait for msg click]
scr_cmd,[Make active:4]
scr_cmd,[Erase text]
txt,そうしてくれることが……
txt,純潔の盾にとって、いちばん嬉しいことだ。
scr_cmd,[Show next arrow]
scr_cmd,[Wait for msg click]
scr_cmd,[Make active:7]
scr_cmd,[Erase text]
scr_cmd,[Change id 7 to character 23 with expr 0]
scr_cmd,[Unknown code 2]
scr_cmd,[Make active:7]
txt,……先生。
scr_cmd,[Show next arrow]
scr_cmd,[Wait for msg click]
scr_cmd,[Make active:4]
scr_cmd,[Erase text]
txt,……
scr_cmd,[Show next arrow]
scr_cmd,[Wait for msg click]
scr_cmd,[Make active:7]
scr_cmd,[Erase text]
txt,ほんとうに、ありがとうございました。
scr_cmd,[Show next arrow]
scr_cmd,[Wait for msg click]
scr_cmd,[Make active:4]
scr_cmd,[Erase text]
txt,いいや……
txt,こちらこそ、ありがとう。
scr_cmd,[Show next arrow]
scr_cmd,[Wait for msg click]
scr_cmd,[Make active:8]
scr_cmd,[Erase text]
txt,……ファナ。
scr_cmd,[Show next arrow]
scr_cmd,[Wait for msg click]
scr_cmd,[Make active:4]
scr_cmd,[Erase text]
scr_cmd,[Change box 4 to 9 and change chr 5 expression to 0]
scr_cmd,[Show char5with expr0at pos9on delay600]
scr_cmd,[Make active:9]
txt,……
scr_cmd,[Show next arrow]
scr_cmd,[Wait for msg click]
scr_cmd,[Make active:8]
scr_cmd,[Erase text]
txt,……
scr_cmd,[Make active:7]
scr_cmd,[Erase text]
txt,ファナ。
txt,ここは、ほんとうに素敵なところね。
scr_cmd,[Show next arrow]
scr_cmd,[Wait for msg click]
scr_cmd,[Make active:9]
scr_cmd,[Erase text]
txt,シーラ……
scr_cmd,[Show next arrow]
scr_cmd,[Wait for msg click]
scr_cmd,[Make active:7]
scr_cmd,[Erase text]
scr_cmd,[Change id 7 to character 24 with expr 0]
scr_cmd,[Unknown code 2]
scr_cmd,[Make active:7]
txt,わずかにでも足を止めれば……
txt,きっと、ここに居ついてしまうだろう。
txt,そんな風に思えるほど。
scr_cmd,[Show next arrow]
scr_cmd,[Wait for msg click]
scr_cmd,[Make active:9]
scr_cmd,[Erase text]
txt,……
scr_cmd,[Make active:8]
scr_cmd,[Erase text]
txt,そんなにも素敵な場所を、あなたは見つけた。
txt,いいえ。
txt,そんなにも素敵な場所を、あなたはその手で、
txt,ともに築き上げた。
scr_cmd,[Show next arrow]
scr_cmd,[Wait for msg click]
scr_cmd,[Make active:7]
scr_cmd,[Erase text]
scr_cmd,[Change id 7 to character 23 with expr 0]
scr_cmd,[Unknown code 2]
scr_cmd,[Make active:7]
txt,それが、わたくしたちにとっての、誇りです。
scr_cmd,[Show next arrow]
scr_cmd,[Wait for msg click]
scr_cmd,[Make active:8]
scr_cmd,[Erase text]
txt,それを、忘れないで。
scr_cmd,[Show next arrow]
scr_cmd,[Wait for msg click]
scr_cmd,[Make active:7]
scr_cmd,[Erase text]
txt,……
scr_cmd,[Make active:9]
scr_cmd,[Erase text]
txt,みんな……
scr_cmd,[Show next arrow]
scr_cmd,[Wait for msg click]
scr_cmd,[Make active:8]
scr_cmd,[Erase text]
txt,互いに、元気で。
scr_cmd,[Show next arrow]
scr_cmd,[Wait for msg click]
scr_cmd,[Make active:9]
scr_cmd,[Erase text]
txt,ああ。
txt,ぜったいに。
scr_cmd,[Show next arrow]
scr_cmd,[Wait for msg click]
scr_cmd,Error: Unknown code:b'\x0b\x00\x08\x00'
scr_cmd,Error: Unknown code:b'N\x0f\x00\x00'
scr_cmd,[Make active:7]
scr_cmd,[Erase text]
txt,……
scr_cmd,[Make active:4]
scr_cmd,[Erase text]
txt,それが、きみたちの道か。
scr_cmd,[Show next arrow]
scr_cmd,[Wait for msg click]
scr_cmd,[Make active:8]
scr_cmd,[Erase text]
txt,はい。
scr_cmd,[Show next arrow]
scr_cmd,[Wait for msg click]
scr_cmd,Error: Unknown code:b'=\x00\x18\x00'
scr_cmd,Error: Unknown code:b'\x00\x00\x00\x00'
scr_cmd,Error: Unknown code:b'\x03\x00\x00\x00'
scr_cmd,Error: Unknown code:b'\x7f\x00\x00\x00'
scr_cmd,Error: Unknown code:b'\x80\x00\x00\x00'
scr_cmd,Error: Unknown code:b'\x81\x00\x00\x00'
scr_cmd,Error: Unknown code:b'\x08\x00\x14\x00'
scr_cmd,Error: Unknown code:b'\x01\x00\x00\x00'
scr_cmd,Error: Unknown code:b'\x00\x00\x00\x00'
scr_cmd,Error: Unknown code:b'\x00\x00\x00 '
scr_cmd,Error: Unknown code:b'"\x0c\x00\x00'
scr_cmd,Error: Unknown code:b'\x08\x00\x14\x00'
scr_cmd,Error: Unknown code:b'\x01\x00\x00\x00'
scr_cmd,Error: Unknown code:b'\x00\x00\x00\x00'
scr_cmd,Error: Unknown code:b'\x01\x00\x00 '
scr_cmd,Error: Unknown code:b'x\x0c\x00\x00'
scr_cmd,Error: Unknown code:b'\x08\x00\x14\x00'
scr_cmd,Error: Unknown code:b'\x01\x00\x00\x00'
scr_cmd,Error: Unknown code:b'\x00\x00\x00\x00'
scr_cmd,Error: Unknown code:b'\x02\x00\x00 '
scr_cmd,Error: Unknown code:b'\xd8\x0c\x00\x00'
scr_cmd,[Make active:4]
scr_cmd,[Erase text]
txt,ならば、深く澄み渡る光の聖女を迎えよう。
scr_cmd,[Show next arrow]
scr_cmd,[Wait for msg click]
scr_cmd,[Make active:8]
scr_cmd,[Erase text]
txt,……
scr_cmd,[Make active:7]
scr_cmd,[Erase text]
txt,謹んで、この身をお預けいたします。
scr_cmd,[Show next arrow]
scr_cmd,[Wait for msg click]
scr_cmd,Error: Unknown code:b'\x90\x00\x08\x00'
scr_cmd,Error: Unknown code:b'\x17\x00\x00 '
scr_cmd,Error: Unknown code:b'\x0b\x00\x08\x00'
scr_cmd,Error: Unknown code:b'\x14\r\x00\x00'
scr_cmd,[Make active:4]
scr_cmd,[Erase text]
txt,ならば、求める強きこころ携えし者を迎えよう。
scr_cmd,[Show next arrow]
scr_cmd,[Wait for msg click]
scr_cmd,[Make active:8]
scr_cmd,[Erase text]
scr_cmd,[Change id 8 to character 24 with expr 0]
scr_cmd,[Unknown code 2]
scr_cmd,[Make active:8]
txt,微力ながら、お力添えいたします。
scr_cmd,[Show next arrow]
scr_cmd,[Wait for msg click]
scr_cmd,Error: Unknown code:b'\x90\x00\x08\x00'
scr_cmd,Error: Unknown code:b'\x18\x00\x00 '
scr_cmd,Error: Unknown code:b'\x0b\x00\x08\x00'
scr_cmd,Error: Unknown code:b'\x14\r\x00\x00'
scr_cmd,[Make active:4]
scr_cmd,[Erase text]
txt,ならば、安寧の闇に浮かぶ月の巫女を迎えよう。
scr_cmd,[Show next arrow]
scr_cmd,[Wait for msg click]
scr_cmd,[Make active:8]
scr_cmd,[Erase text]
txt,……よろこんで、お受けいたします。
scr_cmd,[Show next arrow]
scr_cmd,[Wait for msg click]
scr_cmd,Error: Unknown code:b'\x90\x00\x08\x00'
scr_cmd,Error: Unknown code:b'\x16\x00\x00 '
scr_cmd,[Make active:4]
scr_cmd,[Erase text]
txt,ありがとう。
txt,頼もしいかぎりだ。
scr_cmd,[Show next arrow]
scr_cmd,[Wait for msg click]
scr_cmd,[ms wait:600]
scr_cmd,[Change Screen: Fadeout then Darken]
scr_cmd,[Script cleanup...]
scr_cmd,[Show BG image (wip:
scr_cmd,[Show char22with expr0at pos9on delay600]
scr_cmd,[Change Screen: Fadein then Lighten]
scr_cmd,[Make active:9]
txt,……ファナ。
scr_cmd,[Show next arrow]
scr_cmd,[Wait for msg click]
scr_cmd,[Show char5with expr0at pos8on delay600]
scr_cmd,[Make active:8]
txt,……
scr_cmd,[Show next arrow]
scr_cmd,[Wait for msg click]
scr_cmd,[Make active:9]
scr_cmd,[Erase text]
txt,……
scr_cmd,[Show char23with expr0at pos7on delay600]
scr_cmd,[Make active:7]
txt,ファナ。
txt,ここは、ほんとうに素敵なところね。
scr_cmd,[Show next arrow]
scr_cmd,[Wait for msg click]
scr_cmd,[Make active:8]
scr_cmd,[Erase text]
txt,シーラ……
scr_cmd,[Show next arrow]
scr_cmd,[Wait for msg click]
scr_cmd,[Make active:7]
scr_cmd,[Erase text]
scr_cmd,[Change id 7 to character 24 with expr 0]
scr_cmd,[Unknown code 2]
scr_cmd,[Make active:7]
txt,わずかにでも足を止めれば……
txt,きっと、ここに居ついてしまうだろう。
txt,そんな風に思えるほど。
scr_cmd,[Show next arrow]
scr_cmd,[Wait for msg click]
scr_cmd,[Make active:8]
scr_cmd,[Erase text]
txt,……
scr_cmd,[Make active:9]
scr_cmd,[Erase text]
txt,そんなにも素敵な場所を、あなたは見つけた。
txt,いいえ。
txt,そんなにも素敵な場所を、あなたはその手で、
txt,ともに築き上げた。
scr_cmd,[Show next arrow]
scr_cmd,[Wait for msg click]
scr_cmd,[Make active:7]
scr_cmd,[Erase text]
scr_cmd,[Change id 7 to character 23 with expr 0]
scr_cmd,[Unknown code 2]
scr_cmd,[Make active:7]
txt,それが、わたくしたちにとっての、誇りです。
scr_cmd,[Show next arrow]
scr_cmd,[Wait for msg click]
scr_cmd,[Make active:9]
scr_cmd,[Erase text]
txt,それを、忘れないで。
scr_cmd,[Show next arrow]
scr_cmd,[Wait for msg click]
scr_cmd,[Make active:7]
scr_cmd,[Erase text]
txt,……
scr_cmd,[Make active:8]
scr_cmd,[Erase text]
txt,みんな……
scr_cmd,[Show next arrow]
scr_cmd,[Wait for msg click]
scr_cmd,[Make active:9]
scr_cmd,[Erase text]
txt,互いに、元気で。
scr_cmd,[Show next arrow]
scr_cmd,[Wait for msg click]
scr_cmd,[Make active:8]
scr_cmd,[Erase text]
txt,ああ。
txt,ぜったいに。
scr_cmd,[Show next arrow]
scr_cmd,[Wait for msg click]
scr_cmd,[ms wait:600]
scr_cmd,[Change Screen: Fadeout then Darken]
scr_cmd,[Script cleanup...]
scr_cmd,[END SCENE]
