scr_cmd,[Change Screen: Darken ]
scr_cmd,[Unknown code 1]
scr_cmd,[Show BG image (wip:
scr_cmd,[Show char101with expr0at pos8on delay600]
scr_cmd,[Change Screen: Fadein then Lighten]
scr_cmd,[Make active:8]
txt,,今しがた、シェリルより言霊が届いた。
txt,,バローズ峠にさしかかるところだ、と。
scr_cmd,[Show next arrow]
scr_cmd,[Wait for msg click]
scr_cmd,[Open nameless msg box atbottom center]
scr_cmd,[Make active:4]
txt,,……
scr_cmd,[Show next arrow]
scr_cmd,[Wait for msg click]
scr_cmd,[Make active:8]
scr_cmd,[Erase text]
txt,,……
scr_cmd,[Show char110with expr0at pos7on delay600]
scr_cmd,[Make active:7]
txt,,地底の闇からは遠いはずの峠道も、
txt,,いつも明るいとは限らない。
txt,,這い出し者の気持ちがわかれば、
txt,,苦労もしないですむのにね。
scr_cmd,[Show next arrow]
scr_cmd,[Wait for msg click]
scr_cmd,[Make active:8]
scr_cmd,[Erase text]
txt,,聖セヴィエスの長があるなら、エルベロワに
txt,,至るのは難しいことではあるまいが……
scr_cmd,[Show next arrow]
scr_cmd,[Wait for msg click]
scr_cmd,[Make active:7]
scr_cmd,[Erase text]
txt,,でもまだ、あの子に長は務まらない。
txt,,だから、シェリルは言霊を発した。
txt,,聴いたろう、わが友。
txt,,まるで救いを求める仔犬のように、
txt,,か弱い言霊の風だった。
scr_cmd,[Show next arrow]
scr_cmd,[Wait for msg click]
scr_cmd,[Make active:8]
scr_cmd,[Erase text]
txt,,……
scr_cmd,[Make active:4]
scr_cmd,[Erase text]
txt,,……
scr_cmd,[Show next arrow]
scr_cmd,[Wait for msg click]
scr_cmd,[Make active:7]
scr_cmd,[Erase text]
txt,,守護塔や聖者の泉があるとしても、
txt,,それを活かすのは、
txt,,伊達や酔狂でできるものじゃない。
scr_cmd,[Show next arrow]
scr_cmd,[Wait for msg click]
scr_cmd,[Erase text]
txt,,炎を灯すことにしても、
txt,,長距離ゲートを開くにも、
txt,,四大の長の力あってこそ。
scr_cmd,[Show next arrow]
scr_cmd,[Wait for msg click]
scr_cmd,[Make active:8]
scr_cmd,[Erase text]
txt,,それでも、
txt,,あの子は苦しい道を選ばざるを得なかった。
txt,,聖セヴィエスは、やはり……？
scr_cmd,[Show next arrow]
scr_cmd,[Wait for msg click]
scr_cmd,[Make active:7]
scr_cmd,[Erase text]
txt,,……
scr_cmd,[Show next arrow]
scr_cmd,[Wait for msg click]
scr_cmd,[Make active:8]
scr_cmd,[Erase text]
txt,,……
scr_cmd,[Make active:4]
scr_cmd,[Erase text]
txt,,……迎えを。
scr_cmd,[Show next arrow]
scr_cmd,[Wait for msg click]
scr_cmd,[Make active:8]
scr_cmd,[Erase text]
txt,,ああ、それがええ。
scr_cmd,[Show next arrow]
scr_cmd,[Wait for msg click]
scr_cmd,[Make active:4]
scr_cmd,[Erase text]
txt,,……
scr_cmd,[Make active:7]
scr_cmd,[Erase text]
txt,,もちろん、きみの想うままにこそ。
scr_cmd,[Show next arrow]
scr_cmd,[Wait for msg click]
scr_cmd,[ms wait:600]
scr_cmd,[Change Screen: Fadeout then Darken]
scr_cmd,[Script cleanup...]
scr_cmd,Error: Unknown code:b'\x97\x00\x0c\x00'
scr_cmd,Error: Unknown code:b'\x0b\x00\x00 '
scr_cmd,Error: Unknown code:b'\x01\x00\x00 '
scr_cmd,[END SCENE]
