scr_cmd,[Change Screen: Darken ]
scr_cmd,[Unknown code 1]
scr_cmd,[Play BGM #6]
scr_cmd,[Show BG image (wip:
scr_cmd,[Show char4with expr0at pos5on delay600]
scr_cmd,[Change Screen: Fadein then Lighten]
scr_cmd,[Make active:5]
scr_cmd,[Play voice 0 from folder 73]
txt,先生には、その……
scr_cmd,[Show next arrow]
scr_cmd,[Wait for msg click]
scr_cmd,[Play voice 1 from folder 73]
txt,悲しい過去が、あの、
txt,おありになられるのでしょう……？
scr_cmd,[Show next arrow]
scr_cmd,[Wait for msg click]
scr_cmd,[Play voice 2 from folder 73]
txt,誰にも話すこともできない、
txt,悲しいことも……？
scr_cmd,[Show next arrow]
scr_cmd,[Wait for msg click]
scr_cmd,[Open nameless msg box atbottom-right]
scr_cmd,[Make active:3]
txt,……ああ、あるかもしれないね。
scr_cmd,[Show next arrow]
scr_cmd,[Wait for msg click]
scr_cmd,[Make active:5]
scr_cmd,[Erase text]
scr_cmd,[Play voice 3 from folder 73]
txt,その……
scr_cmd,[Show next arrow]
scr_cmd,[Wait for msg click]
scr_cmd,[Play voice 4 from folder 73]
txt,差し出がましい、って思います。
scr_cmd,[Show next arrow]
scr_cmd,[Wait for msg click]
scr_cmd,[Play voice 5 from folder 73]
txt,こんなこと、はしたない、って思います。
scr_cmd,[Show next arrow]
scr_cmd,[Wait for msg click]
scr_cmd,[Make active:3]
scr_cmd,[Erase text]
txt,それなら、しなければいい。
scr_cmd,[Show next arrow]
scr_cmd,[Wait for msg click]
scr_cmd,[Make active:5]
scr_cmd,[Erase text]
scr_cmd,[Play voice 6 from folder 73]
txt,意地悪、なさらないで……
scr_cmd,[Show next arrow]
scr_cmd,[Wait for msg click]
scr_cmd,[Play voice 7 from folder 73]
txt,私、お聞きしたいのです。
scr_cmd,[Show next arrow]
scr_cmd,[Wait for msg click]
scr_cmd,[Play voice 8 from folder 73]
txt,先生の……
scr_cmd,[Show next arrow]
scr_cmd,[Wait for msg click]
scr_cmd,[Play voice 9 from folder 73]
txt,その、いいえ、あなたの、ことを……
scr_cmd,[Show next arrow]
scr_cmd,[Wait for msg click]
scr_cmd,[Make active:3]
scr_cmd,[Erase text]
txt,きっと、つまらないことばかりだ。
scr_cmd,[Show next arrow]
scr_cmd,[Wait for msg click]
scr_cmd,[Make active:5]
scr_cmd,[Erase text]
scr_cmd,[Play voice 10 from folder 73]
txt,けれど、私にとっては、その、
txt,よくわからないですけど……
scr_cmd,[Show next arrow]
scr_cmd,[Wait for msg click]
scr_cmd,[Play voice 11 from folder 73]
txt,きっと、特別、なんです……
scr_cmd,[Show next arrow]
scr_cmd,[Wait for msg click]
scr_cmd,[Make active:3]
scr_cmd,[Erase text]
txt,……
scr_cmd,[Show next arrow]
scr_cmd,[Wait for msg click]
scr_cmd,[Change char5expression to5]
scr_cmd,[Make active:5]
scr_cmd,[Erase text]
scr_cmd,[Play voice 12 from folder 73]
txt,スン。
scr_cmd,[Show next arrow]
scr_cmd,[Wait for msg click]
scr_cmd,[Play voice 13 from folder 73]
txt,そう、わからないんです……！
scr_cmd,[Show next arrow]
scr_cmd,[Wait for msg click]
scr_cmd,[Play voice 14 from folder 73]
txt,わたしには。
scr_cmd,[Show next arrow]
scr_cmd,[Wait for msg click]
scr_cmd,[Play voice 15 from folder 73]
txt,っく、なにも、なにもわからない……！
scr_cmd,[Show next arrow]
scr_cmd,[Wait for msg click]
scr_cmd,[Make active:3]
scr_cmd,[Erase text]
txt,セシリス？
scr_cmd,[Show next arrow]
scr_cmd,[Wait for msg click]
scr_cmd,[Make active:5]
scr_cmd,[Erase text]
scr_cmd,[Play voice 16 from folder 73]
txt,オスキルさんのことも……！
scr_cmd,[Show next arrow]
scr_cmd,[Wait for msg click]
scr_cmd,[Play voice 17 from folder 73]
txt,パルミラさんのことも……！
scr_cmd,[Show next arrow]
scr_cmd,[Wait for msg click]
scr_cmd,[Play voice 18 from folder 73]
txt,ロザリアさんのことも……！
scr_cmd,[Show next arrow]
scr_cmd,[Wait for msg click]
scr_cmd,[Play voice 19 from folder 73]
txt,わからない！
scr_cmd,[Show next arrow]
scr_cmd,[Wait for msg click]
scr_cmd,[Play voice 20 from folder 73]
txt,わかりたくない！！
scr_cmd,[Show next arrow]
scr_cmd,[Wait for msg click]
scr_cmd,[Make active:3]
scr_cmd,[Erase text]
txt,……
scr_cmd,[Show next arrow]
scr_cmd,[Wait for msg click]
scr_cmd,[Make active:5]
scr_cmd,[Erase text]
scr_cmd,[Play voice 21 from folder 73]
txt,純潔の盾を守ると、みんなは仰った。
scr_cmd,[Show next arrow]
scr_cmd,[Wait for msg click]
scr_cmd,[Play voice 22 from folder 73]
txt,わたしもそうしたかった。
scr_cmd,[Show next arrow]
scr_cmd,[Wait for msg click]
scr_cmd,[Play voice 23 from folder 73]
txt,でも、オスキルさんが去り、
txt,ロザリアさんが去って……
scr_cmd,[Show next arrow]
scr_cmd,[Wait for msg click]
scr_cmd,[Play voice 24 from folder 73]
txt,先詠みの瞳にそれを知りながら……
scr_cmd,[Show next arrow]
scr_cmd,[Wait for msg click]
scr_cmd,[Erase text]
scr_cmd,[Play voice 25 from folder 73]
txt,今、お二人ともが、
txt,パラダインにあるのだと聞きました。
scr_cmd,[Show next arrow]
scr_cmd,[Wait for msg click]
scr_cmd,[Play voice 26 from folder 73]
txt,聖セヴィエスを堕とし、今また
txt,純潔の盾を脅かすパラダインに……！！
scr_cmd,[Show next arrow]
scr_cmd,[Wait for msg click]
scr_cmd,[Make active:3]
scr_cmd,[Erase text]
txt,……
scr_cmd,[Show next arrow]
scr_cmd,[Wait for msg click]
scr_cmd,[Make active:5]
scr_cmd,[Erase text]
scr_cmd,[Play voice 27 from folder 73]
txt,そしてそれを、引き止めようとも
txt,なさらなかったパルミラさんが、
txt,あの時、いらした……！！
scr_cmd,[Show next arrow]
scr_cmd,[Wait for msg click]
scr_cmd,[Make active:3]
scr_cmd,[Erase text]
txt,……
scr_cmd,[Show next arrow]
scr_cmd,[Wait for msg click]
scr_cmd,[Make active:5]
scr_cmd,[Erase text]
scr_cmd,[Play voice 28 from folder 73]
txt,スン、けれど……
scr_cmd,[Show next arrow]
scr_cmd,[Wait for msg click]
scr_cmd,[Play voice 29 from folder 73]
txt,けれど、
txt,わたしはエルメナスを守りたいのです……！
scr_cmd,[Show next arrow]
scr_cmd,[Wait for msg click]
scr_cmd,[Play voice 30 from folder 73]
txt,純潔の盾を、守りたい……！
scr_cmd,[Show next arrow]
scr_cmd,[Wait for msg click]
scr_cmd,[Erase text]
scr_cmd,[Play voice 31 from folder 73]
txt,でも、スン、どうしていいのか……
scr_cmd,[Show next arrow]
scr_cmd,[Wait for msg click]
scr_cmd,[Play voice 32 from folder 73]
txt,わたしには、それがわからないのです……！
scr_cmd,[Show next arrow]
scr_cmd,[Wait for msg click]
scr_cmd,[Make active:3]
scr_cmd,[Erase text]
txt,……
scr_cmd,[Show next arrow]
scr_cmd,[Wait for msg click]
scr_cmd,[Make active:5]
scr_cmd,[Erase text]
scr_cmd,[Play voice 33 from folder 73]
txt,わたし……
scr_cmd,[Show next arrow]
scr_cmd,[Wait for msg click]
scr_cmd,[Play voice 34 from folder 73]
txt,わたしに、
txt,あなたを信じさせてください……！
scr_cmd,[Show next arrow]
scr_cmd,[Wait for msg click]
scr_cmd,[Play voice 35 from folder 73]
txt,せめて、あなただけでも……！！
scr_cmd,[Show next arrow]
scr_cmd,[Wait for msg click]
scr_cmd,[Make active:3]
scr_cmd,[Erase text]
txt,≪穏やかに流れる川と、そう思っていた……
txt,　けれど今宵この時、
txt,　押さえ続けてきた気持ちが、
txt,　首をもたげるのか……≫
scr_cmd,[Show next arrow]
scr_cmd,[Wait for msg click]
scr_cmd,[Make active:5]
scr_cmd,[Erase text]
txt,……
scr_cmd,[Make active:3]
scr_cmd,[Erase text]
txt,……
txt,きみは、純粋なだけでなく……
txt,とても我慢強い子だ、セシリス。
scr_cmd,[Show next arrow]
scr_cmd,[Wait for msg click]
scr_cmd,[Make active:5]
scr_cmd,[Erase text]
scr_cmd,[Play voice 36 from folder 73]
txt,先生……
scr_cmd,[Show next arrow]
scr_cmd,[Wait for msg click]
scr_cmd,[Make active:3]
scr_cmd,[Erase text]
txt,これまでのように、じっくりと進めばいい。
txt,ここまで来れたきみだ。
txt,かならずやれる。
scr_cmd,[Show next arrow]
scr_cmd,[Wait for msg click]
scr_cmd,[Make active:5]
scr_cmd,[Erase text]
scr_cmd,[Play voice 37 from folder 73]
txt,……
scr_cmd,[Show next arrow]
scr_cmd,[Wait for msg click]
scr_cmd,[Make active:3]
scr_cmd,[Erase text]
txt,いいか。
txt,きみを守るために、
txt,わたしがここにある。
txt,きみたちを支え導くために、
txt,わたしたちがここにある。
scr_cmd,[Show next arrow]
scr_cmd,[Wait for msg click]
scr_cmd,[Make active:5]
scr_cmd,[Erase text]
scr_cmd,[Play voice 38 from folder 73]
txt,先生……
scr_cmd,[Show next arrow]
scr_cmd,[Wait for msg click]
scr_cmd,[Play voice 39 from folder 73]
txt,たとえひとりきりになっても、
txt,わたしはあなたを信じたい。
scr_cmd,[Show next arrow]
scr_cmd,[Wait for msg click]
scr_cmd,[Play voice 40 from folder 73]
txt,あなたのおちからになりたい。
scr_cmd,[Show next arrow]
scr_cmd,[Wait for msg click]
scr_cmd,[Play voice 41 from folder 73]
txt,……どうか、お導きください。
scr_cmd,[Show next arrow]
scr_cmd,[Wait for msg click]
scr_cmd,[Make active:3]
scr_cmd,[Erase text]
txt,……
txt,無論だ、セシリス。
scr_cmd,[Show next arrow]
scr_cmd,[Wait for msg click]
scr_cmd,[Make active:5]
scr_cmd,[Erase text]
scr_cmd,[Play voice 42 from folder 73]
txt,……先生。
scr_cmd,[Show next arrow]
scr_cmd,[Wait for msg click]
scr_cmd,[Make active:3]
scr_cmd,[Erase text]
txt,……
txt,今日はもう遅い。
txt,行きなさい。
scr_cmd,[Show next arrow]
scr_cmd,[Wait for msg click]
scr_cmd,[Make active:5]
scr_cmd,[Erase text]
scr_cmd,[Play voice 43 from folder 73]
txt,……はい。
scr_cmd,[Show next arrow]
scr_cmd,[Wait for msg click]
scr_cmd,[ms wait:600]
scr_cmd,[Change Screen: Fadeout then Darken]
scr_cmd,[Script cleanup...]
scr_cmd,[END SCENE]
