scr_cmd,[Change Screen: Darken ]
scr_cmd,[Unknown code 1]
scr_cmd,[Play BGM #9]
scr_cmd,[Show BG image (wip:
scr_cmd,[Show char101with expr0at pos5on delay600]
scr_cmd,[Change Screen: Fadein then Lighten]
scr_cmd,[Make active:5]
scr_cmd,[Play voice 0 from folder 37]
txt,様子は、どうだね？
scr_cmd,[Show next arrow]
scr_cmd,[Wait for msg click]
scr_cmd,[Show char5with expr0at pos6on delay600]
scr_cmd,[Make active:6]
scr_cmd,[Play voice 1 from folder 37]
txt,よく眠っています。
scr_cmd,[Show next arrow]
scr_cmd,[Wait for msg click]
scr_cmd,[Play voice 2 from folder 37]
txt,深い、眠りです。
scr_cmd,[Show next arrow]
scr_cmd,[Wait for msg click]
scr_cmd,[Make active:5]
scr_cmd,[Erase text]
scr_cmd,[Change id 5 to character 3 with expr 0]
scr_cmd,[Unknown code 2]
scr_cmd,[Make active:5]
scr_cmd,[Play voice 3 from folder 37]
txt,余程、
txt,恐ろしい目に会ったのでしょうね……
scr_cmd,[Show next arrow]
scr_cmd,[Wait for msg click]
scr_cmd,[Play voice 4 from folder 37]
txt,けれど、無事でなによりでした。
scr_cmd,[Show next arrow]
scr_cmd,[Wait for msg click]
scr_cmd,[Make active:6]
scr_cmd,[Erase text]
txt,……
scr_cmd,[Open nameless msg box atcenter]
scr_cmd,[Make active:1]
txt,……果たして、どこから流れ着いたのか。
txt,キャロットといい、この少女といい……
txt,エルメナスの混迷ゆえか、
txt,迷い人の多いことだ。
scr_cmd,[Show next arrow]
scr_cmd,[Wait for msg click]
scr_cmd,[Make active:5]
scr_cmd,[Erase text]
txt,……
scr_cmd,[Make active:6]
scr_cmd,[Erase text]
scr_cmd,[Change id 6 to character 9 with expr 0]
scr_cmd,[Unknown code 2]
scr_cmd,[Make active:6]
scr_cmd,[Play voice 5 from folder 37]
txt,先生……
scr_cmd,[Show next arrow]
scr_cmd,[Wait for msg click]
scr_cmd,[Make active:1]
scr_cmd,[Erase text]
txt,イリオン。
scr_cmd,[Show next arrow]
scr_cmd,[Wait for msg click]
scr_cmd,[Make active:6]
scr_cmd,[Erase text]
scr_cmd,[Play voice 6 from folder 37]
txt,どうなさるんですか？
scr_cmd,[Show next arrow]
scr_cmd,[Wait for msg click]
scr_cmd,[Play voice 7 from folder 37]
txt,あの子を？
scr_cmd,[Show next arrow]
scr_cmd,[Wait for msg click]
scr_cmd,[Make active:1]
scr_cmd,[Erase text]
txt,どうしたい？
scr_cmd,[Show next arrow]
scr_cmd,[Wait for msg click]
scr_cmd,[Make active:6]
scr_cmd,[Erase text]
scr_cmd,[Play voice 8 from folder 37]
txt,え……
scr_cmd,[Show next arrow]
scr_cmd,[Wait for msg click]
scr_cmd,[Play voice 9 from folder 37]
txt,あの……
scr_cmd,[Show next arrow]
scr_cmd,[Wait for msg click]
scr_cmd,[Play voice 10 from folder 37]
txt,それを、ボクが、その、決めるなんて……
scr_cmd,[Show next arrow]
scr_cmd,[Wait for msg click]
scr_cmd,[Make active:1]
scr_cmd,[Erase text]
txt,セシリスは？
scr_cmd,[Show next arrow]
scr_cmd,[Wait for msg click]
scr_cmd,[Make active:6]
scr_cmd,[Erase text]
txt,……
scr_cmd,[Make active:5]
scr_cmd,[Erase text]
scr_cmd,[Change id 5 to character 4 with expr 0]
scr_cmd,[Unknown code 2]
scr_cmd,[Make active:5]
scr_cmd,[Play voice 11 from folder 37]
txt,……わかりません。
scr_cmd,[Show next arrow]
scr_cmd,[Wait for msg click]
scr_cmd,[Make active:1]
scr_cmd,[Erase text]
txt,……
scr_cmd,[Make active:6]
scr_cmd,[Erase text]
scr_cmd,[Change id 6 to character 5 with expr 0]
scr_cmd,[Unknown code 2]
scr_cmd,[Make active:6]
scr_cmd,[Play voice 12 from folder 37]
txt,ふたりとも……
scr_cmd,[Show next arrow]
scr_cmd,[Wait for msg click]
scr_cmd,[Play voice 13 from folder 37]
txt,助けておいて、投げ出す気……？
scr_cmd,[Show next arrow]
scr_cmd,[Wait for msg click]
scr_cmd,[Erase text]
scr_cmd,[Make active:5]
scr_cmd,[Erase text]
txt,……
scr_cmd,[Change id 6 to character 9 with expr 0]
scr_cmd,[Unknown code 2]
scr_cmd,[Make active:6]
scr_cmd,[Play voice 14 from folder 37]
txt,投げ出すなんて、言ってないです……！
scr_cmd,[Show next arrow]
scr_cmd,[Wait for msg click]
scr_cmd,[Play voice 15 from folder 37]
txt,ただ……
scr_cmd,[Show next arrow]
scr_cmd,[Wait for msg click]
scr_cmd,[Make active:5]
scr_cmd,[Erase text]
scr_cmd,[Change id 5 to character 5 with expr 0]
scr_cmd,[Unknown code 2]
scr_cmd,[Make active:5]
scr_cmd,[Play voice 16 from folder 37]
txt,ただ、なによ！！
scr_cmd,[Show next arrow]
scr_cmd,[Wait for msg click]
scr_cmd,[Make active:6]
scr_cmd,[Erase text]
scr_cmd,[Change id 6 to character 6 with expr 0]
scr_cmd,[Unknown code 2]
scr_cmd,[Make active:6]
scr_cmd,[Play voice 17 from folder 37]
txt,……ファナ。
scr_cmd,[Show next arrow]
scr_cmd,[Wait for msg click]
scr_cmd,[Play voice 18 from folder 37]
txt,這い出し者どもに
txt,まとわりつかれていたことは事実。
scr_cmd,[Show next arrow]
scr_cmd,[Wait for msg click]
scr_cmd,[Play voice 19 from folder 37]
txt,どうしてそうなったかは知らぬ。
scr_cmd,[Show next arrow]
scr_cmd,[Wait for msg click]
scr_cmd,[Erase text]
scr_cmd,[Make active:5]
scr_cmd,[Erase text]
txt,……
scr_cmd,[Make active:6]
scr_cmd,[Play voice 20 from folder 37]
txt,だが、次がないとは、誰も言えん。
scr_cmd,[Show next arrow]
scr_cmd,[Wait for msg click]
scr_cmd,[Play voice 21 from folder 37]
txt,違うか？
scr_cmd,[Show next arrow]
scr_cmd,[Wait for msg click]
scr_cmd,[Make active:5]
scr_cmd,[Erase text]
scr_cmd,[Play voice 22 from folder 37]
txt,だけどアルシエ……！
scr_cmd,[Show next arrow]
scr_cmd,[Wait for msg click]
scr_cmd,[Play voice 23 from folder 37]
txt,それでも……
scr_cmd,[Show next arrow]
scr_cmd,[Wait for msg click]
scr_cmd,[Play voice 24 from folder 37]
txt,わたしは、放っておけないよ……！
scr_cmd,[Show next arrow]
scr_cmd,[Wait for msg click]
scr_cmd,[Erase text]
scr_cmd,[Make active:6]
scr_cmd,[Erase text]
txt,……
scr_cmd,[Change id 5 to character 3 with expr 0]
scr_cmd,[Unknown code 2]
scr_cmd,[Make active:5]
scr_cmd,[Play voice 25 from folder 37]
txt,ファナ……
scr_cmd,[Show next arrow]
scr_cmd,[Wait for msg click]
scr_cmd,[Make active:6]
scr_cmd,[Erase text]
scr_cmd,[Change id 6 to character 5 with expr 0]
scr_cmd,[Unknown code 2]
scr_cmd,[Make active:6]
scr_cmd,[Play voice 26 from folder 37]
txt,可哀相に……！
scr_cmd,[Show next arrow]
scr_cmd,[Wait for msg click]
scr_cmd,[Play voice 27 from folder 37]
txt,あんなに細い指を赤切らせて……
scr_cmd,[Show next arrow]
scr_cmd,[Wait for msg click]
scr_cmd,[Play voice 28 from folder 37]
txt,お願いします！
scr_cmd,[Show next arrow]
scr_cmd,[Wait for msg click]
scr_cmd,[Play voice 29 from folder 37]
txt,わたし、なんでもします！
scr_cmd,[Show next arrow]
scr_cmd,[Wait for msg click]
scr_cmd,[Play voice 30 from folder 37]
txt,あの子のことは、わたしがちゃんとします！
scr_cmd,[Show next arrow]
scr_cmd,[Wait for msg click]
scr_cmd,[Make active:5]
scr_cmd,[Erase text]
txt,……
scr_cmd,[Make active:1]
scr_cmd,[Erase text]
txt,……
scr_cmd,[Show next arrow]
scr_cmd,[Wait for msg click]
scr_cmd,[Make active:6]
scr_cmd,[Erase text]
txt,……
scr_cmd,[Make active:5]
scr_cmd,[Erase text]
scr_cmd,[Play voice 31 from folder 37]
txt,……わたくしからも、お願いいたします。
scr_cmd,[Show next arrow]
scr_cmd,[Wait for msg click]
scr_cmd,[Play voice 32 from folder 37]
txt,危険でないとは、誰も言えません。
scr_cmd,[Show next arrow]
scr_cmd,[Wait for msg click]
scr_cmd,[Play voice 33 from folder 37]
txt,けれど、偶然で結ばれた縁とも、
txt,思えません。
scr_cmd,[Show next arrow]
scr_cmd,[Wait for msg click]
scr_cmd,[Make active:6]
scr_cmd,[Erase text]
scr_cmd,[Play voice 34 from folder 37]
txt,パルミラ……
scr_cmd,[Show next arrow]
scr_cmd,[Wait for msg click]
scr_cmd,[Make active:5]
scr_cmd,[Erase text]
txt,……
scr_cmd,[Make active:1]
scr_cmd,[Erase text]
txt,……
txt,ふたりはどう思う。
scr_cmd,[Show next arrow]
scr_cmd,[Wait for msg click]
scr_cmd,[Make active:6]
scr_cmd,[Erase text]
txt,……
scr_cmd,[Make active:5]
scr_cmd,[Erase text]
scr_cmd,[Change id 5 to character 4 with expr 0]
scr_cmd,[Unknown code 2]
scr_cmd,[Make active:5]
scr_cmd,[Play voice 35 from folder 37]
txt,わたしは……
scr_cmd,[Show next arrow]
scr_cmd,[Wait for msg click]
scr_cmd,[Play voice 36 from folder 37]
txt,わたしも、パルミラさんと同じです。
scr_cmd,[Show next arrow]
scr_cmd,[Wait for msg click]
scr_cmd,[Make active:1]
scr_cmd,[Erase text]
txt,……
scr_cmd,[Make active:6]
scr_cmd,[Erase text]
scr_cmd,[Change id 6 to character 9 with expr 0]
scr_cmd,[Unknown code 2]
scr_cmd,[Make active:6]
scr_cmd,[Play voice 37 from folder 37]
txt,ボクは、あの……
scr_cmd,[Show next arrow]
scr_cmd,[Wait for msg click]
scr_cmd,[Play voice 38 from folder 37]
txt,……あの子の話を、聞きたい、です。
scr_cmd,[Show next arrow]
scr_cmd,[Wait for msg click]
scr_cmd,[Play voice 39 from folder 37]
txt,言葉と、瞳とを。
scr_cmd,[Show next arrow]
scr_cmd,[Wait for msg click]
scr_cmd,[Make active:5]
scr_cmd,[Erase text]
txt,……
scr_cmd,[Make active:1]
scr_cmd,[Erase text]
txt,あの少女が、ここに残ることを望むなら……
txt,それでいいか、ファナ？
scr_cmd,[Show next arrow]
scr_cmd,[Wait for msg click]
scr_cmd,[Make active:6]
scr_cmd,[Erase text]
scr_cmd,[Change id 6 to character 5 with expr 0]
scr_cmd,[Unknown code 2]
scr_cmd,[Make active:6]
scr_cmd,[Play voice 40 from folder 37]
txt,……はい！！！
scr_cmd,[Show next arrow]
scr_cmd,[Wait for msg click]
scr_cmd,[Play voice 41 from folder 37]
txt,ありがとうございます！！！
scr_cmd,[Show next arrow]
scr_cmd,[Wait for msg click]
scr_cmd,[ms wait:600]
scr_cmd,[Change Screen: Fadeout then Darken]
scr_cmd,[Script cleanup...]
scr_cmd,[Show BG image (wip:
scr_cmd,[Open nameless msg box atbottom-right]
scr_cmd,[Change Screen: Fadein then Lighten]
scr_cmd,[Make active:3]
txt,≪揺らめく暖炉の炎を見つめながら、
txt,　静かに踊る宵闇の調べに耳を澄ます。
txt,　安らかな寝息をたてる少女の顔は、
txt,　白皙の陶磁のように美しい。≫
scr_cmd,[Show next arrow]
scr_cmd,[Wait for msg click]
scr_cmd,[Erase text]
scr_cmd,[Make active:3]
txt,≪這い出し者どもを従えた、
txt,　あの強大な魔力を、
txt,　この可愛らしい寝相から、
txt,　いかにして想起できようか。≫
scr_cmd,[Show next arrow]
scr_cmd,[Wait for msg click]
scr_cmd,[Erase text]
scr_cmd,[Make active:3]
txt,どうしてファナは、
txt,あれほどに少女を受け容れようと
txt,望んだのだろう。
scr_cmd,[Show next arrow]
scr_cmd,[Wait for msg click]
scr_cmd,[Show char3with expr0at pos5on delay600]
scr_cmd,[Make active:5]
scr_cmd,[Play voice 42 from folder 37]
txt,ほんとうは、おわかりなのに、
txt,そう問われるのですね。
scr_cmd,[Show next arrow]
scr_cmd,[Wait for msg click]
scr_cmd,[Make active:3]
scr_cmd,[Erase text]
txt,きみは、どう思った？
scr_cmd,[Show next arrow]
scr_cmd,[Wait for msg click]
scr_cmd,[Make active:5]
scr_cmd,[Erase text]
scr_cmd,[Play voice 43 from folder 37]
txt,……自分と、重なったのでしょう。
scr_cmd,[Show next arrow]
scr_cmd,[Wait for msg click]
scr_cmd,[Play voice 44 from folder 37]
txt,聖セヴィエスを追われ、ひとり、
txt,心通った仲間と離れ。
scr_cmd,[Show next arrow]
scr_cmd,[Wait for msg click]
scr_cmd,[Erase text]
scr_cmd,[Make active:3]
scr_cmd,[Erase text]
txt,……
scr_cmd,[Make active:5]
scr_cmd,[Play voice 45 from folder 37]
txt,悲しみを越え、いつしかアルシエと再会し、
txt,互いに励まし合って、
txt,かつての輝きを取り戻しましたわね。
scr_cmd,[Show next arrow]
scr_cmd,[Wait for msg click]
scr_cmd,[Play voice 46 from folder 37]
txt,せめて、この子には、
txt,悲しい思いをさせたくないと。
scr_cmd,[Show next arrow]
scr_cmd,[Wait for msg click]
scr_cmd,[Erase text]
scr_cmd,[Make active:5]
scr_cmd,[Play voice 47 from folder 37]
txt,ひとりはぐれた先で胸を潰すのではなく、
txt,自らが友になりたいと、
txt,そう思ったのでしょう。
scr_cmd,[Show next arrow]
scr_cmd,[Wait for msg click]
scr_cmd,[Make active:3]
scr_cmd,[Erase text]
txt,……
scr_cmd,[Show next arrow]
scr_cmd,[Wait for msg click]
scr_cmd,[Make active:5]
scr_cmd,[Erase text]
scr_cmd,[Play voice 48 from folder 37]
txt,いつかあなたは仰った。
scr_cmd,[Show next arrow]
scr_cmd,[Wait for msg click]
scr_cmd,[Play voice 49 from folder 37]
txt,どんな理由であれ、
txt,人はみなそれぞれに苦しみ、
txt,悩みを背負う、と。
scr_cmd,[Show next arrow]
scr_cmd,[Wait for msg click]
scr_cmd,[Make active:3]
scr_cmd,[Erase text]
txt,……
scr_cmd,[Show next arrow]
scr_cmd,[Wait for msg click]
scr_cmd,[Make active:5]
scr_cmd,[Erase text]
scr_cmd,[Play voice 50 from folder 37]
txt,そして、詮索好きなあの子が、真っ先に、
txt,何も聞かずにただ、
txt,傷ついた少女の盾になりました。
scr_cmd,[Show next arrow]
scr_cmd,[Wait for msg click]
scr_cmd,[Erase text]
scr_cmd,[Make active:5]
scr_cmd,[Play voice 51 from folder 37]
txt,嬉しいと……
scr_cmd,[Show next arrow]
scr_cmd,[Wait for msg click]
scr_cmd,[Play voice 52 from folder 37]
txt,そう思います。
scr_cmd,[Show next arrow]
scr_cmd,[Wait for msg click]
scr_cmd,[Make active:3]
scr_cmd,[Erase text]
txt,ああ、そうか。
txt,そうだな。
scr_cmd,[Show next arrow]
scr_cmd,[Wait for msg click]
scr_cmd,[ms wait:600]
scr_cmd,[Change Screen: Fadeout then Darken]
scr_cmd,[Script cleanup...]
scr_cmd,[Load chapter: 0]
scr_cmd,[END SCENE]
