scr_cmd,[Make active:5]
scr_cmd,[Play voice 0 from folder 105]
txt,はじめて学び舎の門をくぐったあの日。
scr_cmd,[Show next arrow]
scr_cmd,[Wait for msg click]
scr_cmd,[Play voice 1 from folder 105]
txt,はじめてあなたに出会ったあの日。
scr_cmd,[Show next arrow]
scr_cmd,[Wait for msg click]
scr_cmd,[Play voice 2 from folder 105]
txt,はじめて叱られて泣き、
txt,はじめて褒められて笑った。
scr_cmd,[Show next arrow]
scr_cmd,[Wait for msg click]
scr_cmd,[Play voice 3 from folder 105]
txt,そして今思う。
scr_cmd,[Show next arrow]
scr_cmd,[Wait for msg click]
scr_cmd,[Erase text]
scr_cmd,[Play voice 4 from folder 105]
txt,迷惑ばかりかけたこのあたしにさえ、
txt,心から教え導いてくれた、
txt,かけがえのない情熱を。
scr_cmd,[Show next arrow]
scr_cmd,[Wait for msg click]
scr_cmd,[Play voice 5 from folder 105]
txt,どんな困難をも越える、無償の愛を。
scr_cmd,[Show next arrow]
scr_cmd,[Wait for msg click]
scr_cmd,[Erase text]
scr_cmd,[Play voice 6 from folder 105]
txt,苦しい時こそ、悲しい時こそ、病める時こそ、
txt,健やかな時こそ、そして、
txt,喜びに満ちる幸せな時にこそ。
scr_cmd,[Show next arrow]
scr_cmd,[Wait for msg click]
scr_cmd,[Play voice 7 from folder 105]
txt,あたしは伝えます。
scr_cmd,[Show next arrow]
scr_cmd,[Wait for msg click]
scr_cmd,[Erase text]
scr_cmd,[Play voice 8 from folder 105]
txt,今ではないいつか、ここではないどこかで、
txt,このエルメナスの物語を。
scr_cmd,[Show next arrow]
scr_cmd,[Wait for msg click]
scr_cmd,[Play voice 9 from folder 105]
txt,自ら求めるその姿の美しさを。
scr_cmd,[Show next arrow]
scr_cmd,[Wait for msg click]
scr_cmd,[Erase text]
scr_cmd,[Play voice 10 from folder 105]
txt,そして、挫けそうになった時は、
txt,思い出します。
scr_cmd,[Show next arrow]
scr_cmd,[Wait for msg click]
scr_cmd,[Play voice 11 from folder 105]
txt,胸に刻んだ、鮮やかな想い出に、
txt,心の翼開いて、戻ってきます、いつでも。
scr_cmd,[Show next arrow]
scr_cmd,[Wait for msg click]
scr_cmd,[Erase text]
scr_cmd,[Play voice 12 from folder 105]
txt,この故郷に。
scr_cmd,[Show next arrow]
scr_cmd,[Wait for msg click]
scr_cmd,[Play voice 13 from folder 105]
txt,この温かな家族のもとに。
scr_cmd,[Show next arrow]
scr_cmd,[Wait for msg click]
scr_cmd,[Play voice 14 from folder 105]
txt,信じる路を見出した、そう、
txt,あなたのいるこの場所に。
scr_cmd,[Show next arrow]
scr_cmd,[Wait for msg click]
scr_cmd,[ms wait:600]
scr_cmd,[Change Screen: Fadeout then Darken]
scr_cmd,[Script cleanup...]
scr_cmd,Error: Unknown code:b'<\x00\x00 '
scr_cmd,[END SCENE]
