scr_cmd,[Change Screen: Darken ]
scr_cmd,[Unknown code 1]
scr_cmd,[Show BG image (wip:
scr_cmd,[Change Screen: Fadein then Lighten]
scr_cmd,[Wait for msg click]
scr_cmd,[Change Screen: Fadeout then Darken]
scr_cmd,[Script cleanup...]
scr_cmd,[Show BG image (wip:
scr_cmd,Error: Unknown code:b'\x16\x00\x10\x00'
scr_cmd,Error: Unknown code:b'\x06\x00\x00 '
scr_cmd,Error: Unknown code:b'\x03\x00\x00 '
scr_cmd,Error: Unknown code:b'\x00\x00\x00 '
scr_cmd,Error: Unknown code:b'\x18\x00\x0c\x00'
scr_cmd,Error: Unknown code:b'\x06\x00\x00 '
scr_cmd,Error: Unknown code:b'\x00\x00\x00 '
scr_cmd,[Open nameless msg box atbottom-left]
scr_cmd,[Change Screen: Fadein then Lighten]
scr_cmd,[Make active:2]
txt,,「班の組み方について」
scr_cmd,[Make active:6]
txt,,ここでは実際に
txt,,「班の組み方」について説明致します。
scr_cmd,[Show next arrow]
scr_cmd,[Wait for msg click]
scr_cmd,Img params: X 0 Y 53 W 354 H 480
scr_cmd,[ms wait:600]
scr_cmd,[Erase text]
txt,,班はこのエリア内で構成します。
txt,,右側のエリアは後程説明致します。
scr_cmd,[Show next arrow]
scr_cmd,[Wait for msg click]
scr_cmd,[Erase title]
scr_cmd,[ms wait:600]
scr_cmd,[Erase text]
txt,,班に誰もいない場合はまず、
txt,,先生を登録する必要があります。
scr_cmd,[Show next arrow]
scr_cmd,[Wait for msg click]
scr_cmd,[Erase text]
scr_cmd,Img params: X 82 Y 443 W 272 H 94
scr_cmd,[ms wait:600]
txt,,この【先生プール欄】から、
txt,,先生を左クリックで顔アイコンを
txt,,掴んで下さい。
scr_cmd,[Show next arrow]
scr_cmd,[Wait for msg click]
scr_cmd,[Erase text]
scr_cmd,Img params: X 3 Y 52 W 142 H 342
scr_cmd,[ms wait:600]
txt,,次に、顔アイコンを掴んだ状態で、
txt,,任意の【先生欄】に持って行って下さい。
scr_cmd,[Show next arrow]
scr_cmd,[Wait for msg click]
scr_cmd,Img params: X 27 Y 290 W 164 H 200
scr_cmd,[Show BG image (wip:
scr_cmd,[ms wait:600]
scr_cmd,[Make active:2]
txt,,
txt,,ドラッグ＆ドロップ
scr_cmd,[Make active:6]
scr_cmd,[Erase text]
txt,,置きたい場所で左クリックを
txt,,放せば登録完了です。
scr_cmd,[Show next arrow]
scr_cmd,[Wait for msg click]
scr_cmd,[Erase text]
scr_cmd,[Erase title]
scr_cmd,[ms wait:600]
scr_cmd,Img params: X 82 Y 375 W 272 H 94
scr_cmd,[ms wait:600]
txt,,次に、生徒を班に登録します。
txt,,先生の登録と同様に、
txt,,【生徒プール欄】の生徒アイコンを
txt,,左クリックで掴んで下さい。
scr_cmd,[Show next arrow]
scr_cmd,[Wait for msg click]
scr_cmd,[Erase text]
scr_cmd,Img params: X 153 Y 56 W 308 H 312
scr_cmd,[ms wait:600]
txt,,次に、顔アイコンを掴んだ状態で、
txt,,任意の【生徒欄】に持って行って下さい。
scr_cmd,[Show next arrow]
scr_cmd,[Wait for msg click]
scr_cmd,Img params: X 56 Y 212 W 164 H 214
scr_cmd,[Show BG image (wip:
scr_cmd,[ms wait:600]
scr_cmd,[Make active:2]
txt,,
txt,,ドラッグ＆ドロップ
scr_cmd,[Make active:6]
scr_cmd,[Erase text]
txt,,置きたい場所で左クリックを
txt,,放せば登録完了です。
scr_cmd,[Show next arrow]
scr_cmd,[Wait for msg click]
scr_cmd,[Erase title]
scr_cmd,[ms wait:600]
scr_cmd,Img params: X 11 Y 45 W 360 H 70
scr_cmd,[ms wait:600]
scr_cmd,[Erase text]
txt,,これで、
txt,,班に先生・生徒の登録が終わりました。
scr_cmd,[Show next arrow]
scr_cmd,[Wait for msg click]
scr_cmd,[Erase text]
txt,,班に振り分ける手順は、以上です。
txt,,先生は班に１人まで、
txt,,生徒は班に４人まで登録できます。
scr_cmd,[Show next arrow]
scr_cmd,[Wait for msg click]
scr_cmd,[Erase title]
scr_cmd,[ms wait:600]
scr_cmd,[Make active:2]
scr_cmd,[Erase text]
txt,,「班の組み方について」
txt,,※１人の先生につき４人の生徒まで登録可能。
scr_cmd,[Make active:6]
scr_cmd,[Erase text]
txt,,班の組み方に関する説明は、以上です。
txt,,ご理解頂けましたか？
scr_cmd,[Show next arrow]
scr_cmd,[Wait for msg click]
scr_cmd,Error: Unknown code:b'=\x00\x14\x00'
scr_cmd,Error: Unknown code:b'\x00\x00\x00\x00'
scr_cmd,Error: Unknown code:b'\x02\x00\x00\x00'
scr_cmd,Error: Unknown code:b'#\x00\x00\x00'
scr_cmd,Error: Unknown code:b'$\x00\x00\x00'
scr_cmd,Error: Unknown code:b'\x08\x00\x14\x00'
scr_cmd,Error: Unknown code:b'\x01\x00\x00\x00'
scr_cmd,Error: Unknown code:b'\x00\x00\x00\x00'
scr_cmd,Error: Unknown code:b'\x00\x00\x00 '
scr_cmd,Error: Unknown code:b'2\x04\x00\x00'
scr_cmd,Error: Unknown code:b'\x08\x00\x14\x00'
scr_cmd,Error: Unknown code:b'\x01\x00\x00\x00'
scr_cmd,Error: Unknown code:b'\x00\x00\x00\x00'
scr_cmd,Error: Unknown code:b'\x01\x00\x00 '
scr_cmd,Error: Unknown code:b'z\x04\x00\x00'
scr_cmd,[Make active:2]
scr_cmd,[Erase text]
txt,,すまない、もう一度頼む。
scr_cmd,[Show next arrow]
scr_cmd,[Wait for msg click]
scr_cmd,[Make active:6]
scr_cmd,[Erase text]
txt,,では最初から説明致します。
scr_cmd,[Show next arrow]
scr_cmd,[Wait for msg click]
scr_cmd,[Change Screen: Fadeout then Darken]
scr_cmd,[Script cleanup...]
scr_cmd,[Make active:2]
scr_cmd,[Erase text]
txt,,理解した。
scr_cmd,[Show next arrow]
scr_cmd,[Wait for msg click]
scr_cmd,[Make active:6]
scr_cmd,[Erase text]
txt,,わかりました。
txt,,他にわからないことは御座いますか？
scr_cmd,[Show next arrow]
scr_cmd,[Wait for msg click]
scr_cmd,Error: Unknown code:b'=\x00\x1c\x00'
scr_cmd,Error: Unknown code:b'\x00\x00\x00\x00'
scr_cmd,Error: Unknown code:b'\x04\x00\x00\x00'
scr_cmd,Error: Unknown code:b'*\x00\x00\x00'
scr_cmd,Error: Unknown code:b'+\x00\x00\x00'
scr_cmd,Error: Unknown code:b',\x00\x00\x00'
scr_cmd,Error: Unknown code:b'-\x00\x00\x00'
scr_cmd,Error: Unknown code:b'\x08\x00\x14\x00'
scr_cmd,Error: Unknown code:b'\x01\x00\x00\x00'
scr_cmd,Error: Unknown code:b'\x00\x00\x00\x00'
scr_cmd,Error: Unknown code:b'\x00\x00\x00 '
scr_cmd,Error: Unknown code:b' \x05\x00\x00'
scr_cmd,Error: Unknown code:b'\x08\x00\x14\x00'
scr_cmd,Error: Unknown code:b'\x01\x00\x00\x00'
scr_cmd,Error: Unknown code:b'\x00\x00\x00\x00'
scr_cmd,Error: Unknown code:b'\x01\x00\x00 '
scr_cmd,Error: Unknown code:b'~\x05\x00\x00'
scr_cmd,Error: Unknown code:b'\x08\x00\x14\x00'
scr_cmd,Error: Unknown code:b'\x01\x00\x00\x00'
scr_cmd,Error: Unknown code:b'\x00\x00\x00\x00'
scr_cmd,Error: Unknown code:b'\x02\x00\x00 '
scr_cmd,Error: Unknown code:b'\xd4\x05\x00\x00'
scr_cmd,Error: Unknown code:b'\x08\x00\x14\x00'
scr_cmd,Error: Unknown code:b'\x01\x00\x00\x00'
scr_cmd,Error: Unknown code:b'\x00\x00\x00\x00'
scr_cmd,Error: Unknown code:b'\x03\x00\x00 '
scr_cmd,Error: Unknown code:b'*\x06\x00\x00'
scr_cmd,[Make active:2]
scr_cmd,[Erase text]
txt,,いや、もう結構だ。
scr_cmd,[Show next arrow]
scr_cmd,[Wait for msg click]
scr_cmd,[Make active:6]
scr_cmd,[Erase text]
txt,,では、またご質問がありましたら、
txt,,お声をおかけ下さい。
scr_cmd,[Show next arrow]
scr_cmd,[Wait for msg click]
scr_cmd,[ms wait:600]
scr_cmd,[Change Screen: Fadeout then Darken]
scr_cmd,[Script cleanup...]
scr_cmd,[Load chapter: 1]
scr_cmd,[Make active:2]
scr_cmd,[Erase text]
txt,,注意事項について説明してくれ。
scr_cmd,[Show next arrow]
scr_cmd,[Wait for msg click]
scr_cmd,[Make active:6]
scr_cmd,[Erase text]
txt,,わかりました。
txt,,注意事項についてですね。
scr_cmd,[Show next arrow]
scr_cmd,[Wait for msg click]
scr_cmd,[ms wait:600]
scr_cmd,[Change Screen: Fadeout then Darken]
scr_cmd,[Script cleanup...]
scr_cmd,[Make active:2]
scr_cmd,[Erase text]
txt,,講義選択について説明してくれ。
scr_cmd,[Show next arrow]
scr_cmd,[Wait for msg click]
scr_cmd,[Make active:6]
scr_cmd,[Erase text]
txt,,わかりました。
txt,,講義選択についてですね。
scr_cmd,[Show next arrow]
scr_cmd,[Wait for msg click]
scr_cmd,[ms wait:600]
scr_cmd,[Change Screen: Fadeout then Darken]
scr_cmd,[Script cleanup...]
scr_cmd,[Make active:2]
scr_cmd,[Erase text]
txt,,冒険選択について説明してくれ。
scr_cmd,[Show next arrow]
scr_cmd,[Wait for msg click]
scr_cmd,[Make active:6]
scr_cmd,[Erase text]
txt,,わかりました。
txt,,冒険選択についてですね。
scr_cmd,[Show next arrow]
scr_cmd,[Wait for msg click]
scr_cmd,[ms wait:600]
scr_cmd,[Change Screen: Fadeout then Darken]
scr_cmd,[Script cleanup...]
scr_cmd,[END SCENE]
