scr_cmd,[Change Screen: Darken ]
scr_cmd,[Unknown code 1]
scr_cmd,[Show BG image (wip:
scr_cmd,Error: Unknown code:b'\x16\x00\x10\x00'
scr_cmd,Error: Unknown code:b'\x06\x00\x00 '
scr_cmd,Error: Unknown code:b'\x03\x00\x00 '
scr_cmd,Error: Unknown code:b'\x00\x00\x00 '
scr_cmd,Error: Unknown code:b'\x18\x00\x0c\x00'
scr_cmd,Error: Unknown code:b'\x06\x00\x00 '
scr_cmd,Error: Unknown code:b'\x00\x00\x00 '
scr_cmd,[Open nameless msg box atbottom-left]
scr_cmd,[Change Screen: Fadein then Lighten]
scr_cmd,[Make active:2]
txt,,「初めに」
scr_cmd,[Make active:6]
txt,,ここでは「班編成」のおおまかな
txt,,手順を説明致します。
scr_cmd,[Show next arrow]
scr_cmd,[Wait for msg click]
scr_cmd,[Show BG image (wip:
scr_cmd,[Make active:2]
txt,,
scr_cmd,[Make active:6]
scr_cmd,[Erase text]
txt,,この編成画面で先生１人につき
txt,,最大「４人」までの班を組みます。
scr_cmd,[Show next arrow]
scr_cmd,[Wait for msg click]
scr_cmd,[Show BG image (wip:
scr_cmd,[Make active:2]
txt,,
scr_cmd,[Make active:6]
scr_cmd,[Erase text]
txt,,ここでは班ごとに
txt,,冒険または講義の選択を行います。
scr_cmd,[Show next arrow]
scr_cmd,[Wait for msg click]
scr_cmd,[Show BG image (wip:
scr_cmd,[Make active:2]
txt,,
scr_cmd,[Make active:6]
scr_cmd,[Erase text]
txt,,全部の班の設定が終了すると
txt,,【予定進行】ボタンが点灯しますので、
txt,,左クリックすことにより予定を進行します。
scr_cmd,[Show next arrow]
scr_cmd,[Wait for msg click]
scr_cmd,[Show BG image (wip:
scr_cmd,[Make active:6]
scr_cmd,[Erase text]
txt,,…以上で班構成の流れの説明を終了致します。
txt,,ご理解頂けましたか？
scr_cmd,[Show next arrow]
scr_cmd,[Wait for msg click]
scr_cmd,Error: Unknown code:b'=\x00\x14\x00'
scr_cmd,Error: Unknown code:b'\x00\x00\x00\x00'
scr_cmd,Error: Unknown code:b'\x02\x00\x00\x00'
scr_cmd,Error: Unknown code:b'\x0f\x00\x00\x00'
scr_cmd,Error: Unknown code:b'\x10\x00\x00\x00'
scr_cmd,Error: Unknown code:b'\x08\x00\x14\x00'
scr_cmd,Error: Unknown code:b'\x01\x00\x00\x00'
scr_cmd,Error: Unknown code:b'\x00\x00\x00\x00'
scr_cmd,Error: Unknown code:b'\x00\x00\x00 '
scr_cmd,Error: Unknown code:b'\xaa\x01\x00\x00'
scr_cmd,Error: Unknown code:b'\x08\x00\x14\x00'
scr_cmd,Error: Unknown code:b'\x01\x00\x00\x00'
scr_cmd,Error: Unknown code:b'\x00\x00\x00\x00'
scr_cmd,Error: Unknown code:b'\x01\x00\x00 '
scr_cmd,Error: Unknown code:b'\xf2\x01\x00\x00'
scr_cmd,[Make active:2]
scr_cmd,[Erase text]
txt,,すまない、もう一度頼む。
scr_cmd,[Show next arrow]
scr_cmd,[Wait for msg click]
scr_cmd,[Make active:6]
scr_cmd,[Erase text]
txt,,では最初から説明致します。
scr_cmd,[Show next arrow]
scr_cmd,[Wait for msg click]
scr_cmd,[Change Screen: Fadeout then Darken]
scr_cmd,[Script cleanup...]
scr_cmd,[Make active:2]
scr_cmd,[Erase text]
txt,,理解した。
scr_cmd,[Show next arrow]
scr_cmd,[Wait for msg click]
scr_cmd,[Make active:6]
scr_cmd,[Erase text]
txt,,わかりました。
txt,,他にわからないことは御座いますか？
scr_cmd,[Show next arrow]
scr_cmd,[Wait for msg click]
scr_cmd,Error: Unknown code:b'=\x00\x1c\x00'
scr_cmd,Error: Unknown code:b'\x00\x00\x00\x00'
scr_cmd,Error: Unknown code:b'\x04\x00\x00\x00'
scr_cmd,Error: Unknown code:b'\x16\x00\x00\x00'
scr_cmd,Error: Unknown code:b'\x17\x00\x00\x00'
scr_cmd,Error: Unknown code:b'\x18\x00\x00\x00'
scr_cmd,Error: Unknown code:b'\x19\x00\x00\x00'
scr_cmd,Error: Unknown code:b'\x08\x00\x14\x00'
scr_cmd,Error: Unknown code:b'\x01\x00\x00\x00'
scr_cmd,Error: Unknown code:b'\x00\x00\x00\x00'
scr_cmd,Error: Unknown code:b'\x00\x00\x00 '
scr_cmd,Error: Unknown code:b'\x98\x02\x00\x00'
scr_cmd,Error: Unknown code:b'\x08\x00\x14\x00'
scr_cmd,Error: Unknown code:b'\x01\x00\x00\x00'
scr_cmd,Error: Unknown code:b'\x00\x00\x00\x00'
scr_cmd,Error: Unknown code:b'\x01\x00\x00 '
scr_cmd,Error: Unknown code:b'\xf6\x02\x00\x00'
scr_cmd,Error: Unknown code:b'\x08\x00\x14\x00'
scr_cmd,Error: Unknown code:b'\x01\x00\x00\x00'
scr_cmd,Error: Unknown code:b'\x00\x00\x00\x00'
scr_cmd,Error: Unknown code:b'\x02\x00\x00 '
scr_cmd,Error: Unknown code:b'L\x03\x00\x00'
scr_cmd,Error: Unknown code:b'\x08\x00\x14\x00'
scr_cmd,Error: Unknown code:b'\x01\x00\x00\x00'
scr_cmd,Error: Unknown code:b'\x00\x00\x00\x00'
scr_cmd,Error: Unknown code:b'\x03\x00\x00 '
scr_cmd,Error: Unknown code:b'\xa2\x03\x00\x00'
scr_cmd,[Make active:2]
scr_cmd,[Erase text]
txt,,いや、もう結構だ。
scr_cmd,[Show next arrow]
scr_cmd,[Wait for msg click]
scr_cmd,[Make active:6]
scr_cmd,[Erase text]
txt,,では、またご質問がありましたら、
txt,,お声をおかけ下さい。
scr_cmd,[Show next arrow]
scr_cmd,[Wait for msg click]
scr_cmd,[ms wait:600]
scr_cmd,[Change Screen: Fadeout then Darken]
scr_cmd,[Script cleanup...]
scr_cmd,[Load chapter: 0]
scr_cmd,[Make active:2]
scr_cmd,[Erase text]
txt,,班の組み方について説明してくれ。
scr_cmd,[Show next arrow]
scr_cmd,[Wait for msg click]
scr_cmd,[Make active:6]
scr_cmd,[Erase text]
txt,,わかりました。
txt,,班の組み方についてですね。
scr_cmd,[Show next arrow]
scr_cmd,[Wait for msg click]
scr_cmd,[ms wait:600]
scr_cmd,[Change Screen: Fadeout then Darken]
scr_cmd,[Script cleanup...]
scr_cmd,[Make active:2]
scr_cmd,[Erase text]
txt,,講義選択について説明してくれ。
scr_cmd,[Show next arrow]
scr_cmd,[Wait for msg click]
scr_cmd,[Make active:6]
scr_cmd,[Erase text]
txt,,わかりました。
txt,,講義選択についてですね。
scr_cmd,[Show next arrow]
scr_cmd,[Wait for msg click]
scr_cmd,[ms wait:600]
scr_cmd,[Change Screen: Fadeout then Darken]
scr_cmd,[Script cleanup...]
scr_cmd,[Make active:2]
scr_cmd,[Erase text]
txt,,冒険選択について説明してくれ。
scr_cmd,[Show next arrow]
scr_cmd,[Wait for msg click]
scr_cmd,[Make active:6]
scr_cmd,[Erase text]
txt,,わかりました。
txt,,冒険選択についてですね。
scr_cmd,[Show next arrow]
scr_cmd,[Wait for msg click]
scr_cmd,[ms wait:600]
scr_cmd,[Change Screen: Fadeout then Darken]
scr_cmd,[Script cleanup...]
scr_cmd,[END SCENE]
