scr_cmd,[Change Screen: Darken ]
scr_cmd,[Unknown code 1]
scr_cmd,[Show BG image (wip:
scr_cmd,[Change Screen: Fadein then Lighten]
scr_cmd,[Wait for msg click]
scr_cmd,[Change Screen: Fadeout then Darken]
scr_cmd,[Script cleanup...]
scr_cmd,[Show BG image (wip:
scr_cmd,Error: Unknown code:b'\x16\x00\x10\x00'
scr_cmd,Error: Unknown code:b'\x06\x00\x00 '
scr_cmd,Error: Unknown code:b'\x03\x00\x00 '
scr_cmd,Error: Unknown code:b'\x00\x00\x00 '
scr_cmd,Error: Unknown code:b'\x18\x00\x0c\x00'
scr_cmd,Error: Unknown code:b'\x06\x00\x00 '
scr_cmd,Error: Unknown code:b'\x00\x00\x00 '
scr_cmd,[Open nameless msg box atbottom-left]
scr_cmd,[Change Screen: Fadein then Lighten]
scr_cmd,[ms wait:600]
scr_cmd,[Make active:2]
txt,,「冒険選択について」
scr_cmd,[Make active:6]
txt,,ここでは班ごとの
txt,,「冒険選択」を説明して行きます。
scr_cmd,[Show next arrow]
scr_cmd,[Wait for msg click]
scr_cmd,Img params: X 54 Y 42 W 50 H 50
scr_cmd,[Show BG image (wip:
scr_cmd,[ms wait:600]
scr_cmd,[Erase text]
txt,,班が組み終わった状態で、
txt,,こちらのアイコンを左クリックしますと
txt,,「冒険選択」が出来るようになります。
scr_cmd,[Show next arrow]
scr_cmd,[Wait for msg click]
scr_cmd,Img params: X 398 Y 3 W 312 H 288
scr_cmd,[ms wait:600]
scr_cmd,[Make active:2]
txt,,
scr_cmd,[Make active:6]
scr_cmd,[Erase text]
txt,,冒険の選択はこのエリアで行います。
scr_cmd,[Show next arrow]
scr_cmd,[Wait for msg click]
scr_cmd,[Erase title]
scr_cmd,[ms wait:600]
scr_cmd,Img params: X 396 Y 46 W 238 H 74
scr_cmd,[ms wait:600]
txt,,冒険の題目はこちらに表示されます。
scr_cmd,[Show next arrow]
scr_cmd,[Wait for msg click]
scr_cmd,Img params: X 65 Y 25 W 86 H 32
scr_cmd,Img params: X 157 Y 42 W 250 H 68
scr_cmd,[Show BG image (wip:
scr_cmd,[ms wait:600]
scr_cmd,[Erase text]
txt,,各題目を左クリックすることにより
txt,,こちらに反映され、
txt,,選択されたことになります。
scr_cmd,[Show next arrow]
scr_cmd,[Wait for msg click]
scr_cmd,Error: Unknown code:b'I\x00\x08\x00'
scr_cmd,Error: Unknown code:b'\x01\x00\x00 '
scr_cmd,Error: Unknown code:b'I\x00\x08\x00'
scr_cmd,Error: Unknown code:b'\x02\x00\x00 '
scr_cmd,[ms wait:600]
scr_cmd,Img params: X 401 Y 141 W 298 H 152
scr_cmd,[ms wait:600]
scr_cmd,[Make active:2]
txt,,
scr_cmd,[Make active:6]
scr_cmd,[Erase text]
txt,,各題目を選択中は、こちらに
txt,,冒険の内容が提示されます。
txt,,その内容をご確認の上、
txt,,冒険に出すべきかを判断してください。
scr_cmd,[Show next arrow]
scr_cmd,[Wait for msg click]
scr_cmd,[Erase title]
scr_cmd,[ms wait:600]
scr_cmd,Img params: X 646 Y 43 W 68 H 80
scr_cmd,[ms wait:600]
scr_cmd,[Erase text]
txt,,又、冒険には「期限付き」と「無期限」
txt,,のものがあります
scr_cmd,[Show next arrow]
scr_cmd,[Wait for msg click]
scr_cmd,[Erase text]
txt,,「期限付き」冒険は題目の横の数字が
txt,,期限となっていまして、
txt,,最終日には「今週」と表示されます。
scr_cmd,[Show next arrow]
scr_cmd,[Wait for msg click]
scr_cmd,[Erase text]
txt,,「今週」のついた冒険は
txt,,その週に冒険に出ないと
txt,,次週から消えてしまいますので
txt,,注意して下さい。
scr_cmd,[Show next arrow]
scr_cmd,[Wait for msg click]
scr_cmd,[Erase title]
scr_cmd,[ms wait:600]
scr_cmd,[Erase text]
txt,,冒険の選択に関する説明は、以上です。
txt,,ご理解頂けましたか？
scr_cmd,[Show next arrow]
scr_cmd,[Wait for msg click]
scr_cmd,Error: Unknown code:b'=\x00\x14\x00'
scr_cmd,Error: Unknown code:b'\x00\x00\x00\x00'
scr_cmd,Error: Unknown code:b'\x02\x00\x00\x00'
scr_cmd,Error: Unknown code:b'\x1c\x00\x00\x00'
scr_cmd,Error: Unknown code:b'\x1d\x00\x00\x00'
scr_cmd,Error: Unknown code:b'\x08\x00\x14\x00'
scr_cmd,Error: Unknown code:b'\x01\x00\x00\x00'
scr_cmd,Error: Unknown code:b'\x00\x00\x00\x00'
scr_cmd,Error: Unknown code:b'\x00\x00\x00 '
scr_cmd,Error: Unknown code:b'\xb4\x03\x00\x00'
scr_cmd,Error: Unknown code:b'\x08\x00\x14\x00'
scr_cmd,Error: Unknown code:b'\x01\x00\x00\x00'
scr_cmd,Error: Unknown code:b'\x00\x00\x00\x00'
scr_cmd,Error: Unknown code:b'\x01\x00\x00 '
scr_cmd,Error: Unknown code:b'\xfc\x03\x00\x00'
scr_cmd,[Make active:2]
scr_cmd,[Erase text]
txt,,すまない、もう一度頼む。
scr_cmd,[Show next arrow]
scr_cmd,[Wait for msg click]
scr_cmd,[Make active:6]
scr_cmd,[Erase text]
txt,,では最初から説明致します。
scr_cmd,[Show next arrow]
scr_cmd,[Wait for msg click]
scr_cmd,[Change Screen: Fadeout then Darken]
scr_cmd,[Script cleanup...]
scr_cmd,[Make active:2]
scr_cmd,[Erase text]
txt,,理解した。
scr_cmd,[Show next arrow]
scr_cmd,[Wait for msg click]
scr_cmd,Img params: X 173 Y 15 W 182 H 58
scr_cmd,[ms wait:600]
scr_cmd,[Make active:6]
scr_cmd,[Erase text]
txt,,わかりました。では、最後に
txt,,この「予定進行ボタン」を押せば
txt,,その週の行動に移ります。
scr_cmd,[Show next arrow]
scr_cmd,[Wait for msg click]
scr_cmd,[Erase title]
scr_cmd,[ms wait:600]
scr_cmd,Img params: X 62 Y 65535 W 208 H 56
scr_cmd,[ms wait:600]
scr_cmd,[Erase text]
txt,,「予定進行」を押す前には
txt,,しっかりＳＡＶＥをしておきましょう。
txt,,では、他にわからないことは御座いますか？
scr_cmd,[Show next arrow]
scr_cmd,[Wait for msg click]
scr_cmd,[Erase title]
scr_cmd,[ms wait:600]
scr_cmd,Error: Unknown code:b'=\x00\x1c\x00'
scr_cmd,Error: Unknown code:b'\x00\x00\x00\x00'
scr_cmd,Error: Unknown code:b'\x04\x00\x00\x00'
scr_cmd,Error: Unknown code:b"'\x00\x00\x00"
scr_cmd,Error: Unknown code:b'(\x00\x00\x00'
scr_cmd,Error: Unknown code:b')\x00\x00\x00'
scr_cmd,Error: Unknown code:b'*\x00\x00\x00'
scr_cmd,Error: Unknown code:b'\x08\x00\x14\x00'
scr_cmd,Error: Unknown code:b'\x01\x00\x00\x00'
scr_cmd,Error: Unknown code:b'\x00\x00\x00\x00'
scr_cmd,Error: Unknown code:b'\x00\x00\x00 '
scr_cmd,Error: Unknown code:b'>\x05\x00\x00'
scr_cmd,Error: Unknown code:b'\x08\x00\x14\x00'
scr_cmd,Error: Unknown code:b'\x01\x00\x00\x00'
scr_cmd,Error: Unknown code:b'\x00\x00\x00\x00'
scr_cmd,Error: Unknown code:b'\x01\x00\x00 '
scr_cmd,Error: Unknown code:b'\x9c\x05\x00\x00'
scr_cmd,Error: Unknown code:b'\x08\x00\x14\x00'
scr_cmd,Error: Unknown code:b'\x01\x00\x00\x00'
scr_cmd,Error: Unknown code:b'\x00\x00\x00\x00'
scr_cmd,Error: Unknown code:b'\x02\x00\x00 '
scr_cmd,Error: Unknown code:b'\xf2\x05\x00\x00'
scr_cmd,Error: Unknown code:b'\x08\x00\x14\x00'
scr_cmd,Error: Unknown code:b'\x01\x00\x00\x00'
scr_cmd,Error: Unknown code:b'\x00\x00\x00\x00'
scr_cmd,Error: Unknown code:b'\x03\x00\x00 '
scr_cmd,Error: Unknown code:b'H\x06\x00\x00'
scr_cmd,[Make active:2]
scr_cmd,[Erase text]
txt,,いや、もう結構だ。
scr_cmd,[Show next arrow]
scr_cmd,[Wait for msg click]
scr_cmd,[Make active:6]
scr_cmd,[Erase text]
txt,,では、またご質問がありましたら、
txt,,お声をおかけ下さい。
scr_cmd,[Show next arrow]
scr_cmd,[Wait for msg click]
scr_cmd,[ms wait:600]
scr_cmd,[Change Screen: Fadeout then Darken]
scr_cmd,[Script cleanup...]
scr_cmd,[Load chapter: 1]
scr_cmd,[Make active:2]
scr_cmd,[Erase text]
txt,,注意事項について説明してくれ。
scr_cmd,[Show next arrow]
scr_cmd,[Wait for msg click]
scr_cmd,[Make active:6]
scr_cmd,[Erase text]
txt,,わかりました。
txt,,注意事項についてですね。
scr_cmd,[Show next arrow]
scr_cmd,[Wait for msg click]
scr_cmd,[ms wait:600]
scr_cmd,[Change Screen: Fadeout then Darken]
scr_cmd,[Script cleanup...]
scr_cmd,[Make active:2]
scr_cmd,[Erase text]
txt,,班の組み方について説明してくれ。
scr_cmd,[Show next arrow]
scr_cmd,[Wait for msg click]
scr_cmd,[Make active:6]
scr_cmd,[Erase text]
txt,,わかりました。
txt,,班の組み方についてですね。
scr_cmd,[Show next arrow]
scr_cmd,[Wait for msg click]
scr_cmd,[ms wait:600]
scr_cmd,[Change Screen: Fadeout then Darken]
scr_cmd,[Script cleanup...]
scr_cmd,[Make active:2]
scr_cmd,[Erase text]
txt,,講義選択について説明してくれ。
scr_cmd,[Show next arrow]
scr_cmd,[Wait for msg click]
scr_cmd,[Make active:6]
scr_cmd,[Erase text]
txt,,わかりました。
txt,,講義選択についてですね。
scr_cmd,[Show next arrow]
scr_cmd,[Wait for msg click]
scr_cmd,[ms wait:600]
scr_cmd,[Change Screen: Fadeout then Darken]
scr_cmd,[Script cleanup...]
scr_cmd,[END SCENE]
