scr_cmd,[Change Screen: Darken ]
scr_cmd,[Unknown code 1]
scr_cmd,[Show BG image (wip:
scr_cmd,[Change Screen: Fadein then Lighten]
scr_cmd,[Wait for msg click]
scr_cmd,[Change Screen: Fadeout then Darken]
scr_cmd,[Script cleanup...]
scr_cmd,[Show BG image (wip:
scr_cmd,Error: Unknown code:b'\x16\x00\x10\x00'
scr_cmd,Error: Unknown code:b'\x06\x00\x00 '
scr_cmd,Error: Unknown code:b'\x03\x00\x00 '
scr_cmd,Error: Unknown code:b'\x00\x00\x00 '
scr_cmd,Error: Unknown code:b'\x18\x00\x0c\x00'
scr_cmd,Error: Unknown code:b'\x06\x00\x00 '
scr_cmd,Error: Unknown code:b'\x00\x00\x00 '
scr_cmd,[Open nameless msg box atbottom-left]
scr_cmd,[Change Screen: Fadein then Lighten]
scr_cmd,[Make active:2]
txt,,「職業変更の仕方」
scr_cmd,[Make active:6]
txt,,ここでは職業変更の仕方を説明致します。
scr_cmd,[Show next arrow]
scr_cmd,[Wait for msg click]
scr_cmd,Img params: X 337 Y 400 W 74 H 74
scr_cmd,[Show BG image (wip:
scr_cmd,[ms wait:600]
scr_cmd,[Erase text]
txt,,まず、「職業プール」内で変更したい職業を
txt,,左クリックして下さい。
scr_cmd,[Show next arrow]
scr_cmd,[Wait for msg click]
scr_cmd,Img params: X 610 Y 297 W 90 H 54
scr_cmd,[Show BG image (wip:
scr_cmd,[ms wait:600]
scr_cmd,[Erase text]
txt,,次に「決定」ボタンを押して下さい。
txt,,これで、職業変更は完了しました。
scr_cmd,[Show next arrow]
scr_cmd,[Wait for msg click]
scr_cmd,[Erase title]
scr_cmd,[ms wait:600]
scr_cmd,Img params: X 449 Y 44 W 128 H 136
scr_cmd,[ms wait:600]
scr_cmd,[Make active:2]
txt,,・変更したい職業にあわせて左クリック
txt,,・「決定」を押し、決定する。
scr_cmd,[Make active:6]
scr_cmd,[Erase text]
txt,,変更した職業は、こちらにも表示されます。
scr_cmd,[Show next arrow]
scr_cmd,[Wait for msg click]
scr_cmd,[Erase text]
txt,,以上が大まかな流れです。
txt,,ここで、職業変更を行うにあたり
txt,,注意事項があります。
scr_cmd,[Show next arrow]
scr_cmd,[Wait for msg click]
scr_cmd,[Erase title]
scr_cmd,[ms wait:600]
scr_cmd,Img params: X 148 Y 302 W 320 H 44
scr_cmd,[ms wait:600]
scr_cmd,[Erase text]
txt,,職業を変更すると、
txt,,スキル・アイテムの装備許容量及び、
txt,,装備できる物が変化しますので、
txt,,すべてのスキルとアイテムが外されます。
scr_cmd,[Show next arrow]
scr_cmd,[Wait for msg click]
scr_cmd,[Erase title]
scr_cmd,[ms wait:600]
scr_cmd,[Show BG image (wip:
scr_cmd,[Make active:2]
scr_cmd,[Erase text]
txt,,「職業変更の補足説明」
scr_cmd,[Make active:6]
scr_cmd,[Erase text]
txt,,注意事項は以上です。
txt,,次に、補足説明を致します。
scr_cmd,[Show next arrow]
scr_cmd,[Wait for msg click]
scr_cmd,[Erase text]
txt,,各職業ごとの詳細を確認したい場合、
txt,,その「職業アイコン」を
txt,,左クリックして下さい。
scr_cmd,[Show next arrow]
scr_cmd,[Wait for msg click]
scr_cmd,Img params: X 337 Y 400 W 74 H 74
scr_cmd,Img params: X 471 Y 284 W 244 H 252
scr_cmd,[ms wait:600]
scr_cmd,[Erase text]
txt,,そうしますと、
txt,,右側「説明欄」に詳細が表示されます。
txt,,この「★」の数が多いほど
txt,,その能力に特化していることを表します。
scr_cmd,[Show next arrow]
scr_cmd,[Wait for msg click]
scr_cmd,Error: Unknown code:b'I\x00\x08\x00'
scr_cmd,Error: Unknown code:b'\x01\x00\x00 '
scr_cmd,[ms wait:600]
scr_cmd,Img params: X 196 Y 20 W 250 H 276
scr_cmd,[ms wait:600]
scr_cmd,[Erase text]
txt,,また、職業変更後の戦闘ステータスも、
txt,,こちらに表示されます。
scr_cmd,[Show next arrow]
scr_cmd,[Wait for msg click]
scr_cmd,[Erase title]
scr_cmd,[ms wait:600]
scr_cmd,[Erase text]
txt,,以上で、職業変更の仕方は終了です。
txt,,ご理解頂けましたか？
scr_cmd,[Show next arrow]
scr_cmd,[Wait for msg click]
scr_cmd,Error: Unknown code:b'=\x00\x14\x00'
scr_cmd,Error: Unknown code:b'\x00\x00\x00\x00'
scr_cmd,Error: Unknown code:b'\x02\x00\x00\x00'
scr_cmd,Error: Unknown code:b'\x1e\x00\x00\x00'
scr_cmd,Error: Unknown code:b'\x1f\x00\x00\x00'
scr_cmd,Error: Unknown code:b'\x08\x00\x14\x00'
scr_cmd,Error: Unknown code:b'\x01\x00\x00\x00'
scr_cmd,Error: Unknown code:b'\x00\x00\x00\x00'
scr_cmd,Error: Unknown code:b'\x00\x00\x00 '
scr_cmd,Error: Unknown code:b'\xe0\x03\x00\x00'
scr_cmd,Error: Unknown code:b'\x08\x00\x14\x00'
scr_cmd,Error: Unknown code:b'\x01\x00\x00\x00'
scr_cmd,Error: Unknown code:b'\x00\x00\x00\x00'
scr_cmd,Error: Unknown code:b'\x01\x00\x00 '
scr_cmd,Error: Unknown code:b'(\x04\x00\x00'
scr_cmd,[Make active:2]
scr_cmd,[Erase text]
txt,,すまない、もう一度頼む。
scr_cmd,[Show next arrow]
scr_cmd,[Wait for msg click]
scr_cmd,[Make active:6]
scr_cmd,[Erase text]
txt,,では最初から説明致します。
scr_cmd,[Show next arrow]
scr_cmd,[Wait for msg click]
scr_cmd,[Change Screen: Fadeout then Darken]
scr_cmd,[Script cleanup...]
scr_cmd,[Make active:2]
scr_cmd,[Erase text]
txt,,理解した。
scr_cmd,[Show next arrow]
scr_cmd,[Wait for msg click]
scr_cmd,[Make active:6]
scr_cmd,[Erase text]
txt,,わかりました。
txt,,他にわからないことは御座いますか？
scr_cmd,[Show next arrow]
scr_cmd,[Wait for msg click]
scr_cmd,[Make active:2]
scr_cmd,[Erase text]
txt,,……
scr_cmd,Error: Unknown code:b'=\x00$\x00'
scr_cmd,Error: Unknown code:b'\x00\x00\x00\x00'
scr_cmd,Error: Unknown code:b'\x06\x00\x00\x00'
scr_cmd,Error: Unknown code:b'&\x00\x00\x00'
scr_cmd,Error: Unknown code:b"'\x00\x00\x00"
scr_cmd,Error: Unknown code:b'(\x00\x00\x00'
scr_cmd,Error: Unknown code:b')\x00\x00\x00'
scr_cmd,Error: Unknown code:b'*\x00\x00\x00'
scr_cmd,Error: Unknown code:b'+\x00\x00\x00'
scr_cmd,Error: Unknown code:b'\x08\x00\x14\x00'
scr_cmd,Error: Unknown code:b'\x01\x00\x00\x00'
scr_cmd,Error: Unknown code:b'\x00\x00\x00\x00'
scr_cmd,Error: Unknown code:b'\x00\x00\x00 '
scr_cmd,Error: Unknown code:b'\x10\x05\x00\x00'
scr_cmd,Error: Unknown code:b'\x08\x00\x14\x00'
scr_cmd,Error: Unknown code:b'\x01\x00\x00\x00'
scr_cmd,Error: Unknown code:b'\x00\x00\x00\x00'
scr_cmd,Error: Unknown code:b'\x01\x00\x00 '
scr_cmd,Error: Unknown code:b'n\x05\x00\x00'
scr_cmd,Error: Unknown code:b'\x08\x00\x14\x00'
scr_cmd,Error: Unknown code:b'\x01\x00\x00\x00'
scr_cmd,Error: Unknown code:b'\x00\x00\x00\x00'
scr_cmd,Error: Unknown code:b'\x02\x00\x00 '
scr_cmd,Error: Unknown code:b'\xc4\x05\x00\x00'
scr_cmd,Error: Unknown code:b'\x08\x00\x14\x00'
scr_cmd,Error: Unknown code:b'\x01\x00\x00\x00'
scr_cmd,Error: Unknown code:b'\x00\x00\x00\x00'
scr_cmd,Error: Unknown code:b'\x03\x00\x00 '
scr_cmd,Error: Unknown code:b'\x1a\x06\x00\x00'
scr_cmd,Error: Unknown code:b'\x08\x00\x14\x00'
scr_cmd,Error: Unknown code:b'\x01\x00\x00\x00'
scr_cmd,Error: Unknown code:b'\x00\x00\x00\x00'
scr_cmd,Error: Unknown code:b'\x04\x00\x00 '
scr_cmd,Error: Unknown code:b'p\x06\x00\x00'
scr_cmd,Error: Unknown code:b'\x08\x00\x14\x00'
scr_cmd,Error: Unknown code:b'\x01\x00\x00\x00'
scr_cmd,Error: Unknown code:b'\x00\x00\x00\x00'
scr_cmd,Error: Unknown code:b'\x05\x00\x00 '
scr_cmd,Error: Unknown code:b'\xc6\x06\x00\x00'
scr_cmd,[Make active:2]
scr_cmd,[Erase text]
txt,,いや、もう結構だ。
scr_cmd,[Show next arrow]
scr_cmd,[Wait for msg click]
scr_cmd,[Make active:6]
scr_cmd,[Erase text]
txt,,では、またご質問がありましたら、
txt,,お声をおかけ下さい。
scr_cmd,[Show next arrow]
scr_cmd,[Wait for msg click]
scr_cmd,[ms wait:600]
scr_cmd,[Change Screen: Fadeout then Darken]
scr_cmd,[Script cleanup...]
scr_cmd,[Load chapter: 1]
scr_cmd,[Make active:2]
scr_cmd,[Erase text]
txt,,ステータスエリアについて説明してくれ。
scr_cmd,[Show next arrow]
scr_cmd,[Wait for msg click]
scr_cmd,[Make active:6]
scr_cmd,[Erase text]
txt,,わかりました。
txt,,ステータスエリアについてですね。
scr_cmd,[Show next arrow]
scr_cmd,[Wait for msg click]
scr_cmd,[ms wait:600]
scr_cmd,[Change Screen: Fadeout then Darken]
scr_cmd,[Script cleanup...]
scr_cmd,[Make active:2]
scr_cmd,[Erase text]
txt,,スキル装備の仕方について説明してくれ。
scr_cmd,[Show next arrow]
scr_cmd,[Wait for msg click]
scr_cmd,[Make active:6]
scr_cmd,[Erase text]
txt,,わかりました。
txt,,スキル装備の仕方についてですね。
scr_cmd,[Show next arrow]
scr_cmd,[Wait for msg click]
scr_cmd,[ms wait:600]
scr_cmd,[Change Screen: Fadeout then Darken]
scr_cmd,[Script cleanup...]
scr_cmd,[Make active:2]
scr_cmd,[Erase text]
txt,,アイテム装備の仕方について説明してくれ。
scr_cmd,[Show next arrow]
scr_cmd,[Wait for msg click]
scr_cmd,[Make active:6]
scr_cmd,[Erase text]
txt,,わかりました。
txt,,アイテム装備の仕方についてですね。
scr_cmd,[Show next arrow]
scr_cmd,[Wait for msg click]
scr_cmd,[ms wait:600]
scr_cmd,[Change Screen: Fadeout then Darken]
scr_cmd,[Script cleanup...]
scr_cmd,[Make active:2]
scr_cmd,[Erase text]
txt,,能力値上昇の仕方について説明してくれ。
scr_cmd,[Show next arrow]
scr_cmd,[Wait for msg click]
scr_cmd,[Make active:6]
scr_cmd,[Erase text]
txt,,わかりました。
txt,,能力値上昇の仕方についてですね。
scr_cmd,[Show next arrow]
scr_cmd,[Wait for msg click]
scr_cmd,[ms wait:600]
scr_cmd,[Change Screen: Fadeout then Darken]
scr_cmd,[Script cleanup...]
scr_cmd,[Make active:2]
scr_cmd,[Erase text]
txt,,生徒一覧について説明してくれ。
scr_cmd,[Show next arrow]
scr_cmd,[Wait for msg click]
scr_cmd,[Make active:6]
scr_cmd,[Erase text]
txt,,わかりました。
txt,,生徒一覧についてですね。
scr_cmd,[Show next arrow]
scr_cmd,[Wait for msg click]
scr_cmd,[ms wait:600]
scr_cmd,[Change Screen: Fadeout then Darken]
scr_cmd,[Script cleanup...]
scr_cmd,[END SCENE]
