scr_cmd,[Change Screen: Darken ]
scr_cmd,[Unknown code 1]
scr_cmd,[Show BG image (wip:
scr_cmd,[Change Screen: Fadein then Lighten]
scr_cmd,[Wait for msg click]
scr_cmd,[Change Screen: Fadeout then Darken]
scr_cmd,[Script cleanup...]
scr_cmd,[Show BG image (wip:
scr_cmd,Error: Unknown code:b'\x16\x00\x10\x00'
scr_cmd,Error: Unknown code:b'\x06\x00\x00 '
scr_cmd,Error: Unknown code:b'\x03\x00\x00 '
scr_cmd,Error: Unknown code:b'\x00\x00\x00 '
scr_cmd,Error: Unknown code:b'\x18\x00\x0c\x00'
scr_cmd,Error: Unknown code:b'\x06\x00\x00 '
scr_cmd,Error: Unknown code:b'\x00\x00\x00 '
scr_cmd,[Open nameless msg box atbottom-left]
scr_cmd,[Change Screen: Fadein then Lighten]
scr_cmd,[Make active:2]
txt,「スキル装備画面」の説明
scr_cmd,[Make active:6]
txt,ここでは、
txt,スキルを装備する方法を説明致します。
scr_cmd,[Show next arrow]
scr_cmd,[Wait for msg click]
scr_cmd,Img params: X 165 Y 340 W 426 H 184
scr_cmd,[ms wait:600]
scr_cmd,[Erase text]
txt,この「スキルプール」内から、
txt,明るくなっているアイコンを
txt,左クリックで掴んでください。
scr_cmd,[Show next arrow]
scr_cmd,[Wait for msg click]
scr_cmd,Img params: X 249 Y 281 W 158 H 62
scr_cmd,[ms wait:600]
scr_cmd,[Erase text]
txt,次に、アイコンを掴んだ状態で
txt,この「装備ポケット」まで持って行きます。
scr_cmd,[Show next arrow]
scr_cmd,[Wait for msg click]
scr_cmd,Img params: X 295 Y 194 W 154 H 162
scr_cmd,[Show BG image (wip:
scr_cmd,[ms wait:600]
scr_cmd,[Make active:2]
txt,○スキル装備の仕方
txt,・スキルプールからアイコンを掴み、
txt,　空いているポケットへドラッグ＆ドロップ
scr_cmd,[Make active:6]
scr_cmd,[Erase text]
txt,登録したい場所でボタンを放せば
txt,スキル装備の完了です。
txt,装備中のスキルは白いマスクがかかります。
scr_cmd,[Show next arrow]
scr_cmd,[Wait for msg click]
scr_cmd,[Erase title]
scr_cmd,[ms wait:600]
scr_cmd,Img params: X 574 Y 20 W 128 H 192
scr_cmd,[ms wait:600]
scr_cmd,[Erase text]
txt,又、装備したスキルは画面上段の
txt,「Ｓｋｉｌｌ」枠内にも反映されます。
scr_cmd,[Show next arrow]
scr_cmd,[Wait for msg click]
scr_cmd,[Erase title]
scr_cmd,[ms wait:600]
scr_cmd,[Erase text]
txt,装備の仕方はこのようになっております。
txt,ここで、スキルを装備するにあたり、
txt,注意事項があります。
scr_cmd,[Show next arrow]
scr_cmd,[Wait for msg click]
scr_cmd,[Show BG image (wip:
scr_cmd,[Erase text]
txt,スキルには個人ごとに
txt,「装備許可」が設けられていて、
txt,個人ごとに「スキル修得」していないと
txt,装備することは出来ません。
txt,習得方法は後程説明致します。
scr_cmd,[Show next arrow]
scr_cmd,[Wait for msg click]
scr_cmd,[Erase text]
txt,注意すべきは「Ｘ」のついたものです。
txt,これは「使用可能」であっても
txt,職業によって装備を
txt,制限されていることを表します。
scr_cmd,[Show next arrow]
scr_cmd,[Wait for msg click]
scr_cmd,[Show BG image (wip:
scr_cmd,[Make active:2]
scr_cmd,[Erase text]
txt,「スキル装備画面」の説明
txt,○スキル装備の注意点
txt,　・「Ｘ」マークのついたものや
txt,　　色が暗いものは装備できません
scr_cmd,[Make active:6]
scr_cmd,[Erase text]
txt,これは「反属性」と呼ばれるものです。
txt,例えば重戦士スキルを装備してると
txt,反属性である軽戦士スキルは一緒に
txt,装備できないことを表します。
scr_cmd,[Show next arrow]
scr_cmd,[Wait for msg click]
scr_cmd,[Show BG image (wip:
scr_cmd,Img params: X 148 Y 303 W 102 H 44
scr_cmd,[ms wait:600]
scr_cmd,[Erase text]
txt,装備できる数は、職業によって異なります。
txt,画面の箇所で確認してください。
scr_cmd,[Show next arrow]
scr_cmd,[Wait for msg click]
scr_cmd,[Erase text]
txt,左が、現在装備している数。
txt,右が、装備可能数です。
scr_cmd,[Show next arrow]
scr_cmd,[Wait for msg click]
scr_cmd,[Erase title]
scr_cmd,[ms wait:600]
scr_cmd,Img params: X 386 Y 334 W 44 H 44
scr_cmd,Img params: X 472 Y 312 W 242 H 224
scr_cmd,[ms wait:600]
scr_cmd,[Erase text]
txt,次に、先ほど話に出ました「スキル修得」
txt,について説明致します。
scr_cmd,[Show next arrow]
scr_cmd,[Wait for msg click]
scr_cmd,[Erase text]
txt,まず、
txt,スキルがどのようなものか
txt,「詳細」を知るにはアイコンを
txt,「左クリック」して下さい。
scr_cmd,[Show next arrow]
scr_cmd,[Wait for msg click]
scr_cmd,[Erase title]
scr_cmd,[ms wait:600]
scr_cmd,Img params: X 311 Y 334 W 44 H 44
scr_cmd,Img params: X 610 Y 296 W 90 H 58
scr_cmd,[Show BG image (wip:
scr_cmd,[ms wait:600]
scr_cmd,[Make active:2]
scr_cmd,[Erase text]
txt,「スキル装備画面」の説明
txt,・未修得スキルは修得承認ボタンを押し、
txt,　装備可能状態にする。
scr_cmd,[Make active:6]
scr_cmd,[Erase text]
txt,例えば、このアイコンを左クリックすると
txt,こちらにスキルの詳細が表示されます。
txt,未承認のスキルは「修得承認」ボタンが
txt,暗くなっています。
scr_cmd,[Show next arrow]
scr_cmd,[Wait for msg click]
scr_cmd,[Erase text]
txt,このボタンを押すことにより
txt,「修得完了」マークになり、
txt,装備が可能になります。
scr_cmd,[Show next arrow]
scr_cmd,[Wait for msg click]
scr_cmd,[Erase title]
scr_cmd,[ms wait:600]
scr_cmd,[Show BG image (wip:
scr_cmd,Img params: X 592 Y 337 W 120 H 50
scr_cmd,[ms wait:600]
scr_cmd,[Erase text]
txt,ここで注意して頂きたいのが、
txt,スキルを修得すためには「学級経験値」を
txt,支払わなければなりません。
txt,足りない場合、修得できませんので、
txt,ご注意下さい。
scr_cmd,[Show next arrow]
scr_cmd,[Wait for msg click]
scr_cmd,[Erase title]
scr_cmd,[ms wait:600]
scr_cmd,Img params: X 311 Y 334 W 44 H 44
scr_cmd,[ms wait:600]
scr_cmd,[Erase text]
txt,修得にあたり、他のキャラクタが
txt,そのスキルを所持してるかの確認は、
txt,見たいアイコンを左クリックし
scr_cmd,[Show next arrow]
scr_cmd,[Wait for msg click]
scr_cmd,Img params: X 479 Y 308 W 110 H 34
scr_cmd,[Show BG image (wip:
scr_cmd,[ms wait:600]
scr_cmd,[Erase text]
txt,「所持確認」ボタンを押すことにより
txt,画面上段の顔アイコンが明るく表示されます。
scr_cmd,[Show next arrow]
scr_cmd,[Wait for msg click]
scr_cmd,[Show BG image (wip:
scr_cmd,[Erase title]
scr_cmd,[ms wait:600]
scr_cmd,[Erase text]
txt,もう一度、「所持確認」ボタンを
txt,押すことにより元の画面に戻ります。
scr_cmd,[Show next arrow]
scr_cmd,[Wait for msg click]
scr_cmd,[Erase text]
txt,ステータス画面の説明は以上で終わります。
txt,ご理解頂けましたか？
scr_cmd,[Show next arrow]
scr_cmd,[Wait for msg click]
scr_cmd,Error: Unknown code:b'=\x00\x14\x00'
scr_cmd,Error: Unknown code:b'\x00\x00\x00\x00'
scr_cmd,Error: Unknown code:b'\x02\x00\x00\x00'
scr_cmd,Error: Unknown code:b'F\x00\x00\x00'
scr_cmd,Error: Unknown code:b'G\x00\x00\x00'
scr_cmd,Error: Unknown code:b'\x08\x00\x14\x00'
scr_cmd,Error: Unknown code:b'\x01\x00\x00\x00'
scr_cmd,Error: Unknown code:b'\x00\x00\x00\x00'
scr_cmd,Error: Unknown code:b'\x00\x00\x00 '
scr_cmd,Error: Unknown code:b'\x9c\x06\x00\x00'
scr_cmd,Error: Unknown code:b'\x08\x00\x14\x00'
scr_cmd,Error: Unknown code:b'\x01\x00\x00\x00'
scr_cmd,Error: Unknown code:b'\x00\x00\x00\x00'
scr_cmd,Error: Unknown code:b'\x01\x00\x00 '
scr_cmd,Error: Unknown code:b'\xe4\x06\x00\x00'
scr_cmd,[Make active:2]
scr_cmd,[Erase text]
txt,すまない、もう一度頼む。
scr_cmd,[Show next arrow]
scr_cmd,[Wait for msg click]
scr_cmd,[Make active:6]
scr_cmd,[Erase text]
txt,では最初から説明致します。
scr_cmd,[Show next arrow]
scr_cmd,[Wait for msg click]
scr_cmd,[Change Screen: Fadeout then Darken]
scr_cmd,[Script cleanup...]
scr_cmd,[Make active:2]
scr_cmd,[Erase text]
txt,理解した。
scr_cmd,[Show next arrow]
scr_cmd,[Wait for msg click]
scr_cmd,[Make active:6]
scr_cmd,[Erase text]
txt,わかりました。
txt,他にわからないことは御座いますか？
scr_cmd,[Show next arrow]
scr_cmd,[Wait for msg click]
scr_cmd,Error: Unknown code:b'=\x00$\x00'
scr_cmd,Error: Unknown code:b'\x00\x00\x00\x00'
scr_cmd,Error: Unknown code:b'\x06\x00\x00\x00'
scr_cmd,Error: Unknown code:b'M\x00\x00\x00'
scr_cmd,Error: Unknown code:b'N\x00\x00\x00'
scr_cmd,Error: Unknown code:b'O\x00\x00\x00'
scr_cmd,Error: Unknown code:b'P\x00\x00\x00'
scr_cmd,Error: Unknown code:b'Q\x00\x00\x00'
scr_cmd,Error: Unknown code:b'R\x00\x00\x00'
scr_cmd,Error: Unknown code:b'\x08\x00\x14\x00'
scr_cmd,Error: Unknown code:b'\x01\x00\x00\x00'
scr_cmd,Error: Unknown code:b'\x00\x00\x00\x00'
scr_cmd,Error: Unknown code:b'\x00\x00\x00 '
scr_cmd,Error: Unknown code:b'\xba\x07\x00\x00'
scr_cmd,Error: Unknown code:b'\x08\x00\x14\x00'
scr_cmd,Error: Unknown code:b'\x01\x00\x00\x00'
scr_cmd,Error: Unknown code:b'\x00\x00\x00\x00'
scr_cmd,Error: Unknown code:b'\x01\x00\x00 '
scr_cmd,Error: Unknown code:b'\x18\x08\x00\x00'
scr_cmd,Error: Unknown code:b'\x08\x00\x14\x00'
scr_cmd,Error: Unknown code:b'\x01\x00\x00\x00'
scr_cmd,Error: Unknown code:b'\x00\x00\x00\x00'
scr_cmd,Error: Unknown code:b'\x02\x00\x00 '
scr_cmd,Error: Unknown code:b'n\x08\x00\x00'
scr_cmd,Error: Unknown code:b'\x08\x00\x14\x00'
scr_cmd,Error: Unknown code:b'\x01\x00\x00\x00'
scr_cmd,Error: Unknown code:b'\x00\x00\x00\x00'
scr_cmd,Error: Unknown code:b'\x03\x00\x00 '
scr_cmd,Error: Unknown code:b'\xc4\x08\x00\x00'
scr_cmd,Error: Unknown code:b'\x08\x00\x14\x00'
scr_cmd,Error: Unknown code:b'\x01\x00\x00\x00'
scr_cmd,Error: Unknown code:b'\x00\x00\x00\x00'
scr_cmd,Error: Unknown code:b'\x04\x00\x00 '
scr_cmd,Error: Unknown code:b'\x1a\t\x00\x00'
scr_cmd,Error: Unknown code:b'\x08\x00\x14\x00'
scr_cmd,Error: Unknown code:b'\x01\x00\x00\x00'
scr_cmd,Error: Unknown code:b'\x00\x00\x00\x00'
scr_cmd,Error: Unknown code:b'\x05\x00\x00 '
scr_cmd,Error: Unknown code:b'p\t\x00\x00'
scr_cmd,[Make active:2]
scr_cmd,[Erase text]
txt,いや、もう結構だ。
scr_cmd,[Show next arrow]
scr_cmd,[Wait for msg click]
scr_cmd,[Make active:6]
scr_cmd,[Erase text]
txt,では、またご質問がありましたら、
txt,お声をおかけ下さい。
scr_cmd,[Show next arrow]
scr_cmd,[Wait for msg click]
scr_cmd,[ms wait:600]
scr_cmd,[Change Screen: Fadeout then Darken]
scr_cmd,[Script cleanup...]
scr_cmd,[Load chapter: 1]
scr_cmd,[Make active:2]
scr_cmd,[Erase text]
txt,ステータスエリアについて説明してくれ。
scr_cmd,[Show next arrow]
scr_cmd,[Wait for msg click]
scr_cmd,[Make active:6]
scr_cmd,[Erase text]
txt,わかりました。
txt,ステータスエリアについてですね。
scr_cmd,[Show next arrow]
scr_cmd,[Wait for msg click]
scr_cmd,[ms wait:600]
scr_cmd,[Change Screen: Fadeout then Darken]
scr_cmd,[Script cleanup...]
scr_cmd,[Make active:2]
scr_cmd,[Erase text]
txt,アイテム装備の仕方について説明してくれ。
scr_cmd,[Show next arrow]
scr_cmd,[Wait for msg click]
scr_cmd,[Make active:6]
scr_cmd,[Erase text]
txt,わかりました。
txt,アイテム装備の仕方についてですね。
scr_cmd,[Show next arrow]
scr_cmd,[Wait for msg click]
scr_cmd,[ms wait:600]
scr_cmd,[Change Screen: Fadeout then Darken]
scr_cmd,[Script cleanup...]
scr_cmd,[Make active:2]
scr_cmd,[Erase text]
txt,職業変更の仕方について説明してくれ。
scr_cmd,[Show next arrow]
scr_cmd,[Wait for msg click]
scr_cmd,[Make active:6]
scr_cmd,[Erase text]
txt,わかりました。
txt,職業変更の仕方についてですね。
scr_cmd,[Show next arrow]
scr_cmd,[Wait for msg click]
scr_cmd,[ms wait:600]
scr_cmd,[Change Screen: Fadeout then Darken]
scr_cmd,[Script cleanup...]
scr_cmd,[Make active:2]
scr_cmd,[Erase text]
txt,能力値上昇の仕方について説明してくれ。
scr_cmd,[Show next arrow]
scr_cmd,[Wait for msg click]
scr_cmd,[Make active:6]
scr_cmd,[Erase text]
txt,わかりました。
txt,能力値上昇の仕方についてですね。
scr_cmd,[Show next arrow]
scr_cmd,[Wait for msg click]
scr_cmd,[ms wait:600]
scr_cmd,[Change Screen: Fadeout then Darken]
scr_cmd,[Script cleanup...]
scr_cmd,[Make active:2]
scr_cmd,[Erase text]
txt,生徒一覧について説明してくれ。
scr_cmd,[Show next arrow]
scr_cmd,[Wait for msg click]
scr_cmd,[Make active:6]
scr_cmd,[Erase text]
txt,わかりました。
txt,生徒一覧についてですね。
scr_cmd,[Show next arrow]
scr_cmd,[Wait for msg click]
scr_cmd,[ms wait:600]
scr_cmd,[Change Screen: Fadeout then Darken]
scr_cmd,[Script cleanup...]
scr_cmd,[END SCENE]
