scr_cmd,[Change Screen: Darken ]
scr_cmd,[Unknown code 1]
scr_cmd,[Show BG image (wip:
scr_cmd,[Change Screen: Fadein then Lighten]
scr_cmd,[Wait for msg click]
scr_cmd,[Change Screen: Fadeout then Darken]
scr_cmd,[Script cleanup...]
scr_cmd,[Show BG image (wip:
scr_cmd,Error: Unknown code:b'\x16\x00\x10\x00'
scr_cmd,Error: Unknown code:b'\x06\x00\x00 '
scr_cmd,Error: Unknown code:b'\x03\x00\x00 '
scr_cmd,Error: Unknown code:b'\x00\x00\x00 '
scr_cmd,Error: Unknown code:b'\x18\x00\x0c\x00'
scr_cmd,Error: Unknown code:b'\x06\x00\x00 '
scr_cmd,Error: Unknown code:b'\x00\x00\x00 '
scr_cmd,[Open nameless msg box atbottom-left]
scr_cmd,[Change Screen: Fadein then Lighten]
scr_cmd,[ms wait:600]
scr_cmd,[Make active:2]
txt,,「能力値上昇の仕方」
scr_cmd,[Make active:6]
txt,,ここでは個人ごとの能力値上昇について
txt,,説明致します。
txt,,この作業により「基本ステータス」が
txt,,上昇します。
txt,,今回は「ＳＴＲ」を例として説明致します。
scr_cmd,[Show next arrow]
scr_cmd,[Wait for msg click]
scr_cmd,Img params: X 151 Y 332 W 314 H 36
scr_cmd,[Show BG image (wip:
scr_cmd,[ms wait:600]
scr_cmd,[Erase text]
txt,,「ＳＴＲ」能力を上昇させるには、
txt,,この範囲を操作します。
scr_cmd,[Show next arrow]
scr_cmd,[Wait for msg click]
scr_cmd,[Erase title]
scr_cmd,[ms wait:600]
scr_cmd,Img params: X 290 Y 328 W 62 H 40
scr_cmd,[ms wait:600]
scr_cmd,[Erase text]
txt,,この「ＵＰ・ＤＯＮＷ」ボタンを押し、
txt,,能力を上下させてください。
scr_cmd,[Show next arrow]
scr_cmd,[Wait for msg click]
scr_cmd,Img params: X 563 Y 498 W 72 H 38
scr_cmd,[Show BG image (wip:
scr_cmd,[ms wait:600]
scr_cmd,[Make active:2]
txt,,・好きな能力値を上げて、決定を左クリック。
scr_cmd,[Make active:6]
scr_cmd,[Erase text]
txt,,次に決定を押してください。
scr_cmd,[Show next arrow]
scr_cmd,[Wait for msg click]
scr_cmd,[Erase title]
scr_cmd,[ms wait:600]
scr_cmd,[Erase text]
txt,,これで、能力値は上昇しました。
scr_cmd,[Show next arrow]
scr_cmd,[Wait for msg click]
scr_cmd,[Make active:2]
scr_cmd,[Erase text]
txt,,「能力値上昇の注意点」
scr_cmd,[Make active:6]
scr_cmd,[Erase text]
txt,,ここで、能力値上昇を行うに当たり、
txt,,注意事項があります。
scr_cmd,[Show next arrow]
scr_cmd,[Wait for msg click]
scr_cmd,[Erase text]
txt,,能力値を上げるには
txt,,「学級経験値」を支払います。
scr_cmd,[Show next arrow]
scr_cmd,[Wait for msg click]
scr_cmd,Img params: X 346 Y 354 W 114 H 10
scr_cmd,Img params: X 555 Y 427 W 160 H 80
scr_cmd,[ms wait:600]
scr_cmd,[Erase text]
txt,,経験値が足りていないと
txt,,能力値の上昇はできませんので、
txt,,「必要形検値」と「学級経験値」を
txt,,御確認の上、振り分けて下さい。
scr_cmd,[Show next arrow]
scr_cmd,[Wait for msg click]
scr_cmd,[Erase title]
scr_cmd,[ms wait:600]
scr_cmd,[Make active:2]
scr_cmd,[Erase text]
txt,,「能力値上昇の補足説明」
scr_cmd,[Make active:6]
scr_cmd,[Erase text]
txt,,注意事項は以上です。
txt,,次に、補足説明を致します。
scr_cmd,[Show next arrow]
scr_cmd,[Wait for msg click]
scr_cmd,[Erase text]
txt,,ステータスの詳細を見る場合は、
txt,,見たいステータスを左クリックします。
scr_cmd,[Show next arrow]
scr_cmd,[Wait for msg click]
scr_cmd,[Show BG image (wip:
scr_cmd,Img params: X 151 Y 332 W 314 H 36
scr_cmd,Img params: X 555 Y 287 W 158 H 148
scr_cmd,[ms wait:600]
scr_cmd,[Erase text]
txt,,そうしますと、こちらの「説明欄」に
txt,,能力の詳細が表示されます。
scr_cmd,[Show next arrow]
scr_cmd,[Wait for msg click]
scr_cmd,[Erase title]
scr_cmd,[ms wait:600]
scr_cmd,[Show BG image (wip:
scr_cmd,Img params: X 456 Y 307 W 104 H 204
scr_cmd,[ms wait:600]
scr_cmd,[Erase text]
txt,,強化される内容は、こちらをご覧下さい。
scr_cmd,[Show next arrow]
scr_cmd,[Wait for msg click]
scr_cmd,Img params: X 199 Y 40 W 66 H 250
scr_cmd,Img params: X 377 Y 39 W 32 H 252
scr_cmd,[ms wait:600]
scr_cmd,[Erase text]
txt,,強化される内容は、こちらをご覧下さい。
txt,,このアイコンは、
txt,,こちらと同じものに影響を与えます。
scr_cmd,[Show next arrow]
scr_cmd,[Wait for msg click]
scr_cmd,[Erase title]
scr_cmd,[ms wait:600]
scr_cmd,Img params: X 451 Y 169 W 124 H 120
scr_cmd,[ms wait:600]
scr_cmd,[Erase text]
txt,,上昇した能力値は、こちらにも表示されます。
scr_cmd,[Show next arrow]
scr_cmd,[Wait for msg click]
scr_cmd,[Erase title]
scr_cmd,[ms wait:600]
scr_cmd,Img params: X 224 Y 328 W 42 H 42
scr_cmd,Img params: X 265 Y 330 W 36 H 36
scr_cmd,Img params: X 199 Y 40 W 246 H 250
scr_cmd,[ms wait:600]
scr_cmd,[Erase text]
txt,,上昇中は、現在値と順位の変動と、
txt,,戦闘ステータスの変動も同時に確認できます。
scr_cmd,[Show next arrow]
scr_cmd,[Wait for msg click]
scr_cmd,[Erase text]
scr_cmd,[Erase title]
scr_cmd,[ms wait:600]
txt,,この値を確認し、決定判断基準にして下さい。
txt,,以上で、職業変更の仕方は終了です。
txt,,ご理解頂けましたか？
scr_cmd,[Wait for msg click]
scr_cmd,[Erase text]
scr_cmd,Error: Unknown code:b'=\x00\x14\x00'
scr_cmd,Error: Unknown code:b'\x00\x00\x00\x00'
scr_cmd,Error: Unknown code:b'\x02\x00\x00\x00'
scr_cmd,Error: Unknown code:b"'\x00\x00\x00"
scr_cmd,Error: Unknown code:b'(\x00\x00\x00'
scr_cmd,Error: Unknown code:b'\x08\x00\x14\x00'
scr_cmd,Error: Unknown code:b'\x01\x00\x00\x00'
scr_cmd,Error: Unknown code:b'\x00\x00\x00\x00'
scr_cmd,Error: Unknown code:b'\x00\x00\x00 '
scr_cmd,Error: Unknown code:b'\xc2\x05\x00\x00'
scr_cmd,Error: Unknown code:b'\x08\x00\x14\x00'
scr_cmd,Error: Unknown code:b'\x01\x00\x00\x00'
scr_cmd,Error: Unknown code:b'\x00\x00\x00\x00'
scr_cmd,Error: Unknown code:b'\x01\x00\x00 '
scr_cmd,Error: Unknown code:b'\n\x06\x00\x00'
scr_cmd,[Make active:2]
scr_cmd,[Erase text]
txt,,すまない、もう一度頼む。
scr_cmd,[Show next arrow]
scr_cmd,[Wait for msg click]
scr_cmd,[Make active:6]
scr_cmd,[Erase text]
txt,,では最初から説明致します。
scr_cmd,[Show next arrow]
scr_cmd,[Wait for msg click]
scr_cmd,[Change Screen: Fadeout then Darken]
scr_cmd,[Script cleanup...]
scr_cmd,[Make active:2]
scr_cmd,[Erase text]
txt,,理解した。
scr_cmd,[Show next arrow]
scr_cmd,[Wait for msg click]
scr_cmd,[Make active:6]
scr_cmd,[Erase text]
txt,,わかりました。
txt,,他にわからないことは御座いますか？
scr_cmd,[Show next arrow]
scr_cmd,[Wait for msg click]
scr_cmd,Error: Unknown code:b'=\x00$\x00'
scr_cmd,Error: Unknown code:b'\x00\x00\x00\x00'
scr_cmd,Error: Unknown code:b'\x06\x00\x00\x00'
scr_cmd,Error: Unknown code:b'.\x00\x00\x00'
scr_cmd,Error: Unknown code:b'/\x00\x00\x00'
scr_cmd,Error: Unknown code:b'0\x00\x00\x00'
scr_cmd,Error: Unknown code:b'1\x00\x00\x00'
scr_cmd,Error: Unknown code:b'2\x00\x00\x00'
scr_cmd,Error: Unknown code:b'3\x00\x00\x00'
scr_cmd,Error: Unknown code:b'\x08\x00\x14\x00'
scr_cmd,Error: Unknown code:b'\x01\x00\x00\x00'
scr_cmd,Error: Unknown code:b'\x00\x00\x00\x00'
scr_cmd,Error: Unknown code:b'\x00\x00\x00 '
scr_cmd,Error: Unknown code:b'\xe0\x06\x00\x00'
scr_cmd,Error: Unknown code:b'\x08\x00\x14\x00'
scr_cmd,Error: Unknown code:b'\x01\x00\x00\x00'
scr_cmd,Error: Unknown code:b'\x00\x00\x00\x00'
scr_cmd,Error: Unknown code:b'\x01\x00\x00 '
scr_cmd,Error: Unknown code:b'>\x07\x00\x00'
scr_cmd,Error: Unknown code:b'\x08\x00\x14\x00'
scr_cmd,Error: Unknown code:b'\x01\x00\x00\x00'
scr_cmd,Error: Unknown code:b'\x00\x00\x00\x00'
scr_cmd,Error: Unknown code:b'\x02\x00\x00 '
scr_cmd,Error: Unknown code:b'\x94\x07\x00\x00'
scr_cmd,Error: Unknown code:b'\x08\x00\x14\x00'
scr_cmd,Error: Unknown code:b'\x01\x00\x00\x00'
scr_cmd,Error: Unknown code:b'\x00\x00\x00\x00'
scr_cmd,Error: Unknown code:b'\x03\x00\x00 '
scr_cmd,Error: Unknown code:b'\xea\x07\x00\x00'
scr_cmd,Error: Unknown code:b'\x08\x00\x14\x00'
scr_cmd,Error: Unknown code:b'\x01\x00\x00\x00'
scr_cmd,Error: Unknown code:b'\x00\x00\x00\x00'
scr_cmd,Error: Unknown code:b'\x04\x00\x00 '
scr_cmd,Error: Unknown code:b'@\x08\x00\x00'
scr_cmd,Error: Unknown code:b'\x08\x00\x14\x00'
scr_cmd,Error: Unknown code:b'\x01\x00\x00\x00'
scr_cmd,Error: Unknown code:b'\x00\x00\x00\x00'
scr_cmd,Error: Unknown code:b'\x05\x00\x00 '
scr_cmd,Error: Unknown code:b'\x96\x08\x00\x00'
scr_cmd,[Make active:2]
scr_cmd,[Erase text]
txt,,いや、もう結構だ。
scr_cmd,[Show next arrow]
scr_cmd,[Wait for msg click]
scr_cmd,[Make active:6]
scr_cmd,[Erase text]
txt,,では、またご質問がありましたら、
txt,,お声をおかけ下さい。
scr_cmd,[Show next arrow]
scr_cmd,[Wait for msg click]
scr_cmd,[ms wait:600]
scr_cmd,[Change Screen: Fadeout then Darken]
scr_cmd,[Script cleanup...]
scr_cmd,[Load chapter: 1]
scr_cmd,[Make active:2]
scr_cmd,[Erase text]
txt,,ステータスエリアについて説明してくれ。
scr_cmd,[Show next arrow]
scr_cmd,[Wait for msg click]
scr_cmd,[Make active:6]
scr_cmd,[Erase text]
txt,,わかりました。
txt,,ステータスエリアについてですね。
scr_cmd,[Show next arrow]
scr_cmd,[Wait for msg click]
scr_cmd,[ms wait:600]
scr_cmd,[Change Screen: Fadeout then Darken]
scr_cmd,[Script cleanup...]
scr_cmd,[Make active:2]
scr_cmd,[Erase text]
txt,,スキル装備の仕方について説明してくれ。
scr_cmd,[Show next arrow]
scr_cmd,[Wait for msg click]
scr_cmd,[Make active:6]
scr_cmd,[Erase text]
txt,,わかりました。
txt,,スキル装備の仕方についてですね。
scr_cmd,[Show next arrow]
scr_cmd,[Wait for msg click]
scr_cmd,[ms wait:600]
scr_cmd,[Change Screen: Fadeout then Darken]
scr_cmd,[Script cleanup...]
scr_cmd,[Make active:2]
scr_cmd,[Erase text]
txt,,アイテム装備の仕方について説明してくれ。
scr_cmd,[Show next arrow]
scr_cmd,[Wait for msg click]
scr_cmd,[Make active:6]
scr_cmd,[Erase text]
txt,,わかりました。
txt,,アイテム装備の仕方についてですね。
scr_cmd,[Show next arrow]
scr_cmd,[Wait for msg click]
scr_cmd,[ms wait:600]
scr_cmd,[Change Screen: Fadeout then Darken]
scr_cmd,[Script cleanup...]
scr_cmd,[Make active:2]
scr_cmd,[Erase text]
txt,,職業変更の仕方について説明してくれ。
scr_cmd,[Show next arrow]
scr_cmd,[Wait for msg click]
scr_cmd,[Make active:6]
scr_cmd,[Erase text]
txt,,わかりました。
txt,,職業変更の仕方についてですね。
scr_cmd,[Show next arrow]
scr_cmd,[Wait for msg click]
scr_cmd,[ms wait:600]
scr_cmd,[Change Screen: Fadeout then Darken]
scr_cmd,[Script cleanup...]
scr_cmd,[Make active:2]
scr_cmd,[Erase text]
txt,,生徒一覧について説明してくれ。
scr_cmd,[Show next arrow]
scr_cmd,[Wait for msg click]
scr_cmd,[Make active:6]
scr_cmd,[Erase text]
txt,,わかりました。
txt,,生徒一覧についてですね。
scr_cmd,[Show next arrow]
scr_cmd,[Wait for msg click]
scr_cmd,[ms wait:600]
scr_cmd,[Change Screen: Fadeout then Darken]
scr_cmd,[Script cleanup...]
scr_cmd,[END SCENE]
