reinsertion_flags,no_scene_elements
txt,0,デバッグ用です。【ココは書き換えないでね】
txt,1,０１　ここに記述
txt,2,０２
txt,3,０３
txt,4,０４
txt,5,０５
txt,6,０６
txt,7,０７
txt,8,０８
txt,9,０９
txt,10,１０
txt,11,０１　ここに記述
txt,12,０２
txt,13,０３
txt,14,０４
txt,15,０５
txt,16,０６
txt,17,０７
txt,18,０８
txt,19,０９
txt,20,１０
txt,21,０１　ここに記述
txt,22,０２
txt,23,０３
txt,24,０４
txt,25,０５
txt,26,０６
txt,27,０７
txt,28,０８
txt,29,０９
txt,30,１０
txt,31,０１　ここに記述
txt,32,０２
txt,33,０３
txt,34,０４
txt,35,０５
txt,36,０６
txt,37,０７
txt,38,０８
txt,39,０９
txt,40,１０
txt,41,０１　ここに記述
txt,42,０２
txt,43,０３
txt,44,０４
txt,45,０５
txt,46,０６
txt,47,０７
txt,48,０８
txt,49,０９
txt,50,１０
txt,51,０１　ここに記述
txt,52,０２
txt,53,０３
txt,54,０４
txt,55,０５
txt,56,０６
txt,57,０７
txt,58,０８
txt,59,０９
txt,60,１０
txt,61,０１　ここに記述
txt,62,０２
txt,63,０３
txt,64,０４
txt,65,０５
txt,66,０６
txt,67,０７
txt,68,０８
txt,69,０９
txt,70,１０
txt,71,０１　ここに記述
txt,72,０２
txt,73,０３
txt,74,０４
txt,75,０５
txt,76,０６
txt,77,０７
txt,78,０８
txt,79,０９
txt,80,１０
txt,81,０１　ここに記述
txt,82,０２
txt,83,０３
txt,84,０４
txt,85,０５
txt,86,０６
txt,87,０７
txt,88,０８
txt,89,０９
txt,90,１０
txt,91,０１　ここに記述
txt,92,０２
txt,93,０３
txt,94,０４
txt,95,０５
txt,96,０６
txt,97,０７
txt,98,０８
txt,99,０９
txt,100,１０
txt,101,０１　ここに記述
txt,102,０２
txt,103,０３
txt,104,０４
txt,105,０５
txt,106,０６
txt,107,０７
txt,108,０８
txt,109,０９
txt,110,１０
txt,111,０１　ここに記述
txt,112,０２
txt,113,０３
txt,114,０４
txt,115,０５
txt,116,０６
txt,117,０７
txt,118,０８
txt,119,０９
txt,120,１０
txt,121,０１　ここに記述
txt,122,０２
txt,123,０３
txt,124,０４
txt,125,０５
txt,126,０６
txt,127,０７
txt,128,０８
txt,129,０９
txt,130,１０
txt,131,０１　ここに記述
txt,132,０２
txt,133,０３
txt,134,０４
txt,135,０５
txt,136,０６
txt,137,０７
txt,138,０８
txt,139,０９
txt,140,１０
txt,141,０１　ここに記述
txt,142,０２
txt,143,０３
txt,144,０４
txt,145,０５
txt,146,０６
txt,147,０７
txt,148,０８
txt,149,０９
txt,150,１０
txt,151,０１　ここに記述
txt,152,０２
txt,153,０３
txt,154,０４
txt,155,０５
txt,156,０６
txt,157,０７
txt,158,０８
txt,159,０９
txt,160,１０
txt,161,０１　ここに記述
txt,162,０２
txt,163,０３
txt,164,０４
txt,165,０５
txt,166,０６
txt,167,０７
txt,168,０８
txt,169,０９
txt,170,１０
txt,171,０１　ここに記述
txt,172,０２
txt,173,０３
txt,174,０４
txt,175,０５
txt,176,０６
txt,177,０７
txt,178,０８
txt,179,０９
txt,180,１０
txt,181,０１　ここに記述
txt,182,０２
txt,183,０３
txt,184,０４
txt,185,０５
txt,186,０６
txt,187,０７
txt,188,０８
txt,189,０９
txt,190,１０
txt,191,０１　ここに記述
txt,192,０２
txt,193,０３
txt,194,０４
txt,195,０５
txt,196,０６
txt,197,０７
txt,198,０８
txt,199,０９
txt,200,１０
txt,201,０１　ここに記述
txt,202,０２
txt,203,０３
txt,204,０４
txt,205,０５
txt,206,０６
txt,207,０７
txt,208,０８
txt,209,０９
txt,210,１０
txt,211,０１　ここに記述
txt,212,０２
txt,213,０３
txt,214,０４
txt,215,０５
txt,216,０６
txt,217,０７
txt,218,０８
txt,219,０９
txt,220,１０
txt,221,０１　ここに記述
txt,222,０２
txt,223,０３
txt,224,０４
txt,225,０５
txt,226,０６
txt,227,０７
txt,228,０８
txt,229,０９
txt,230,１０
txt,231,０１　ここに記述
txt,232,０２
txt,233,０３
txt,234,０４
txt,235,０５
txt,236,０６
txt,237,０７
txt,238,０８
txt,239,０９
txt,240,１０
txt,241,０１　ここに記述
txt,242,０２
txt,243,０３
txt,244,０４
txt,245,０５
txt,246,０６
txt,247,０７
txt,248,０８
txt,249,０９
txt,250,１０
txt,251,０１　ここに記述
txt,252,０２
txt,253,０３
txt,254,０４
txt,255,０５
txt,256,０６
txt,257,０７
txt,258,０８
txt,259,０９
txt,260,１０
txt,261,０１　ここに記述
txt,262,０２
txt,263,０３
txt,264,０４
txt,265,０５
txt,266,０６
txt,267,０７
txt,268,０８
txt,269,０９
txt,270,１０
txt,271,０１　ここに記述
txt,272,０２
txt,273,０３
txt,274,０４
txt,275,０５
txt,276,０６
txt,277,０７
txt,278,０８
txt,279,０９
txt,280,１０
txt,281,０１　ここに記述
txt,282,０２
txt,283,０３
txt,284,０４
txt,285,０５
txt,286,０６
txt,287,０７
txt,288,０８
txt,289,０９
txt,290,１０
txt,291,０１　ここに記述
txt,292,０２
txt,293,０３
txt,294,０４
txt,295,０５
txt,296,０６
txt,297,０７
txt,298,０８
txt,299,０９
txt,300,１０
txt,301,０１　ここに記述
txt,302,０２
txt,303,０３
txt,304,０４
txt,305,０５
txt,306,０６
txt,307,０７
txt,308,０８
txt,309,０９
txt,310,１０
txt,311,０１　ここに記述
txt,312,０２
txt,313,０３
txt,314,０４
txt,315,０５
txt,316,０６
txt,317,０７
txt,318,０８
txt,319,０９
txt,320,１０
txt,321,０１　ここに記述
txt,322,０２
txt,323,０３
txt,324,０４
txt,325,０５
txt,326,０６
txt,327,０７
txt,328,０８
txt,329,０９
txt,330,１０
txt,331,０１　ここに記述
txt,332,０２
txt,333,０３
txt,334,０４
txt,335,０５
txt,336,０６
txt,337,０７
txt,338,０８
txt,339,０９
txt,340,１０
txt,341,０１　ここに記述
txt,342,０２
txt,343,０３
txt,344,０４
txt,345,０５
txt,346,０６
txt,347,０７
txt,348,０８
txt,349,０９
txt,350,１０
txt,351,０１　ここに記述
txt,352,０２
txt,353,０３
txt,354,０４
txt,355,０５
txt,356,０６
txt,357,０７
txt,358,０８
txt,359,０９
txt,360,１０
txt,361,０１　ここに記述
txt,362,０２
txt,363,０３
txt,364,０４
txt,365,０５
txt,366,０６
txt,367,０７
txt,368,０８
txt,369,０９
txt,370,１０
txt,371,０１　ここに記述
txt,372,０２
txt,373,０３
txt,374,０４
txt,375,０５
txt,376,０６
txt,377,０７
txt,378,０８
txt,379,０９
txt,380,１０
txt,381,０１　ここに記述
txt,382,０２
txt,383,０３
txt,384,０４
txt,385,０５
txt,386,０６
txt,387,０７
txt,388,０８
txt,389,０９
txt,390,１０
txt,391,０１　ここに記述
txt,392,０２
txt,393,０３
txt,394,０４
txt,395,０５
txt,396,０６
txt,397,０７
txt,398,０８
txt,399,０９
txt,400,１０
txt,401,０１　ここに記述
txt,402,０２
txt,403,０３
txt,404,０４
txt,405,０５
txt,406,０６
txt,407,０７
txt,408,０８
txt,409,０９
txt,410,１０
txt,411,０１　ここに記述
txt,412,０２
txt,413,０３
txt,414,０４
txt,415,０５
txt,416,０６
txt,417,０７
txt,418,０８
txt,419,０９
txt,420,１０
txt,421,０１　ここに記述
txt,422,０２
txt,423,０３
txt,424,０４
txt,425,０５
txt,426,０６
txt,427,０７
txt,428,０８
txt,429,０９
txt,430,１０
txt,431,０１　ここに記述
txt,432,０２
txt,433,０３
txt,434,０４
txt,435,０５
txt,436,０６
txt,437,０７
txt,438,０８
txt,439,０９
txt,440,１０
txt,441,０１　ここに記述
txt,442,０２
txt,443,０３
txt,444,０４
txt,445,０５
txt,446,０６
txt,447,０７
txt,448,０８
txt,449,０９
txt,450,１０
txt,451,０１　ここに記述
txt,452,０２
txt,453,０３
txt,454,０４
txt,455,０５
txt,456,０６
txt,457,０７
txt,458,０８
txt,459,０９
txt,460,１０
txt,461,０１　ここに記述
txt,462,０２
txt,463,０３
txt,464,０４
txt,465,０５
txt,466,０６
txt,467,０７
txt,468,０８
txt,469,０９
txt,470,１０
txt,471,０１　ここに記述
txt,472,０２
txt,473,０３
txt,474,０４
txt,475,０５
txt,476,０６
txt,477,０７
txt,478,０８
txt,479,０９
txt,480,１０
txt,481,０１　ここに記述
txt,482,０２
txt,483,０３
txt,484,０４
txt,485,０５
txt,486,０６
txt,487,０７
txt,488,０８
txt,489,０９
txt,490,１０
txt,491,０１　ここに記述
txt,492,０２
txt,493,０３
txt,494,０４
txt,495,０５
txt,496,０６
txt,497,０７
txt,498,０８
txt,499,０９
txt,500,１０
txt,501,０１　ここに記述
txt,502,０２
txt,503,０３
txt,504,０４
txt,505,０５
txt,506,０６
txt,507,０７
txt,508,０８
txt,509,０９
txt,510,１０
txt,511,０１　ここに記述
txt,512,０２
txt,513,０３
txt,514,０４
txt,515,０５
txt,516,０６
txt,517,０７
txt,518,０８
txt,519,０９
txt,520,１０
txt,521,０１　ここに記述
txt,522,０２
txt,523,０３
txt,524,０４
txt,525,０５
txt,526,０６
txt,527,０７
txt,528,０８
txt,529,０９
txt,530,１０
txt,531,０１　ここに記述
txt,532,０２
txt,533,０３
txt,534,０４
txt,535,０５
txt,536,０６
txt,537,０７
txt,538,０８
txt,539,０９
txt,540,１０
txt,541,０１　ここに記述
txt,542,０２
txt,543,０３
txt,544,０４
txt,545,０５
txt,546,０６
txt,547,０７
txt,548,０８
txt,549,０９
txt,550,１０
txt,551,０１　ここに記述
txt,552,０２
txt,553,０３
txt,554,０４
txt,555,０５
txt,556,０６
txt,557,０７
txt,558,０８
txt,559,０９
txt,560,１０
txt,561,０１　ここに記述
txt,562,０２
txt,563,０３
txt,564,０４
txt,565,０５
txt,566,０６
txt,567,０７
txt,568,０８
txt,569,０９
txt,570,１０
txt,571,０１　ここに記述
txt,572,０２
txt,573,０３
txt,574,０４
txt,575,０５
txt,576,０６
txt,577,０７
txt,578,０８
txt,579,０９
txt,580,１０
txt,581,０１　ここに記述
txt,582,０２
txt,583,０３
txt,584,０４
txt,585,０５
txt,586,０６
txt,587,０７
txt,588,０８
txt,589,０９
txt,590,１０
txt,591,０１　ここに記述
txt,592,０２
txt,593,０３
txt,594,０４
txt,595,０５
txt,596,０６
txt,597,０７
txt,598,０８
txt,599,０９
txt,600,１０
txt,601,０１　ここに記述
txt,602,０２
txt,603,０３
txt,604,０４
txt,605,０５
txt,606,０６
txt,607,０７
txt,608,０８
txt,609,０９
txt,610,１０
txt,611,０１　ここに記述
txt,612,０２
txt,613,０３
txt,614,０４
txt,615,０５
txt,616,０６
txt,617,０７
txt,618,０８
txt,619,０９
txt,620,１０
txt,621,０１　ここに記述
txt,622,０２
txt,623,０３
txt,624,０４
txt,625,０５
txt,626,０６
txt,627,０７
txt,628,０８
txt,629,０９
txt,630,１０
txt,631,０１　ここに記述
txt,632,０２
txt,633,０３
txt,634,０４
txt,635,０５
txt,636,０６
txt,637,０７
txt,638,０８
txt,639,０９
txt,640,１０
txt,641,０１　ここに記述
txt,642,０２
txt,643,０３
txt,644,０４
txt,645,０５
txt,646,０６
txt,647,０７
txt,648,０８
txt,649,０９
txt,650,１０
txt,651,０１　ここに記述
txt,652,０２
txt,653,０３
txt,654,０４
txt,655,０５
txt,656,０６
txt,657,０７
txt,658,０８
txt,659,０９
txt,660,１０
txt,661,０１　ここに記述
txt,662,０２
txt,663,０３
txt,664,０４
txt,665,０５
txt,666,０６
txt,667,０７
txt,668,０８
txt,669,０９
txt,670,１０
txt,671,０１　ここに記述
txt,672,０２
txt,673,０３
txt,674,０４
txt,675,０５
txt,676,０６
txt,677,０７
txt,678,０８
txt,679,０９
txt,680,１０
txt,681,０１　ここに記述
txt,682,０２
txt,683,０３
txt,684,０４
txt,685,０５
txt,686,０６
txt,687,０７
txt,688,０８
txt,689,０９
txt,690,１０
txt,691,０１　ここに記述
txt,692,０２
txt,693,０３
txt,694,０４
txt,695,０５
txt,696,０６
txt,697,０７
txt,698,０８
txt,699,０９
txt,700,１０
txt,701,０１　ここに記述
txt,702,０２
txt,703,０３
txt,704,０４
txt,705,０５
txt,706,０６
txt,707,０７
txt,708,０８
txt,709,０９
txt,710,１０
txt,711,０１　ここに記述
txt,712,０２
txt,713,０３
txt,714,０４
txt,715,０５
txt,716,０６
txt,717,０７
txt,718,０８
txt,719,０９
txt,720,１０
txt,721,０１　ここに記述
txt,722,０２
txt,723,０３
txt,724,０４
txt,725,０５
txt,726,０６
txt,727,０７
txt,728,０８
txt,729,０９
txt,730,１０
txt,731,０１　ここに記述
txt,732,０２
txt,733,０３
txt,734,０４
txt,735,０５
txt,736,０６
txt,737,０７
txt,738,０８
txt,739,０９
txt,740,１０
txt,741,０１　ここに記述
txt,742,０２
txt,743,０３
txt,744,０４
txt,745,０５
txt,746,０６
txt,747,０７
txt,748,０８
txt,749,０９
txt,750,１０
txt,751,０１　ここに記述
txt,752,０２
txt,753,０３
txt,754,０４
txt,755,０５
txt,756,０６
txt,757,０７
txt,758,０８
txt,759,０９
txt,760,１０
txt,761,０１　ここに記述
txt,762,０２
txt,763,０３
txt,764,０４
txt,765,０５
txt,766,０６
txt,767,０７
txt,768,０８
txt,769,０９
txt,770,１０
txt,771,０１　ここに記述
txt,772,０２
txt,773,０３
txt,774,０４
txt,775,０５
txt,776,０６
txt,777,０７
txt,778,０８
txt,779,０９
txt,780,１０
txt,781,０１　ここに記述
txt,782,０２
txt,783,０３
txt,784,０４
txt,785,０５
txt,786,０６
txt,787,０７
txt,788,０８
txt,789,０９
txt,790,１０
txt,791,０１　ここに記述
txt,792,０２
txt,793,０３
txt,794,０４
txt,795,０５
txt,796,０６
txt,797,０７
txt,798,０８
txt,799,０９
txt,800,１０
txt,801,０１　ここに記述
txt,802,０２
txt,803,０３
txt,804,０４
txt,805,０５
txt,806,０６
txt,807,０７
txt,808,０８
txt,809,０９
txt,810,１０
txt,811,０１　ここに記述
txt,812,０２
txt,813,０３
txt,814,０４
txt,815,０５
txt,816,０６
txt,817,０７
txt,818,０８
txt,819,０９
txt,820,１０
txt,821,０１　ここに記述
txt,822,０２
txt,823,０３
txt,824,０４
txt,825,０５
txt,826,０６
txt,827,０７
txt,828,０８
txt,829,０９
txt,830,１０
txt,831,０１　ここに記述
txt,832,０２
txt,833,０３
txt,834,０４
txt,835,０５
txt,836,０６
txt,837,０７
txt,838,０８
txt,839,０９
txt,840,１０
txt,841,０１　ここに記述
txt,842,０２
txt,843,０３
txt,844,０４
txt,845,０５
txt,846,０６
txt,847,０７
txt,848,０８
txt,849,０９
txt,850,１０
txt,851,０１　ここに記述
txt,852,０２
txt,853,０３
txt,854,０４
txt,855,０５
txt,856,０６
txt,857,０７
txt,858,０８
txt,859,０９
txt,860,１０
txt,861,０１　ここに記述
txt,862,０２
txt,863,０３
txt,864,０４
txt,865,０５
txt,866,０６
txt,867,０７
txt,868,０８
txt,869,０９
txt,870,１０
txt,871,０１　ここに記述
txt,872,０２
txt,873,０３
txt,874,０４
txt,875,０５
txt,876,０６
txt,877,０７
txt,878,０８
txt,879,０９
txt,880,１０
txt,881,０１　ここに記述
txt,882,０２
txt,883,０３
txt,884,０４
txt,885,０５
txt,886,０６
txt,887,０７
txt,888,０８
txt,889,０９
txt,890,１０
txt,891,０１　ここに記述
txt,892,０２
txt,893,０３
txt,894,０４
txt,895,０５
txt,896,０６
txt,897,０７
txt,898,０８
txt,899,０９
txt,900,１０
txt,901,０１　ここに記述
txt,902,０２
txt,903,０３
txt,904,０４
txt,905,０５
txt,906,０６
txt,907,０７
txt,908,０８
txt,909,０９
txt,910,１０
txt,911,０１　ここに記述
txt,912,０２
txt,913,０３
txt,914,０４
txt,915,０５
txt,916,０６
txt,917,０７
txt,918,０８
txt,919,０９
txt,920,１０
txt,921,０１　ここに記述
txt,922,０２
txt,923,０３
txt,924,０４
txt,925,０５
txt,926,０６
txt,927,０７
txt,928,０８
txt,929,０９
txt,930,１０
txt,931,０１　ここに記述
txt,932,０２
txt,933,０３
txt,934,０４
txt,935,０５
txt,936,０６
txt,937,０７
txt,938,０８
txt,939,０９
txt,940,１０
txt,941,０１　ここに記述
txt,942,０２
txt,943,０３
txt,944,０４
txt,945,０５
txt,946,０６
txt,947,０７
txt,948,０８
txt,949,０９
txt,950,１０
txt,951,０１　ここに記述
txt,952,０２
txt,953,０３
txt,954,０４
txt,955,０５
txt,956,０６
txt,957,０７
txt,958,０８
txt,959,０９
txt,960,１０
txt,961,０１　ここに記述
txt,962,０２
txt,963,０３
txt,964,０４
txt,965,０５
txt,966,０６
txt,967,０７
txt,968,０８
txt,969,０９
txt,970,１０
txt,971,０１　ここに記述
txt,972,０２
txt,973,０３
txt,974,０４
txt,975,０５
txt,976,０６
txt,977,０７
txt,978,０８
txt,979,０９
txt,980,１０
txt,981,０１　ここに記述
txt,982,０２
txt,983,０３
txt,984,０４
txt,985,０５
txt,986,０６
txt,987,０７
txt,988,０８
txt,989,０９
txt,990,１０
txt,991,０１　ここに記述
txt,992,０２
txt,993,０３
txt,994,０４
txt,995,０５
txt,996,０６
txt,997,０７
txt,998,０８
txt,999,０９
txt,1000,
