reinsertion_flags,no_scene_elements
txt,0,デバッグ用です。【ココは書き換えないでね】
txt,1,重戦士を目指す者が最初に与えられる大剣です。
txt,2,通常の大剣よりも軽く、力の弱い者にも扱い易いよう
txt,3,に作られています。
txt,4,剣士を目指す者が最初に与えられる長剣です。
txt,5,安定した切れ味と扱いやすさで、見習の者だけでなく
txt,6,多くの剣士に愛用されています。
txt,7,剣士を目指す者が最初に与えられる革の盾です。
txt,8,頑丈さよりも扱い易さに重点を置いて作られています。
txt,9,狩人を目指す者が最初に与えられる弓です。
txt,10,一般に出回っている狩用の弓と違い、戦闘用に作られ
txt,11,ています。
txt,12,狩人を目指す者が最初に与えられる弩です。
txt,13,非力な者にも弦が引きやすい工夫を施してあります。
txt,14,術者を目指す者が最初に与えられる杖です。
txt,15,樹齢を重ねたエルメナスの木で作られており、術者の
txt,16,力を補助してくれます。
txt,17,重戦士を目指す者が最初に与えられる鎧です。
txt,18,頑丈さよりも動き易さを重視しており、攻撃の動作
txt,19,を妨げることがありません。
txt,20,剣士、狩人を目指す者が最初に与えられる革鎧です。
txt,21,守るべき最低限の場所に装甲を施し、動き安さを重視
txt,22,した作りになっています。
txt,23,白皙の城砦エンディミオンを守る者達に与えられる銀
txt,24,の指輪です。
txt,25,通常の帽子と変わりない素材で作られ、魔法もかかっ
txt,26,ていないにもかかわらず、不思議な力を持っています。
txt,27,ケネオネの樹海に生息している、霊鳥フェン鳥の羽で
txt,28,作られた羽飾りです。
txt,29,運動、幸運のお守りとして珍重されています。
txt,30,何も記されていない白紙の巻物です。
txt,31,高位の術者にならないと、文字を記すことのできない
txt,32,不思議な巻物です。
txt,33,昔のエルメナス賢者達が愛用していた大剣です。
txt,34,エルメナスの神聖な空間で長い時間を積み重ねた剣は、
txt,35,持つ者に力を与えてくれます。
txt,36,昔のエルメナス賢者達が愛用していた長剣です。
txt,37,エルメナスの神聖な空間で長い時間を積み重ねた剣は、
txt,38,持つ者に力を与えてくれます。
txt,39,昔のエルメナス賢者達が愛用していた盾です。
txt,40,樹齢を重ねたエルメナスの木を素材にしており、持つ
txt,41,者の耐性を高めてくれます。
txt,42,昔のエルメナス賢者達が愛用していた弓です。
txt,43,独特の弦音は、エルメナスの賢者であるという名刺に
txt,44,なっていたと言われています。
txt,45,昔のエルメナス賢者達が愛用していた弩です。
txt,46,賢者としての素質がなければ、弦を引くことさえでき
txt,47,ないと言われています。
txt,48,昔のエルメナス賢者達が愛用していた杖です。
txt,49,エルメナス賢者であることの証である銀輪は、魔力を
txt,50,高める効果を持っています。
txt,51,昔のエルメナス賢者達が愛用していた鎧です。
txt,52,物理攻撃だけでなく魔法に対してもある程度の防御力
txt,53,を持った優れた鎧です。
txt,54,昔のエルメナス賢者達が愛用していた革鎧です。
txt,55,あらゆる技や術動作を妨げることがない様に設計され
txt,56,ています。
txt,57,エルメナスから巣立つ賢者に与えられる首飾りです。
txt,58,賢者達は苦境に陥った時に首飾りを見つめ、込められ
txt,59,た誓いに勇気を奮い立たせます。
txt,60,月光の如き白銀の光を放つ魔法の小手です。
txt,61,空に月が輝く時、その真価を発揮します。
txt,62,薬学に精通していた賢者セランが作った霊薬です。
txt,63,望んでいた効果を発揮しないため、本人は試薬である
txt,64,と言っていましたが、すばらしい効果を持っていたた
txt,65,め、賢院では教材として扱っています。
txt,66,若き日の賢者ロバリーが、多くの女性のために作った
txt,67,という護符です。
txt,68,動機は不純ですが信頼の置ける効果を発揮します。
txt,69,戦士達が集う学び舎ゴスペルブラスの賢者達の手によ
txt,70,って作られた大剣です。
txt,71,より実戦的に作られており、力量の無いものには扱い
txt,72,きれません。
txt,73,戦闘部族であるギルス族の間に伝わる製法で作られた
txt,74,長剣です。
txt,75,恐ろしく軽く、丈夫な作りで、一日中振り続けても腕
txt,76,に負担をかけません。
txt,77,星光の魔力を受けながら鍛えられた星鋼を使って作ら
txt,78,れた盾です。
txt,79,盾を扱うものに星光の加護を与えてくれます。
txt,80,弓作りの名人フィニアンが作った高性能の弓です。
txt,81,高値で取引されていたため、形だけを似せた多くの偽
txt,82,物が出回ることになりました。
txt,83,バール遺跡から発掘された弩です。
txt,84,作られてから数百年経っているにもかかわらず、新品
txt,85,同様で見つかっており、賢者達はこの不思議な弩の製
txt,86,作法を長い間研究し続けています。
txt,87,エルメナスの行事で使用される礼杖です。
txt,88,杖にはめ込まれたサファイアは、行事の開始時に青く
txt,89,優しい光を放ちます。
txt,90,黄昏の都ルダンの騎士団で採用されている鎧です。
txt,91,無骨で重量感あふれる鎧は、見る者を威圧し、圧倒し
txt,92,ます。
txt,93,若き日のデネヒア老が愛用していた革鎧です。
txt,94,身に付ける者を守るだけでなく、身体を活性化させる
txt,95,効果も秘めています。
txt,96,戦争によって滅びた王国ファルモデスの王が所持して
txt,97,いた金の指輪です。
txt,98,エルメナスに逃げ込んできた王の親族が身に付けてい
txt,99,たと言われています。
txt,100,巡礼の旅をする者のために作られたブーツです。
txt,101,ブーツに織り込まれた聖句の力が、荒れた道での移動
txt,102,を助け、疲れることなく巡礼を行うことができます。
txt,103,先詠みの大賢者テミラが幼少の頃に作ったといわれる
txt,104,月水晶製の宝珠です。
txt,105,遠見の魔法がかけられており、冬に夜空に浮かぶ月の
txt,106,ごとく、遥か遠くまで照らし出します。
txt,107,誰が、いつ、何の為に記したのか一切わかっていない
txt,108,謎の魔道書です。
txt,109,本自体が魔法効果を持っていますが、魔法の概念形式
txt,110,や技法なども謎に包まれたままです。
txt,111,強大な力を秘めた大剣です。
txt,112,聖なる守護を受けており、咎人は触れることさえ叶わ
txt,113,ないどころか、その罪に対して罰が与えられます。
txt,114,伝説の鳥ミスラートの銀翼を模して作られた曲刀です。
txt,115,この刀を振るって戦う姿はあたかも銀翼を羽ばたかせ、
txt,116,舞っている様に見えるといいます。
txt,117,月光の魔力を受けながら鍛えられた月鋼を使って作ら
txt,118,れた盾です。
txt,119,盾を扱うものに月光の加護を与えてくれます。
txt,120,９年前の戦いにおいて、多くの這い出し者を討ち取っ
txt,121,たことで魔力を得た破魔の弓です。
txt,122,混沌に立ち向かう勇気の無い者には弦を引くことさえ
txt,123,叶わないといいます。
txt,124,賢者レダが使っていたといわれる強力な弩です。
txt,125,か弱い力でも軽々と弦を引くことができ、その威力は
txt,126,水面に浮かぶ小船さえも一撃で沈めるほどの力を持ち
txt,127,ます。
txt,128,絡み合う２匹のヘビを模した杖です。　
txt,129,２匹のヘビは杖の先端につけられたルビーからの魔力
txt,130,を増幅し、持つ者に多大な魔力を供給します。
txt,131,賢者イェルトが愛用していた鎧です。
txt,132,見切りの達人であったイェルトの守護を受けているた
txt,133,めか、身に付ける者の攻撃回避を補助する効果を持っ
txt,134,ています。
txt,135,聖セヴィエスで祝福を受けた革鎧です。
txt,136,祝福の力により身に付けた者の身体能力を高め、耐性
txt,137,を強化してくれます。
txt,138,高位の炎術士によって書かれた魔法の巻物です。
txt,139,文字は常に炎の如き瞬き放ち、所持する者に力を与え
txt,140,てくれます。
txt,141,高位の水術士によって書かれた魔法の巻物です。
txt,142,文字は常に清水の如き輝きを放ち、所持する者に力を
txt,143,与えてくれます。
txt,144,高位の地術士によって書かれた魔法の巻物です。
txt,145,文字は常に深緑の如き緑の光り放ち、所持する者に力
txt,146,を与えてくれます。
txt,147,高位の風術士によって書かれた魔法の巻物です。
txt,148,文字は常に雷の如き光を放ち、所持する者に力を与え
txt,149,てくれます。
txt,150,ベルドラキで今もなお処刑に使われている巨大な曲刀
txt,151,です。
txt,152,首を一撃ではねるほどの重量と切れ味を持っています。
txt,153,風を切り裂く独特の刃を持つ長剣です。
txt,154,剣を取り巻く風の結界により、剣を持つ者の反射速度
txt,155,を上昇させる効果を持っています。
txt,156,金装飾を施された白く美しい円盾です。
txt,157,ヘルメス平原でしか採取できない白夜草から生成され
txt,158,た薬品で白く塗装されているため、持つ者は高い耐性
txt,159,を手に入れることができます。
txt,160,弓の賢者ゴーガンが使っていた蒼い弓です。
txt,161,ゴーガンの没後行方がわからなくなっていましたが、
txt,162,数年前に発見され、ゴーガンを輩出したエルメナスに
txt,163,寄贈されました。
txt,164,暗殺に使用されていたと言われる黒塗りの弩です。
txt,165,軽く、携帯に優れているにもかかわらず、必殺の威力
txt,166,を秘めており、無音で発射される矢は多くの要人達を
txt,167,震え上がらせたといいます。
txt,168,賢者ファルドが愛用していた金龍の翼杖です。
txt,169,ファルドの志を継ぐ者の手に渡るよう封印を施され、
txt,170,隠されていました。
txt,171,法王庁ワースより贈られた聖なる鎧です。
txt,172,法王の祝福が鎧を身に着ける者を聖なるオーラで包み
txt,173,ます。
txt,174,ダロワナ湿原に棲む翼獣マニの革で作られた革鎧です。
txt,175,革鎧の裏一面にあしらわれたマニの羽根は、軽量化と
txt,176,衝撃吸収の効果を生み出しています。
txt,177,賢者ネルが魔道儀式の際に必ず用いていたという儀式
txt,178,指輪です。
txt,179,術者を補助する魔力回復効果に優れています。
txt,180,マントに包まれた者を外界のあらゆる災厄から隔絶し、
txt,181,肉体を癒す効果を持っています。
txt,182,古代白エルフ語で光の聖句を綴った聖なる書物です。
txt,183,完全に内容を理解できるものに光の英知を授けてくれ
txt,184,ると言われています。
txt,185,古代白エルフ語で闇の聖句を綴った聖なる書物です。
txt,186,完全に内容を理解できるものに闇の英知を授けてくれ
txt,187,ると言われています。
txt,188,東方四王家古豪ヒュベリオスの聖騎士が持つことを許
txt,189,されている聖なる大剣です。
txt,190,剣に誓いを立てることで剣に宿る聖霊が持ち主に力を
txt,191,与えてくれます。
txt,192,数多の血を吸い、魔剣となった曲刀です。
txt,193,現在はエルメナスの結界の力で呪いは息を潜め、純粋
txt,194,な力だけが引き出された状態にあります。
txt,195,四大学級の誓いが込められた聖なる盾です。
txt,196,四大学級が集まる中央校舎での行事には、祭器の一つ
txt,197,として扱われます。
txt,198,ダハトマの弓神と呼ばれる賢者ベルナレシン＝ウィン
txt,199,フィーが若き日に使っていたと言われる弓です。
txt,200,迷いの森の奥深くに生える霊樹で作られており、風の
txt,201,精霊から祝福を受けています。
txt,202,聖銀で作られた聖なる弩です。
txt,203,ベルクロスが放つ閃光を見たものは必ず矢に命中する
txt,204,というところから、白閃の二つ名を冠しています。
txt,205,魔杖収集家で有名な賢者ラキアの住まいで見つかった
txt,206,魔法の杖です。
txt,207,彼のコレクションの中でも秘蔵の１本と思われる魔杖
txt,208,です。
txt,209,翼竜の大都ディマジオの守護神と呼ばれる竜騎士が身
txt,210,につけている鎧です。
txt,211,鎧に込められた竜の血が、着る者の潜在力をを引き上
txt,212,げてくれます。
txt,213,聖銀で作られた鎖帷子です。
txt,214,聖銀と共に織り込まれた聖句の祝福は、身に着ける者
txt,215,の心を清らかにしてくれると言われます。
txt,216,絶世の美女と詠われた賢者テスが、巡礼の旅に旅立つ
txt,217,際み身につけて行ったという首飾りです。
txt,218,若くして命を終えた彼女の首飾りは、エルメナスにい
txt,219,る恋人の元へ、ひとりでに帰っていったと言われます。
txt,220,賢者カレンが儀式の時にに着用していたローブです。
txt,221,長時間の儀式に耐えることができるように体力を補助
txt,222,する能力が付与されています。
txt,223,先詠みの大賢者テミラが作った魔法のレンズです。
txt,224,レンズで見た宝箱の中身をより価値のある物へ収束す
txt,225,る不思議な効果を持っています。
txt,226,聖セヴィエスの長ジルメアが作った聖なる守護符です。
txt,227,高位の結界を張ることができ、より長く混沌に立ち向
txt,228,かうことができるようになります。
txt,229,武器発明家イグロンが作った双刃の大剣です。
txt,230,二つの刃の間に起こる音の共鳴は、刃に細かな振動を
txt,231,与えて、いかに硬いものであろうとも軽々と両断する
txt,232,ことができます。
txt,233,古代王国エストリアの遺跡から見つかった突剣です。
txt,234,王の棺を守る七体の魔人像の一体が持っていたもので、
txt,235,１０００年を優に超える月日がたっていても、刀身は
txt,236,輝き、鋼さえ貫く鋭さと強度を維持しています。
txt,237,パラダインの居城である物見の尖塔イリアを守護する
txt,238,者が持つ盾です。
txt,239,綺羅鋼と月水晶を組み合わせた鏡のような作りで、術
txt,240,法に対して高い効果を発揮します。
txt,241,風霊の加護を受けた魔法の弓です。
txt,242,放たれた矢は風に乗り、目標を何処までも追尾すると
txt,243,言われています。
txt,244,武器発明家イグロンが作った速射性に優れた弩です。
txt,245,簡単に矢を装填する機能を持っており、威力を削って
txt,246,も余りある速射性により、全体的な攻撃力を上昇させ
txt,247,ています。
txt,248,パラダインの賢者達が持つ魔法の杖です。
txt,249,物見の尖塔周辺りに原生している、魔力の波動を受け
txt,250,て育った霊樹で作られているため、術法を行う最には
txt,251,術者に多大なる恩恵を与えてくれます。
txt,252,星鋼と聖銀を混ぜて鍛えた綺羅鋼製の大鎧です。
txt,253,美しく、頑強なこの鎧は、重戦士を目指す者であれば
txt,254,誰もが憧れるという栄誉ある鎧です。
txt,255,アマンジオの古戦場に現れるという一角獅子の革で作
txt,256,られた革鎧です。
txt,257,革鎧となってもなお残る闘気が、着る者の身体を活性
txt,258,化してくれます。
txt,259,持つ者の欲望を掻き立てる魔性の指輪です。
txt,260,この指輪をはめて平常心でいられる者は、指輪の真価
txt,261,を引き出すことができると言われています。
txt,262,東方四王家古豪ヒュベリオスの聖騎士が持つことを許
txt,263,された聖なる小手です。
txt,264,小手に刻まれた聖句の加護が魔法の攻撃から身を守っ
txt,265,てくれます
txt,266,翡翠の殻を持つ不思議な卵です。
txt,267,作られたものなのか、何かの生物の卵なのかさえ不明
txt,268,で、長い間賢者達の研究対象とされてきました。
txt,269,天秤の祠で見つかった銀の鍵です。
txt,270,エルメナス内にこの銀鍵と合致する錠前は存在せず、
txt,271,何らかの魔法がかかっているらしいのですが、それさ
txt,272,え解明されていません。
txt,273,西方の賢院フラゼッタより贈られた珍しい曲刀です。
txt,274,東方にはない製法で作られた刀で、信じられないほど
txt,275,の切れ味を持っています。
txt,276,翼竜の大都ディマジオの守護神と呼ばれる竜騎士が所
txt,277,持する突剣です。
txt,278,螺旋の刃は竜の鱗でさえ貫き通す鋭さを持っています。
txt,279,迷いの森に棲む魔獣の一種、黒王蟲の頑丈な鱗で作ら
txt,280,れた漆黒の盾です。
txt,281,頑丈かつしなやかな弾性を持った鱗は、いかなる衝撃
txt,282,も吸収し、装備した者への負担を軽減します。
txt,283,所持者の潜在能力引き出すという純白の弓です。
txt,284,賢者の素質がある者が持てば、遥か遠くの狙った一点
txt,285,を射通すことさえできるようになるといいます。
txt,286,魂の力を矢に乗せて放つことができる金の弩です。
txt,287,持つ者の魂を削るわけではなく、魂に抱いた願いや誓
txt,288,いが強ければ強いほどその威力を発揮します。
txt,289,月から降って来たと言う月光石をはめ込んだ聖銀製の
txt,290,杖です。
txt,291,月光石については謎の部分が多く、石が放つ強大な魔
txt,292,力は今もなお賢者達の好奇心をかきたて続けています。
txt,293,魔竜グレンが果て無き迷宮で守りつづけていたと言う
txt,294,謎の鎧です。
txt,295,まるで生きているかの様に常に闘気を発し、周りにい
txt,296,る者を威嚇し続けています。
txt,297,稀少部族であるエルフの戦士が身に着けている真銀の
txt,298,鎖帷子です。
txt,299,金属製でありながら精霊たちの加護を受けることので
txt,300,きる珍しい鎖帷子です。
txt,301,名工アッテザムが死の間際に作り上げた首飾りです。
txt,302,首飾りにはアッテザムの強い念が魔力となって宿って
txt,303,おり、アッテザムは死の間際で賢者になったとして、
txt,304,賢者の末席にその名を刻みました。
txt,305,軽減の術が施された魔法の具足です。
txt,306,超重量であるにもかかわらず、身に着けた者はまるで
txt,307,何も履いていないかのように感じるといいます。
txt,308,薬学に精通していた賢者セランが作った霊薬です。
txt,309,彼を以ってして、これ以上の霊薬は作ることができな
txt,310,とまで言わしめた強力な薬で、素質が無い者が飲むと
txt,311,毒になるとも言われています。
txt,312,銀鐘祭の始まりを告げる真金の鈴です。
txt,313,祭器であるだけでなく、持つ者の魔力を引きあげる強
txt,314,い魔力を秘めています。
txt,315,北方の剣豪デトワールが生涯使い続けたという巨大な
txt,316,剣です。
txt,317,伝説となった魔獣１００体斬り以降、魔剣としての力
txt,318,を得たといいます。
txt,319,その昔幻獣グリフィンを従えていたという古代部族の
txt,320,戦士が持っていたと言われる長剣です。
txt,321,切れ味が鋭いだけでなく、特殊な魔力を秘めています。
txt,322,翼竜の大都ディマジオの守護神と呼ばれる竜騎士が所
txt,323,持する竜鱗の盾です。
txt,324,頑丈なだけではなく、竜の繰り出すいかなるブレスさ
txt,325,え防ぎきるといわれます。
txt,326,扱うものの力からは考えられない程の距離を狙うこと
txt,327,ができる長弓です。
txt,328,長距離射撃が可能になるように持つ者の身体を活性化
txt,329,する魔法がかけられています。
txt,330,攻撃だけでなく、防御にも優れた効果を発揮する特殊
txt,331,な弩です。
txt,332,この弩を持つ者は近寄る敵に恐れることなく射撃を続
txt,333,けることができます。
txt,334,武器発明家イグロンが作った双頭の杖です。
txt,335,杖の両端につけられた月水晶は常に共鳴し合い、杖を
txt,336,持つ者に強大な魔力を供給し続けます。
txt,337,何処からやって来たのか、何処へ去ったのかが謎に包
txt,338,まれている賢者ランバッハが身に着けていた鎧です。
txt,339,この鎧を身に着けた者には、時折何者かが語りかける
txt,340,声が聞こえると言われます。
txt,341,獣王ガディルロードの革で作られた最高峰の効力を持
txt,342,った革鎧です。
txt,343,その装甲は、いかなる魔獣の牙も通さないと言われま
txt,344,す。
txt,345,炎の精霊に愛され、加護を受けた指輪です。
txt,346,指輪をはめた者に、天を貫く烈火の如き破壊の力を与
txt,347,えてくれます。
txt,348,水の精霊に愛され、加護を受けた指輪です。
txt,349,指輪をはめた者に、湧き出る清水の如き清らかな魔力
txt,350,を与えてくれます。
txt,351,風の精霊に愛され、加護を受けた指輪です。
txt,352,指輪をはめた者に、草原を駆け抜ける疾風の如き素早
txt,353,さを与えてくれます。
txt,354,大地の精霊に愛され、加護を受けた指輪です。
txt,355,指輪をはめた者に、揺ぎ無い大地の如き頑強さを与え
txt,356,てくれます。
txt,357,蛮勇で名を馳せたダンヘルの遺灰を打ち込んで作り上
txt,358,げた巨大な刃です。
txt,359,刃にはダンヘルの魂が息づいており、弱者には狂気を
txt,360,強者には更なる力を与えます。
txt,361,剣聖と詠われた賢者ハルティナが、最後に辿り着いた
txt,362,至高の剣です。
txt,363,ハルティナはこの剣を手に取り、数多くの技を編み出
txt,364,して行きました。
txt,365,武器発明家イグロンが作った爪を持つ盾です。
txt,366,妖猿ゴウラの巨大な爪を使って作られたており、防御
txt,367,だけでなく、攻撃の補助も担える様になっています。
txt,368,南方クリフカレドの名も無き英雄が使っていたとされ
txt,369,る大弓です。
txt,370,放たれた矢は空を裂き、まるで吼えているような音を
txt,371,上げることから、吼弓と呼ばれる様になりました。
txt,372,武器発明家イグロンの最新作である弩です。
txt,373,攻撃力、連射性、命中力全ての面で他の追随を許さな
txt,374,い出来栄えで、本人が自らの名を与えるほどの傑作で
txt,375,す。
txt,376,ベルドラキ皇室に継承される至高の魔杖です。
txt,377,ベルドラキが起こした数多の戦乱のさなか、何処かへ
txt,378,紛失してしまった杖で、莫大な懸賞金をかけられてい
txt,379,ます。
txt,380,９年前の戦いで、這い出し者の進行に決死の覚悟で立
txt,381,ち塞がった賢者フェリアムの鎧です。
txt,382,死して尚、這い出し者の進行を退けた鎧には、フェリ
txt,383,アムの魂の決意が込められています。
txt,384,古代白エルフの戦士が身に着けていたとされる赤銀製
txt,385,の鎖帷子です。
txt,386,自ら魔力を発する赤銀の生成技術は現在失われている
txt,387,為、最も貴重な鎧の一つに挙げられます。
txt,388,あらゆる精霊の加護を拒否した魔法の指輪です。
txt,389,精霊に頼らない純粋な魔力のみの力を秘めています。
txt,390,陽光の如き黄金の光を放つ魔法の小手です。
txt,391,空に太陽が輝く時、その真価を発揮します。
txt,392,光の精霊に愛され、加護を受けた指輪です。
txt,393,指輪をはめた者に、暖かな陽光の如き聖光りの加護を
txt,394,与えてくれます。
txt,395,闇の精霊に愛され、加護を受けた指輪です。
txt,396,指輪をはめた者に、常闇の空の如き闇の加護を与えて
txt,397,くれます。
txt,398,地の精霊王が所持していたと言われる大剣です。
txt,399,地の精霊力を物質化した刃は決して折れることは無く、
txt,400,大地を切り裂く絶大な力を秘めています。
txt,401,地の精霊王が所持していたと言われる長剣です。
txt,402,地の精霊力を物質化した刃は決して折れることは無く、
txt,403,大地から生まれた物であれば切れぬものは無いと言わ
txt,404,れています。
txt,405,地の精霊王が所持していたと言われる大盾です。
txt,406,地の精霊力を物質化した装甲は不滅の硬度を持ってお
txt,407,り、いかなるものでも打ち崩すことはできません。
txt,408,地の精霊王が所持していたと言われる剛弓です。
txt,409,大地の力を吸収し、持つ者の肉体を活性化させ、剛弓
txt,410,の使い手へと変貌させます。
txt,411,地の精霊王が所持していたと言われる大弩です。
txt,412,大地の力を吸収し、持つ者の精神を活性化させ、大弩
txt,413,の名手へと変貌させます。
txt,414,地の精霊王が所持していたといわれる杖です。
txt,415,杖の中には、失われた地の術やまだ発見されていない
txt,416,地の術が内包されていると言われています。
txt,417,地の精霊王が身に着けていたといわれる大鎧です。
txt,418,鎧に秘められた力は、所持者が戦い易い様に絶えず周
txt,419,りの土地を変化させ続けます。
txt,420,地の精霊王が身に着けていたといわれる鎧です。
txt,421,神樹ソーマの皮で作られた生ける鎧で、身に着けた者
txt,422,が混沌に耐える力を与えてくれます。
txt,423,大賢者ホメトスの墳墓から見つかった魔法の指輪です。
txt,424,真銀の台座により増幅された輝石の魔力は、燐光の結
txt,425,界となって心正しき者を守ってくれます。
txt,426,魔法が練りこまれた真銀の腕輪です。
txt,427,いくつかの術は効果を失い、またいくつかの術は腕輪
txt,428,の中で覚醒を待っていると言われます。
txt,429,先詠みの大賢者テミラが作った魔法のレンズです。
txt,430,レンズで見た宝箱の中身をより高位の存在へ収束する
txt,431,不思議な効果を持っています。
txt,432,とある賢者が恋人の賢者テスへ贈るはずであった魔法
txt,433,のピアスです。
txt,434,恋人テスの訃報と共にピアスは紛失し、行方知れずと
txt,435,なっていました。
txt,436,風の精霊王が所持していたと言われる雷の剛刀です。
txt,437,風の精霊力を物質化した刃は雷を帯び、繰り出される、
txt,438,一撃は稲妻の如き破壊力を秘めています。
txt,439,風の精霊王が所持していたと言われる風の曲刀です。
txt,440,風の精霊力を物質化した刃は羽根のように軽く、剣を
txt,441,振るうと風が巻き起こると言われています。
txt,442,風の精霊王が所持していたと言われる盾です。
txt,443,風の精霊力を物質化した装甲はとても軽く、弱き者の
txt,444,の攻撃であれば盾に触れることなく、盾を取り巻く風
txt,445,によって逸らされてしまいます。
txt,446,風の精霊王が所持していたと言われる長弓です。
txt,447,放たれた矢は突風を纏い、遠く離れた相手も確実に仕
txt,448,留めることができます。
txt,449,風の精霊王が所持していたと言われる長弓です。
txt,450,放たれた矢は旋風を巻き起こし、矢を受けた者は真空
txt,451,の刃によって切り裂かれてしまいます。
txt,452,風の精霊王が所持していたと言われる杖です。
txt,453,杖の中には、失われた風の術やまだ発見されていない
txt,454,風の術が内包されていると言われています。
txt,455,風の精霊王が身に着けていたといわれる鎧です。
txt,456,高位の賢者となり、鎧に認められた者は飛翔の力を得
txt,457,ことができると言われています。
txt,458,風の精霊王が身に着けていたといわれる鎧です。
txt,459,物質化した風の精霊力で編まれた鎧は身に着けている
txt,460,者に高い耐性の加護を与えます。
txt,461,先詠みの大賢者テミラが持っていた魔法の指輪です。
txt,462,先詠みの予言を行う際、必ず身に着けていたことから
txt,463,予知の指輪と呼ばれる様になりました。
txt,464,終末が近づくと聖者の血に満たされると言われる魔法
txt,465,の杯です。
txt,466,この杯で聖水を飲んだ者は混沌に対する耐性を手に入
txt,467,れることができます。
txt,468,先々代のパラダイン総帥ガレントが作った魔鏡です。
txt,469,綺羅鋼と月水晶を組み合わせるという製法は後に尖塔
txt,470,魔鏡と呼ばれるパラダインの盾を生み出すことになり
txt,471,ます。
txt,472,天秤の祠で見つかった金の鍵です。
txt,473,エルメナス内にこの金鍵と合致する錠前は存在せず、
txt,474,何らかの魔法がかかっているらしいのですが、それさ
txt,475,え解明されていません。
txt,476,水の精霊王が所持していたと言われる水晶の大剣です。
txt,477,水の精霊力を物質化した刃は水晶の様な繊細な輝きを
txt,478,放つものの、繰り出される一撃は瀑布の如く強力です。
txt,479,水の精霊王が所持していたと言われる氷の突剣です。
txt,480,永久氷河から削りだされた刃は触れるものを凍らせ、
txt,481,打ち砕きます。
txt,482,水の精霊王が所持していたと言われる水鏡の円盾です。
txt,483,水の精霊力を物質化した装甲はあらゆる障害を反射し、
txt,484,持つ者の耐性を高めます。
txt,485,水の精霊王が所持していたと言われる流水の小弓です。
txt,486,美しい水面の様な弓身からは想像できない激流の如き
txt,487,一撃を放つことができます。
txt,488,水の精霊王が所持していたと言われる清水の弩です。
txt,489,弩から放たれる飛沫の矢は、固い岩盤をも簡単に貫く
txt,490,威力を持っています。
txt,491,水の精霊王が所持していたと言われる杖です。
txt,492,杖の中には、失われた水の術やまだ発見されていない
txt,493,水の術が内包されていると言われています。
txt,494,水の精霊王が身に着けていたといわれる鎧です。
txt,495,凍気を纏ったこの鎧に弱き者が触れようとすれば、た
txt,496,ちまち凍りつき、砕けてしまうと言われます。
txt,497,水の精霊王が所持していたと言われる鎧です。
txt,498,永久氷河の氷で編まれた鎖帷子は身に着ける者の体力
txt,499,を著しく上昇させる魔力を持っています。
txt,500,謎の魔女マメルが愛用した魔法の帽子です。
txt,501,遠見の術がかかっているだけでなく、帽子にはマメル
txt,502,の記憶が刻まれており、素質がある者に多くの知識を
txt,503,授けてくれると言われています。
txt,504,謎の魔女マメルが愛用魔法のローブです。
txt,505,魔法防御に優れ、身に着けた者を多くの危険な魔法か
txt,506,ら守ってくれます。
txt,507,謎の魔女マメルが愛用した魔法のマントです。　
txt,508,とても頑丈にできていて、決して破れません。
txt,509,破れることも汚れることもないため、いつも新品同様
txt,510,の鮮やかな色をしています。
txt,511,謎の魔女マメルが愛用した魔法のブーツです。
txt,512,身に着けた者は風の加護を受け、通常よりも軽やかに
txt,513,素早く動くことができるようになります。
txt,514,火の精霊王が所持していたと言われる灼熱の大剣です。
txt,515,火の精霊力を物質化した刃は邪悪なる者を一瞬にして
txt,516,灰にする高熱を放ちます。
txt,517,火の精霊王が所持していたと言われる烈火の長剣です。
txt,518,火の精霊力を物質化した刃は常に炎を上げ、巻き起こ
txt,519,した陽炎は刃の軌道を歪ませて見せ、回避を困難にす
txt,520,る効果を持っています。
txt,521,火の精霊王が所持していたと言われる聖火の盾です。
txt,522,火の精霊力で持つ者の体力と魔力を活性化し、長時間
txt,523,混沌と戦う為の力を与えてくれます。
txt,524,火の精霊王が所持していたと言われる火炎の大弓です。
txt,525,炎を孕んだ矢は命中と同時に爆炎を上げ、弱い者であ
txt,526,れば一瞬にして消し炭にしてしまいます。
txt,527,火の精霊王が所持していたと言われる剛炎の弩です。
txt,528,弩より放たれる聖炎の矢は混沌を焼き尽くし、存在が
txt,529,無くなるまで燃え続けます。
txt,530,火の精霊王が所持していたと言われる杖です。
txt,531,杖の中には、失われた火の術やまだ発見されていない
txt,532,火の術が内包されていると言われています。
txt,533,火の精霊王が身に着けていたといわれる鎧です。
txt,534,常に白熱し続けており、鎧に認められてない者が触る
txt,535,と一瞬のうちに炎に包まれてしまいます。
txt,536,火の精霊王が身に着けていたといわれる鎧です。
txt,537,炎の魔人の皮で作られた鎧で、身に着けた者は炎の中
txt,538,でも自由に行動できるようになるといわれます。
txt,539,ファンディスペールの深層にある常夜の室でしか練金
txt,540,することのできない暗黒の宝石です。
txt,541,これ身に着けると、混沌の甘言から心を守る闇の結界
txt,542,に包まれます。
txt,543,パラダインで最も優秀であった賢者に授与されるとい
txt,544,う真金の腕輪です。
txt,545,才能があるものでなければ腕輪に秘められた力を引き
txt,546,出すことはできないといいます。
txt,547,遥か昔に姿を消してしまった幻の珍獣ゾラを模したガ
txt,548,ラス製の像です。
txt,549,瑠璃色に輝くガラスの中には、失われた技術が隠され
txt,550,ていると言われています。
txt,551,地上のどの言語とも、過去のどの文字とも違う言語で
txt,552,記された謎の魔道書です。
txt,553,全ての運命を記した書物とも言われていますが、唯一
txt,554,解読した賢者が謎の失踪をしたため、真相は不明です。
txt,555,闇の精霊王が所持していたと言われる常闇の大剣です。
txt,556,闇の精霊力を物質化した刃は肉体でなく、心を切り裂
txt,557,くと言われます。
txt,558,闇の精霊王が所持していたと言われる無明の長剣です。
txt,559,持つ者の目を閉ざしてしまい心眼を開いた者でなけれ
txt,560,扱いきることのできない強力な剣です。
txt,561,闇の精霊王が所持していたと言われる暗黒の盾です。
txt,562,非力な者には扱うことのできない様な重量のある盾で、
txt,563,使いこなすことができれば、どんな攻撃も闇に溶かす
txt,564,無敵の盾になると言われています。
txt,565,闇の精霊王が所持していたと言われる漆黒の大弓です。
txt,566,持つ者は闇の加護によりより長く混沌と対峙する力を
txt,567,得ることができます。
txt,568,闇の精霊王が所持していたと言われる沈黙の弩です。
txt,569,持つ者は闇の加護によりより長く混沌と対峙する力を
txt,570,得ることができます。
txt,571,闇の精霊王が所持していたと言われる杖です。
txt,572,杖の中には、失われた闇の聖句やまだ発見されていな
txt,573,い闇の聖句が内包されていると言われています。
txt,574,闇の精霊王が身に着けていたといわれる鎧です。
txt,575,身に着けた者から視界を奪う代わりに強力な耐性の加
txt,576,護を与えてくれます。
txt,577,闇の精霊王が身に着けていたといわれる鎧です。
txt,578,魔王と呼ばれる高位の存在から剥ぎ取った皮で作られ
txt,579,ており、革鎧となっても生命力は衰えることが無く、
txt,580,身に着けた者を乗っ取る隙をうかがっています。
txt,581,高純度の火の精霊力を孕んだ魔石です。
txt,582,溢れんばかりの火の精霊力は所持者の身体をを活性化
txt,583,し続け、いかなる傷も瞬時に直してしまいます。
txt,584,高純度の水の精霊力を孕んだ魔石です。
txt,585,溢れんばかりの水の精霊力は所持者の潜在力を解放し、
txt,586,多くの魔力を扱えるようにしてくれます。
txt,587,高純度の風の精霊力を孕んだ魔石です。
txt,588,溢れんばかりの風の精霊力は所持者の精神を増幅し、
txt,589,魔力の供給を行ってくれます。
txt,590,高純度の地の精霊力を孕んだ魔石です。
txt,591,溢れんばかりの地の精霊力は所持者の肉体を増強し、
txt,592,屈強な身体を与えてくれます。
txt,593,光の精霊王が所持していたと言われる赤光の大剣です。
txt,594,剣を持つ者の周りを聖なる光で照らし、いち早く混沌
txt,595,の存在を察知することができます。
txt,596,光の精霊王が所持していたと言われる青光の長剣です。
txt,597,剣が放つ聖なる光は隠れている混沌さえ暴き出してし
txt,598,まいます。
txt,599,光の精霊王が所持していたと言われる緑光の盾です。
txt,600,聖光に包まれた盾の周りは常に真昼の如き明るさに包
txt,601,まれ、いかなる混沌も隠れること叶いません。
txt,602,光の精霊王が所持していたと言われる紫光の長弓です。
txt,603,いかなる障害物も貫き通すという光の矢を無限に作り
txt,604,出す聖なる弓です。
txt,605,光の精霊王が所持していたと言われる橙光の弩です。
txt,606,いかに離れた相手にも刹那の瞬間に命中するという光
txt,607,の矢を無限に作り出す聖なる弩です。
txt,608,光の精霊王が所持していたと言われる黄光の杖です。
txt,609,杖の中には、失われた光の聖句やまだ発見されていな
txt,610,い光の聖句が内包されていると言われています。
txt,611,光の精霊王が身に着けていたといわれる白光の鎧です。
txt,612,聖なる加護を受けた鎧は汎用性に優れ、いかなる攻撃
txt,613,も受けきる力を持っています。
txt,614,光の精霊王が身に着けていたといわれる深青光の鎧で
txt,615,す。
txt,616,革鎧となった名も無き聖者は常に正しい者に力を与え、
txt,617,混沌を心の闇から追い立ててくれます。
txt,618,ニーがイノセンティアに向かった友人から譲り受けた
txt,619,魔法の首飾りです。
txt,620,イノセンティアへの物見出しのまじないがかけられて
txt,621,おり、常にイノセンティアの方向を指し示します。
txt,622,地、風、水、火、闇、光の全てが交じり合い、衝突し
txt,623,合う魔法の宝珠です。
txt,624,持つ者に強力な力を与えますが、いつ破裂するか判ら
txt,625,ない不安も抱えています。
txt,626,高純度の光の精霊力を孕んだ魔石です。
txt,627,溢れんばかりの光の精霊力は所持者の身体を増強、活、
txt,628,性化し、術士でさえ戦士になれるような加護を与えて
txt,629,くれます。
txt,630,高純度の闇の精霊力を孕んだ魔石です。
txt,631,溢れんばかりの闇の精霊力は所持者の精神を増強、活、
txt,632,性化し、戦士でさえ術士になれるような加護を与えて
txt,633,くれます。
