reinsertion_flags,no_scene_elements
txt,0,デバッグ用です。【ココは書き換えないでね】
txt,1,物理における攻撃と防御に優れる反面、魔法には弱い。
txt,2,また、重戦士の技能以外は、ほとんど装備することが
txt,3,できない。
txt,4,一方、アイテムは最も多く装備することができる。
txt,5,物理における攻撃と防御に優れる一方、魔法には弱い。
txt,6,また、重戦士の技能以外は、ほとんど装備することが
txt,7,できない。
txt,8,一方、アイテムは最も多く装備することができる。
txt,9,物理・魔法の双方に欠点がなく、均整が取れているが、
txt,10,飛び抜けた長所はない。
txt,11,剣士の技能以外でも、魔術と法術をある程度まで装備
txt,12,できるが、高位になると装備できない。
txt,13,物理・魔法の双方に欠点がなく、均整が取れているが、
txt,14,飛び抜けた長所はない。
txt,15,剣士の技能以外でも、魔術と法術をある程度まで装備
txt,16,できるが、高位になると装備できない。
txt,17,広い視界と最速の移動速度を誇るが、打たれ弱い。
txt,18,弓の表技能と裏技能は対立関係にあるため、同時には
txt,19,装備することができない。
txt,20,また、低いレベルの魔術・法術技能を装備できる。
txt,21,広い視界と最速の移動速度を誇るが、打たれ弱い。
txt,22,弓の表技能と裏技能は対立関係にあるため、同時には
txt,23,装備することができない。
txt,24,また、低いレベルの魔術・法術技能を装備できる。
txt,25,魔法に対するほぼ完璧な防御を持つ。
txt,26,法術と呼ばれる光技能と闇技能は対立関係にあるため、
txt,27,同時に装備することはできない。
txt,28,一方、魔術はほとんど装備できない。
txt,29,魔法に対するほぼ完璧な防御を持つ。
txt,30,法術と呼ばれる光技能と闇技能は対立関係にあるため、
txt,31,同時に装備することはできない。
txt,32,一方、魔術はほとんど装備できない。
txt,33,魔法に対する防御は高いが、物理防御は無いに等しい。
txt,34,技能は、魔術と呼ばれる無・地・風・水・火が主体。
txt,35,この内、地と風、水と火はそれぞれ対立関係にあり、
txt,36,同時に装備することはできない。
txt,37,魔法に対する防御は高いが、物理防御は無いに等しい。
txt,38,技能は、魔術と呼ばれる無・地・風・水・火が主体。
txt,39,この内、地と風、水と火はそれぞれ対立関係にあり、
txt,40,同時に装備することはできない。
txt,41,重戦士を物理サイドに特化した職業。
txt,42,重戦士を物理サイドに特化した職業。
txt,43,剣士を物理サイドに特化した職業。
txt,44,剣士を物理サイドに特化した職業。
txt,45,狩人を物理サイドに特化した職業。
txt,46,狩人を物理サイドに特化した職業。
txt,47,僧侶を物理サイドに特化した職業。
txt,48,僧侶を物理サイドに特化した職業。
txt,49,魔術師を物理サイドに特化した職業。
txt,50,魔術師を物理サイドに特化した職業。
txt,51,重戦士を魔法サイドに特化した職業。
txt,52,重戦士を魔法サイドに特化した職業。
txt,53,剣士を魔法サイドに特化した職業。
txt,54,剣士を魔法サイドに特化した職業。
txt,55,狩人を魔法サイドに特化した職業。
txt,56,狩人を魔法サイドに特化した職業。
txt,57,僧侶を魔法サイドに特化した職業。
txt,58,僧侶を魔法サイドに特化した職業。
txt,59,魔術師を魔法サイドに特化した職業。
txt,60,魔術師を魔法サイドに特化した職
