reinsertion_flags,no_scene_elements
txt,0,★全職業共通★
txt,1,　ＨＰとＨＰ自然治癒が向上。
txt,2,　また、物理攻撃に対する装甲が
txt,3,　僅かずつ強化される。
txt,4,★重戦士系限定★
txt,5,　通常攻撃の命中と威力がＵＰ。
txt,6,★全職業共通★
txt,7,　物理攻撃に対する回避と、移動
txt,8,　速度の向上に加え、ＨＰが強化
txt,9,　される。
txt,10,★剣士系限定★
txt,11,　通常攻撃の命中と威力がＵＰ。
txt,12,★全職業共通★
txt,13,　視界の拡大に加え、毒や麻痺等
txt,14,　に対する身体耐性が強化される。
txt,15,★狩人系限定★
txt,16,　通常攻撃の命中・威力・射程が
txt,17,　ＵＰ。
txt,18,★全職業共通★
txt,19,　呪いや仮面等に対する精神耐性
txt,20,　の向上に加え、ＭＰ及びＭＰ自
txt,21,　然治癒が強化される。
txt,22,★僧侶系限定★
txt,23,　通常攻撃の威力・射程がＵＰ。
txt,24,★全職業共通★
txt,25,　魔法攻撃に対する防御障壁の向
txt,26,　上に加え、ＭＰが強化される。
txt,27,★魔術師系限定★
txt,28,　通常攻撃の威力と射程がＵＰ。
txt,29,★全職業共通★
txt,30,　特にＨＰを高め、同時にＨＰ自
txt,31,　然治癒力も向上する。
txt,32,　また、毒や麻痺などに対する身
txt,33,　体的な耐性が強化される。
txt,34,　近接戦を行う者に必要な能力。
txt,35,★全職業共通★
txt,36,　特にＭＰを高め、同時にＭＰ自
txt,37,　然治癒力も向上する。
txt,38,　また、呪いや仮面などに対する
txt,39,　精神的な耐性が強化される。
txt,40,　技能を多用するためには必須。
txt,41,★全職業共通★
txt,42,　用いた経験値に対して、キャラ
txt,43,　クタのレベルが上昇します。
txt,44,　レベルが上昇すると、絶対対存
txt,45,　在時間（エンゲージタイム）が
txt,46,　減少していきま
