reinsertion_flags,no_scene_elements
txt,0,デバッグ用です。【ココは書き換えないでね】
txt,1,物理において、攻撃と防御に優れた力を持つ。
txt,2,それが重戦士という職業の特徴じゃ。
txt,3,短所として一番に挙げるとすれば……
txt,4,全職業の中で、移動速度が最も遅く、視野が狭いこと。
txt,5,そして魔法の使用と防衛に難のある点、であろうな。
txt,6,　
txt,7,なれど、重戦士の長所は、欠点を補ってあまりある。
txt,8,この講義では、重戦士について学びつつ、その特徴たる
txt,9,「力強さ」を高めるよう訓練を行うものとする。
txt,10,移動速度は速く、物理・魔法ともに隙のない防御を持つ。
txt,11,物理攻撃が的を外すことは希で、視野も申し分ない。
txt,12,　
txt,13,敢えて短所を挙げるとすれば……
txt,14,決定的な長所のない点であろうのう。
txt,15,　
txt,16,なれども、それゆえに汎用性に富む。
txt,17,様々な局面で、力を発揮することになろう。
txt,18,　
txt,19,この講義では、剣士について学びつつ、その特徴である
txt,20,「敏捷性」を高めるよう訓練を行うものとする。
txt,21,広い視野と、最速の移動速度を誇る。
txt,22,弓による物理攻撃は射程が長いため、使い勝手が良い。
txt,23,　
txt,24,なれど、防御に関しては、物理・魔法を問わず弱い。
txt,25,　
txt,26,敵を早く見つけ、遠距離から先制攻撃を仕掛けること。
txt,27,また、重戦士や魔術師の目となり、戦場を掌握すること。
txt,28,それが、狩人の役目となろう。
txt,29,　
txt,30,この講義では、狩人について学びつつ、その特徴である
txt,31,「器用度」を高めるよう訓練を行うものとする。
txt,32,僧侶最大の特徴。
txt,33,それは、敵に対する攻撃が、味方に対する回復となる点
txt,34,であろう。
txt,35,また魔法攻撃に対して、絶対的な防御力を持つことも、
txt,36,見逃せぬ長所と言えよう。
txt,37,　
txt,38,なれど、視界・移動・射程・攻撃の威力はいずれも中庸
txt,39,であり、自身には決定打を持たぬ。
txt,40,　
txt,41,この講義では、僧侶について学びつつ、その拠り所たる
txt,42,「道徳心」を高めるよう訓練を行うものとする。
txt,43,膨大な数の魔法を繰り、驚くべき射程で相手を貫く。
txt,44,それが魔術師の魔術師たる所以であろう。
txt,45,その威力は圧倒的であり、用い方ひとつで、絶大な効力
txt,46,を発揮することになろう。
txt,47,　
txt,48,なれども、物理攻撃に対しては裸同然で、自身の視界は
txt,49,お世辞にも広いとは言えぬ。
txt,50,その意味では重戦士と同じで、決定打の塊である反面、
txt,51,短所も大きいということになろうな。
txt,52,　
txt,53,この講義では魔術師について学びつつ、その拠り所たる
txt,54,「知識力」を高めるよう訓練を行うものとする。
txt,55,はじめは小さなことがええ。
txt,56,ああ、こんなことになったら良い気分だのに……
txt,57,と思うことを、ほんの少しだけ、してみるのだね。
txt,58,　
txt,59,ときに、わしの師はかつてこう説いた。
txt,60,「きみの自利はこれを問うことなかれ。
txt,61,　　ただ利他を忘れることなかれ」
txt,62,わしは今でも……
txt,63,それが必ず、純潔の盾を支えるこころとなると信じてお
txt,64,るよ。
txt,65,魔術というものは、古今東西、膨大な種類が生み出され、
txt,66,今もなお褪せることなく研究に余念がない。
txt,67,ひとくちに魔法と言うのはあまりに乱暴なので、幾つか
txt,68,の分野に系統だてられたのは、もう遥か昔のことになる。
txt,69,　
txt,70,純潔の盾では、属性分類法に則って教えるのがもっぱら
txt,71,であるが、これはやはり特性による大別が、直感的にも
txt,72,わかりやすいということじゃ。
txt,73,　
txt,74,さて、ここではすべての基礎とも言うべき古い魔術。
txt,75,属性を持たない無属性の呪文を中心に据えながら、魔術
txt,76,というものを、じっくり学ぶとしようではないか。
txt,77,風とは即ち、なにものにも囚われぬ自由の象徴。
txt,78,呪文の中にあっては、最も素早く力の及ぶ属性であり、
txt,79,術者にとってその恩恵は計り知れぬ。
txt,80,ただし、生み出される力という点に限れば、概ね他の多
txt,81,くの属性に道を譲ることになる。
txt,82,　
txt,83,それでもわしが風の魔術を好んで唱えるのは……
txt,84,やはり用いる状況に囚われず、術者の望む安定した力を
txt,85,発揮することが容易な点に縁があろう。
txt,86,「迅速」であること。
txt,87,これはいついかなる時も、尊ばれるものよ。
txt,88,　
txt,89,ここでは風の魔術に重きを置いて、教えていこうと思う。
txt,90,魔術は、その属性によって、姿形を変える。
txt,91,術者の力が、ここに強く影響を与えることは、至極当然
txt,92,のことと言えよう。
txt,93,知識や、精神の力だけが、魔術を形づくるのではない。
txt,94,これからは……
txt,95,裾野を広く見据えて、偉大な魔術を駆るに相応しい賢者
txt,96,となってくれることを、期待しておるよ。
txt,97,わしはデネヒア＝ルーベルドラクロア。
txt,98,翼の長などと呼ばれることもあるが、なんのことはない
txt,99,根無し草と大差はあるまいて。
txt,100,　
txt,101,そなたらと同じような年頃、わしはそう、ひとりの魔術
txt,102,師に出逢うた。
txt,103,わしはその卓越した呪文のとりこになって、弟子となる
txt,104,べく、あの手この手で頑張っていたものだ。
txt,105,　
txt,106,好きこそものの上手なれ。
txt,107,そなたらにとっての好きなこと……
txt,108,それを見出すための手助けとして、わしの知る風の魔術が
txt,109,役に立てば嬉しいと思う次第じゃ。
txt,110,　
txt,111,ふむ、なんとまだこの老骨の話を聴きたいとな？
txt,112,であるならば、それこそは互いに講義の始まりとなろう。
txt,113,講義の主旨は、冒険で得られぬものを得ることにある。
txt,114,　
txt,115,特に、数多の技能を見出すためには、欠かせぬものじゃ。
txt,116,知りたいと思う分野の講義はもちろん、近しい関係にあ
txt,117,る講義を受けることで、能力とともに、技能に目覚めて
txt,118,ゆくことになろう。
txt,119,　
txt,120,脇道に逸れることなく、専門分野をしっかりと学べるこ
txt,121,と、それこそが講義の強みなのだ。
txt,122,まずはここでいろいろと与太話に花を咲かせつつ……
txt,123,机に向かうこと、そして、なにかに情熱を捧げるという
txt,124,ことの魅力を、少しでも伝えたいと思う。
txt,125,冒険の特徴は、なんといっても、実戦を経て多くの経験
txt,126,を積める点であろう。
txt,127,無論、埋もれた秘宝を手にできることも、特筆できる。
txt,128,また、冒険を経ることで技能をひらめくこともある。
txt,129,ただし。
txt,130,冒険のみで求める技能に狙いを定めることは、困難じゃ。
txt,131,それだけは、知っておくべきであろうの。
txt,132,人に教えるというのもおこがましいが、まあ、絵を描く
txt,133,愉しみを教えることは、どうにかできよう。
txt,134,　
txt,135,文句などはともかく。
txt,136,まずは、みずから描いてみることよ。
txt,137,見て、知って、触って、描いて、また眺める。
txt,138,その積み重ねと反芻が、いろいろなものに活きるのだ。
txt,139,わしはファルドラ＝ベリス。
txt,140,概ね僧侶を中心に学んできたが、いろいろと旅をして、
txt,141,体は頑丈になった。
txt,142,長く生きてきた中には、剣を握らねばならぬこともあっ
txt,143,たな。
txt,144,　
txt,145,すると不思議なもので、僧侶の時には見えなかったこと
txt,146,が見えるようになった。
txt,147,二足の草鞋、器用貧乏などと疎まれたこともあったが、
txt,148,そういう者こそが、活躍する場所もある。
txt,149,もっとも。
txt,150,どんな生き方を望むかは、そなたら次第であるが。
txt,151,法術は、わしのもっとも得意とするところ。
txt,152,わしの言葉に傾注できるこころあらば、ふと技能に目覚
txt,153,めるようなこともあろう。
txt,154,　
txt,155,なれども、人には得手不得手というものがある。
txt,156,一度で望むものが見出せなかったとて、決して腐らぬこ
txt,157,とよ。
txt,158,気を長く持つことは、魔法の修得において最も大切なこ
txt,159,とと、わしは心得る。
txt,160,　
txt,161,果たして、そなたはどうであるかな？
txt,162,法術は、光と闇という二面性がある。
txt,163,互いに相容れぬ存在でありながら、両者は切っても切れ
txt,164,ぬ関係にある。
txt,165,　
txt,166,それゆえに、多くの誤解を生んできたのも事実。
txt,167,真実を知らぬ者にとって、闇は安寧ではなく……
txt,168,恐怖や邪悪という負の存在を想起させるのであろうな。
txt,169,　
txt,170,そうした不遇の分野に挑んでみるのもまた、いい経験に
txt,171,なろうぞ？
txt,172,パペッシュ＝フェイクは、ほんの少し立ち寄るつもりだ
txt,173,ったのに、居心地の良さに思わず逗留……
txt,174,となれば、一宿一飯の恩には応えなきゃね。
txt,175,　
txt,176,スジの良い狩人のいるところは、村でも町でも国でも。
txt,177,立派な誇りが芽生えるものさ。
txt,178,剣士が鹿を仕留めることはないし、偉大な魔術師だって、
txt,179,精霊の力をけしかけるには、相手が悪い。
txt,180,　
txt,181,そんなわけだから、ぼくの話を聴くっていうのなら……
txt,182,自信を持って、しっかり腕を磨いてほしいよね。
txt,183,戦いでも狩りでも、大切なのは集中力。
txt,184,そして何よりも、こんなもんかな、っていうバランス感
txt,185,覚なんだ。
txt,186,こんな話をすると、適当でいい加減なヤツだって言われ
txt,187,るんだけど、まさしくその通り。
txt,188,ぼくには強すぎる筋力も、多すぎる知恵も徳もイラナイ。
txt,189,　
txt,190,そんなじゃまっけなものは置いといて、かわりに木ぎれ
txt,191,とノミを手に取ろう。
txt,192,おなかがすくのも忘れて彫り進められたなら。
txt,193,相手の急所の他に、きみの矢が降り立つ隙間はないよ。
txt,194,弓のことが聴きたいって？
txt,195,まあ、一口に弓と言ってみたっていろいろあるけど……
txt,196,良い弓というのは、その弦の響きも心地良いよね。
txt,197,でも、弾き手がヘボなら、せっかくの旋律も台無しだ。
txt,198,　
txt,199,少しでも前衛のこころを和ませる和音を奏でたいのなら。
txt,200,今日あたり、いい機会なんじゃない？
txt,201,光に対成す闇があるように。
txt,202,狩人にだって、表と裏があるんだ。
txt,203,まっすぐに見据えて、正々堂々ってのが表の世界とする
txt,204,なら……
txt,205,少し斜に構えて、謀よろしく罠を仕掛けてみたりするの
txt,206,がいわば裏の世界ってことになるかな。
txt,207,　
txt,208,狩人の裏技には不思議なサワリ心地があるから……
txt,209,もしこれからも、まっとうに生きていくつもりならさ、
txt,210,あんまり近づかない方がいいかもね？
txt,211,できれば、こっちは教えたくなかったんだけど。
txt,212,だって、狩人が剣を使うなんて……
txt,213,そんなことあっちゃいけないことなんだ。
txt,214,　
txt,215,でも、長い人生。
txt,216,一度や二度はそんな修羅場もあるよね。
txt,217,いざって時、弓を持ってしか戦場にいけないなんて……
txt,218,口が裂けても言えない時が、きっと来る。
txt,219,　
txt,220,そうしたら、あとは剣を握るのみ。
txt,221,狩人にとって、身のこなしが軽いことは大歓迎。
txt,222,剣士にとっても、狩人で身につけたことは、とっても役
txt,223,に立つんだ。
txt,224,　
txt,225,もっとも。
txt,226,きみが狩人でないとしても……
txt,227,手を抜くなんてコトはしないから、安心してほしいな。
txt,228,狩人を極めたいのなら。
txt,229,もちろん、ここで受けておくことをお薦めするよ。
txt,230,　
txt,231,でもね、狩人にとっては、やっぱりバランス感覚が命綱。
txt,232,極めることばかりに拘って、大切ななにかを失ってしま
txt,233,わないように、気をつけて。
txt,234,　
txt,235,いいかい？
txt,236,失う時は、ほんとうにアっと言う間だからね。
txt,237,　
txt,238,シェリル＝ジェノワースです。
txt,239,　
txt,240,聖セヴィエスへの復帰が叶うまで……
txt,241,純潔の盾で補佐官を務めることになりました。
txt,242,　
txt,243,ナビロス様にも、ファルド様にもまだまだ及びません。
txt,244,でも、こうしてみなさんと一緒にあるかぎり。
txt,245,精一杯がんばりたいと思います。
txt,246,　
txt,247,よろしくお願いします。
txt,248,僧侶の掲げる光の言葉は、広く癒しの言葉と同一視され
txt,249,てまいりました。
txt,250,それゆえに、癒し手としての力を欠くままに、僧侶を名
txt,251,乗るわけにはいきません。
txt,252,　
txt,253,わたしもまた勉強中の身。
txt,254,一緒にがんばりましょう。
txt,255,……光と対成し、動を支えるべき静。
txt,256,安寧を司る闇を、お教えしたいと思います。
txt,257,　
txt,258,誤解を生み、いわれのない罪を着せられたからこそ。
txt,259,逃げも隠れもいたしません。
txt,260,真実の一片でもいい。
txt,261,闇の姿を、想いを……
txt,262,闇の秘術とともに、感じ取ってほしいと思います。
txt,263,学級のため、エルメナスのために、奉仕すること。
txt,264,それが、この講義の目的です。
txt,265,特筆すべきは、ここで得た経験が、すべて学級へと蓄積
txt,266,され、それを自由に活かせるという点でしょう。
txt,267,　
txt,268,どうか、存分に学んでほしいと思います。
txt,269,沈黙の行とは、聖セヴィエスにおける最も初歩の講義に
txt,270,して、最も大切な講義です。
txt,271,純潔の盾にあっても、充分にその効果を期待できるもの
txt,272,と思います。
txt,273,　
txt,274,目を伏せ、口を閉ざすこと……
txt,275,それは、現実から逃げることと同義でしょうか？
txt,276,いいえ。
txt,277,内なる声に耳を澄まし、胸深くに灯る炎を見出すこと。
txt,278,それは、耕すことさえなかった庭に目を向けることです。
txt,279,あなたのこころに刻まれた規範。
txt,280,……手入れすることさえ忘れていませんか。
txt,281,あまりに身近すぎて？
txt,282,はじめに言っておきたいことが三つ。
txt,283,これらはつねに、また、相手を問うことなく。
txt,284,少なくとも、このバトラ＝フェドリンスクの目の届く限
txt,285,りにおいて。
txt,286,　
txt,287,ひとつ、挨拶は元気よく、相手の気持ちを想って。
txt,288,ひとつ、返事ははっきりと、こころから。
txt,289,ひとつ、誤りは全力で正し、謝ることを恐れぬこと。
txt,290,　
txt,291,皆ができることは、皆でしていこうではないかえ？
txt,292,　
txt,293,「知識よりも知恵を持て」
txt,294,重い言葉ではあるが、知識があって困ることもない。
txt,295,道具を上手く活用する力を知恵とすれば、道具自体が知
txt,296,識ということになろう。
txt,297,　
txt,298,得てして、道具というものに善悪がないように。
txt,299,知識もまた純粋にして無垢。
txt,300,　
txt,301,いずれにしても、それを使うのはそなたら自身。
txt,302,せめて、道具を磨くことを忘れぬように。
txt,303,魔術ほど、種々雑多な学問もない。
txt,304,ここでは、水の魔術に絞って学ぼうではないかえ？
txt,305,　
txt,306,水の魔術にとって大切なのは、柔軟であるということ。
txt,307,姿かたちに拘泥しないそのこころは、魔術師だけでなく
txt,308,誰しもが師と仰ぐに相応しかろう。
txt,309,　
txt,310,もっともパペッシュなどに言わせれば……
txt,311,世の中のすべてが師となろう、ということであるが。
txt,312,　
txt,313,まあ、初めから上手くいくことも少ない。
txt,314,失敗は覚悟の上で、挑んでみるとよかろう。
txt,315,魔術という分野において、大地という属性は、概ね守り
txt,316,に優れた適正を持つ。
txt,317,長い戦いの旅路にあって、必ずや重宝することとなろう。
txt,318,　
txt,319,ちなみに大地の魔術は、翼の長の得意とする風の魔術と
txt,320,反対の属性にあたる。
txt,321,よって、これまで純潔の盾では、あまり大地の魔術には
txt,322,触れてこなかったであろう？
txt,323,　
txt,324,一人や二人、大地の使い手がおれば、必ずや純潔の盾に
txt,325,恩恵をもたらしてくれようぞ。
txt,326,ジェライト＝ロバリーだ。
txt,327,肩書きとしては僧侶だが……
txt,328,まあ、いろいろな草鞋を履いてきたのは確かだな。
txt,329,　
txt,330,僧侶としては、シェリル先生が先任か……
txt,331,その分を、オレは大剣の使い方に割きたいと思う。
txt,332,たしかにまあ、頼りない重戦士と言われたものだが、そ
txt,333,れでも、まだまだおまえたちのようなヒヨッコには、負
txt,334,けないつもりだ。
txt,335,　
txt,336,時が時なら、いくらでも適役があるものだが……
txt,337,まあ、今の学び舎ではな。
txt,338,イノセンティアは良い拾いモノをしたと思うよ、実際。
txt,339,実のところ、こんなものは教えてどうにかなるものだと
txt,340,は思ってない。
txt,341,なにせ洒落た言葉でくくるには、あまりに大きな学問だ。
txt,342,　
txt,343,だが……
txt,344,吟唱詩人の語る伝承や逸話を、目を輝かせながら、身を
txt,345,乗り出して聴くものがある。
txt,346,まっすぐな眼差しを向ける。
txt,347,　
txt,348,おまえさんは、見たいと思わんか？
txt,349,その瞳に映る景色を。
txt,350,聖句の詠唱で大切なのは、その意味を知ることや発音で
txt,351,もなければ、
txt,352,効果を大きくしたり、華麗さを競うことじゃない。
txt,353,　
txt,354,ただひとつ。
txt,355,聖句を唱和する時に、みんなとの歩調を合わせることだ。
txt,356,そうするために、意味や発音を知っていなきゃならん。
txt,357,いいか、目的と手段を間違えてくれるなよ？
txt,358,　
txt,359,それさえ履き違えなければ……
txt,360,法術のなんたるかも、見えてこようってものだ。
txt,361,まったくもって、人材の不足というものはままならん。
txt,362,一度は承諾したこととはいえ、よもや、このオレが重戦
txt,363,士について指図する時が、本当に来ようなどとは。
txt,364,　
txt,365,……確かに、正直言って、剣は嫌いじゃない。
txt,366,いやむしろ、好きなほうだ。
txt,367,だが悲しいことに、好きであればあるほど憐れなことも
txt,368,ある。
txt,369,　
txt,370,それでも、まあ、なんだ。
txt,371,鍵の長に剣を教わる者たちよりは……
txt,372,おまえさんたち、救いがあるかもしらんな。
txt,373,明るく、にぎやかで、朗らかで……
txt,374,良い学級ですな。
txt,375,　
txt,376,聞けば、入級してまだ間もない子もあるとか。
txt,377,わしもまた、新たな気持ちで、取りくむ所存。
txt,378,バウベス＝フォアトッドの炎に懸けて……
txt,379,がんばりたいと思います。
txt,380,　
txt,381,では、お互いに礼。
txt,382,はじめるとしましょう。
txt,383,炎を所望するのかね？
txt,384,なれど、確固たる薪なくば、炎は育たないのです。
txt,385,　
txt,386,決意が揺ぎ無いものなら。
txt,387,まずはこの講義で、しっかりとした地盤を築きなされ。
txt,388,その上で。
txt,389,かならず至高なる炎をお教えすると、約束しましょう。
txt,390,良い時期になりました。
txt,391,赤々とした炎が、あなたの言霊から紡がれる時も、遠く
txt,392,はありますまい。
txt,393,　
txt,394,どうか、あらんかぎりの全霊を懸けてお求めあれ。
txt,395,こうしてイノセンティアを訪れるのも、久しぶりにござ
txt,396,ります。
txt,397,この上は、ナビロス＝ルシフージュ……
txt,398,闇と光とを司る者として、精一杯のお力添えを、ここに
txt,399,誓いましょうぞ。
txt,400,明かりを断ち、音を断つ……
txt,401,やがて割れんばかりの音が鳴り響くと、次第に自分の中
txt,402,へと没入していくことでしょう。
txt,403,　
txt,404,嬉しいこと、嫌なこと、ふとしたこと、忘れていたかっ
txt,405,たこと……
txt,406,そしていつしか、あなたは気付くだろうか。
txt,407,こころの奥底で眠る果てない想いが、そなたを支え、見
txt,408,守っているということを。
txt,409,　
txt,410,「沈黙は、世の中から孤立することにはあらず。
txt,411,　沈思とは、自分を支えてくれる有形無形のすべてを彫
txt,412,　りおこし、深謝の念を想うものなり。
txt,413,　なればこそ。
txt,414,　沈黙を破るその時は、迸る熱情に支えられるものなり。
txt,415,法術をお教えいたします。
txt,416,必ずや、旅のお役に立ちましょう。
txt,417,　
txt,418,もはや、多くは語りますまい。
txt,419,その脚で、ついてきなさい。
txt,420,……講義においては、わたしはあなた方の先生です。
txt,421,しかしながら。
txt,422,このシュナイドラ＝バレスティは、新たに学ぶつもりで
txt,423,純潔の盾に参りました。
txt,424,　
txt,425,どんな些細なことでもいいのです。
txt,426,聞いてください。
txt,427,そして、教えてほしいのです。
txt,428,あなた方が、ここで学んだ、そのわずか一片でも。
txt,429,私にできることは、魔術をお教えすることぐらいです。
txt,430,しかも、そこには合理以外のものはありません。
txt,431,　
txt,432,今にして思えば、素っ気ない道を来たものです。
txt,433,ふ……
txt,434,すべて踏み躙ってきたのです。
txt,435,当然の報いなのでしょう。
txt,436,　
txt,437,けれど、だからこそ。
txt,438,ここであなた方にお教えしたい。
txt,439,純潔の盾の想いを、私の魔術に重ねて……
txt,440,新たな道を見出したいと、そう思います。
txt,441,よろしくお願いいたします。
txt,442,尾根を越え、頂を踏破すること。
txt,443,そうやって地道に国境を旅することは、賢者の務め。
txt,444,名も知らず、言葉も通じぬ場所であっても、大概は脚が
txt,445,しっかりしていれば、辿り着けるもの。
txt,446,　
txt,447,嫌な顔をするな、とは言わないが……
txt,448,がんばってほしいものだ。
txt,449,　
txt,450,「縦走を経て広がる景色というものは、
txt,451,　　これを経ぬ者とに大きな隔たりを生ず」
txt,452,　
txt,453,筆者も知れぬこの文言が、真理を突けばこそ長寿となる。
txt,454,一度くらいは、積んでおいてしかるべき講義と言えよう。
txt,455,深い森。
txt,456,小さな野池のほとり。
txt,457,崩れた寺院の窓辺。
txt,458,　
txt,459,見つめてほしい……
txt,460,無粋な明かりを灯すことなく。
txt,461,あなたとあなたを包む、すべてを。
txt,462,賢者というのは、ほんとうにいろいろな場所に出向く。
txt,463,山、川、平原、高地、湿原、森……
txt,464,そこには、いろんな楽しみと、危険が隣り合わせ。
txt,465,雨、風、虫、蛇、狼、寒さ、暑さ……
txt,466,　
txt,467,いかに安らげる場所を見定めるか？
txt,468,水場は近いか遠いか？
txt,469,火は起こしてもいいか？
txt,470,手際よく、その時できる最良の食事を仕度して、そして
txt,471,しっかりと眠る。
txt,472,それができければ……
txt,473,　
txt,474,自分たちのことだから、しっかり学んでほしい。
txt,475,食事にありつくためにも、水を得るためにも。
txt,476,そして、木々と語らい、精霊と出逢うためにも……
txt,477,森という存在は、きみたちにとって、最上の味方となる。
txt,478,　
txt,479,けれど、守るべきことを守れなければ、豊かな森はたち
txt,480,まちのうちに、恐れるべき野性の巣窟と化す。
txt,481,　
txt,482,大抵は、一度や二度。
txt,483,場合によっては何度でも、失敗に失敗を重ねる。
txt,484,そうする内に、一人前の旅人になれる。
txt,485,　
txt,486,ここでは、旅と仲良くなれる方法を、いくつか教えよう。
txt,487,海においても、湖においても。
txt,488,帆の張り具合は、つねに風の詠み方ひとつ。
txt,489,机の前に張り付いても、前には進めまい。
txt,490,　
txt,491,時には船を漕ぎ出して、肌で感じることも大切だ。
txt,492,もっとも、戦いの時にはそんなこともできはしない。
txt,493,講義というものの有意義な点は、まさにこの一点に集約
txt,494,されているといっていい。
txt,495,　
txt,496,風と水しぶきを存分に浴び、帆と櫓をその腕で絞る。
txt,497,穏やかなる時も、時化る時も……
txt,498,変わらぬ操船ができるようなら一人前だ。
txt,499,　
txt,500,まあ、そのような者は……
txt,501,純潔の盾の長をおいてほかに、そうはおるまいが。
txt,502,０１　ここに記述
txt,503,０２
txt,504,０３
txt,505,０４
txt,506,０５
txt,507,０６
txt,508,０７
txt,509,０８
txt,510,０９
txt,511,１０
txt,512,０１　ここに記述
txt,513,０２
txt,514,０３
txt,515,０４
txt,516,０５
txt,517,０６
txt,518,０７
txt,519,０８
txt,520,０９
txt,521,１０
txt,522,０１　ここに記述
txt,523,０２
txt,524,０３
txt,525,０４
txt,526,０５
txt,527,０６
txt,528,０７
txt,529,０８
txt,530,０９
txt,531,１０
txt,532,０１　ここに記述
txt,533,０２
txt,534,０３
txt,535,０４
txt,536,０５
txt,537,０６
txt,538,０７
txt,539,０８
txt,540,０９
txt,541,１０
txt,542,０１　ここに記述
txt,543,０２
txt,544,０３
txt,545,０４
txt,546,０５
txt,547,０６
txt,548,０７
txt,549,０８
txt,550,０９
txt,551,１０
txt,552,０１　ここに記述
txt,553,０２
txt,554,０３
txt,555,０４
txt,556,０５
txt,557,０６
txt,558,０７
txt,559,０８
txt,560,０９
txt,561,１０
txt,562,０１　ここに記述
txt,563,０２
txt,564,０３
txt,565,０４
txt,566,０５
txt,567,０６
txt,568,０７
txt,569,０８
txt,570,０９
txt,571,１０
txt,572,０１　ここに記述
txt,573,０２
txt,574,０３
txt,575,０４
txt,576,０５
txt,577,０６
txt,578,０７
txt,579,０８
txt,580,０９
txt,581,１０
txt,582,０１　ここに記述
txt,583,０２
txt,584,０３
txt,585,０４
txt,586,０５
txt,587,０６
txt,588,０７
txt,589,０８
txt,590,０９
txt,591,１０
txt,592,０１　ここに記述
txt,593,０２
txt,594,０３
txt,595,０４
txt,596,０５
txt,597,０６
txt,598,０７
txt,599,０８
txt,600,０９
txt,601,１０
txt,602,０１　ここに記述
txt,603,０２
txt,604,０３
txt,605,０４
txt,606,０５
txt,607,０６
txt,608,０７
txt,609,０８
txt,610,０９
txt,611,１０
txt,612,０１　ここに記述
txt,613,０２
txt,614,０３
txt,615,０４
txt,616,０５
txt,617,０６
txt,618,０７
txt,619,０８
txt,620,０９
txt,621,１０
txt,622,０１　ここに記述
txt,623,０２
txt,624,０３
txt,625,０４
txt,626,０５
txt,627,０６
txt,628,０７
txt,629,０８
txt,630,０９
txt,631,１０
txt,632,０１　ここに記述
txt,633,０２
txt,634,０３
txt,635,０４
txt,636,０５
txt,637,０６
txt,638,０７
txt,639,０８
txt,640,０９
txt,641,１０
txt,642,０１　ここに記述
txt,643,０２
txt,644,０３
txt,645,０４
txt,646,０５
txt,647,０６
txt,648,０７
txt,649,０８
txt,650,０９
txt,651,１０
txt,652,０１　ここに記述
txt,653,０２
txt,654,０３
txt,655,０４
txt,656,０５
txt,657,０６
txt,658,０７
txt,659,０８
txt,660,０９
txt,661,１０
txt,662,０１　ここに記述
txt,663,０２
txt,664,０３
txt,665,０４
txt,666,０５
txt,667,０６
txt,668,０７
txt,669,０８
txt,670,０９
txt,671,１０
txt,672,０１　ここに記述
txt,673,０２
txt,674,０３
txt,675,０４
txt,676,０５
txt,677,０６
txt,678,０７
txt,679,０８
txt,680,０９
txt,681,１０
txt,682,０１　ここに記述
txt,683,０２
txt,684,０３
txt,685,０４
txt,686,０５
txt,687,０６
txt,688,０７
txt,689,０８
txt,690,０９
txt,691,１０
txt,692,０１　ここに記述
txt,693,０２
txt,694,０３
txt,695,０４
txt,696,０５
txt,697,０６
txt,698,０７
txt,699,０８
txt,700,０９
txt,701,１０
txt,702,０１　ここに記述
txt,703,０２
txt,704,０３
txt,705,０４
txt,706,０５
txt,707,０６
txt,708,０７
txt,709,０８
txt,710,０９
txt,711,１０
txt,712,０１　ここに記述
txt,713,０２
txt,714,０３
txt,715,０４
txt,716,０５
txt,717,０６
txt,718,０７
txt,719,０８
txt,720,０９
txt,721,１０
txt,722,０１　ここに記述
txt,723,０２
txt,724,０３
txt,725,０４
txt,726,０５
txt,727,０６
txt,728,０７
txt,729,０８
txt,730,０９
txt,731,１０
txt,732,０１　ここに記述
txt,733,０２
txt,734,０３
txt,735,０４
txt,736,０５
txt,737,０６
txt,738,０７
txt,739,０８
txt,740,０９
txt,741,１０
txt,742,０１　ここに記述
txt,743,０２
txt,744,０３
txt,745,０４
txt,746,０５
txt,747,０６
txt,748,０７
txt,749,０８
txt,750,０９
txt,751,１０
txt,752,０１　ここに記述
txt,753,０２
txt,754,０３
txt,755,０４
txt,756,０５
txt,757,０６
txt,758,０７
txt,759,０８
txt,760,０９
txt,761,１０
txt,762,０１　ここに記述
txt,763,０２
txt,764,０３
txt,765,０４
txt,766,０５
txt,767,０６
txt,768,０７
txt,769,０８
txt,770,０９
txt,771,１０
txt,772,０１　ここに記述
txt,773,０２
txt,774,０３
txt,775,０４
txt,776,０５
txt,777,０６
txt,778,０７
txt,779,０８
txt,780,０９
txt,781,１０
txt,782,０１　ここに記述
txt,783,０２
txt,784,０３
txt,785,０４
txt,786,０５
txt,787,０６
txt,788,０７
txt,789,０８
txt,790,０９
txt,791,１０
txt,792,０１　ここに記述
txt,793,０２
txt,794,０３
txt,795,０４
txt,796,０５
txt,797,０６
txt,798,０７
txt,799,０８
txt,800,０９
txt,801,１０
txt,802,０１　ここに記述
txt,803,０２
txt,804,０３
txt,805,０４
txt,806,０５
txt,807,０６
txt,808,０７
txt,809,０８
txt,810,０９
txt,811,１０
txt,812,０１　ここに記述
txt,813,０２
txt,814,０３
txt,815,０４
txt,816,０５
txt,817,０６
txt,818,０７
txt,819,０８
txt,820,０９
txt,821,１０
