reinsertion_flags,no_scene_elements
txt,0,　
txt,1,　
txt,2,金枝の狩場
txt,3,　学び舎エルメナス発祥の地とも言われる、古い地層の荒れ野。
txt,4,　長い年月を経て、ある種異様な雰囲気を醸し出す奇岩が、自然の造形美を生み出しています。
txt,5,カンプネロ庄
txt,6,　妖精たちの好む、深い深い緑に囲まれた谷あいの村。
txt,7,　近年では、鍵の長パペッシュ＝フェイク、摺足レジオス＝パンドレッタなど、優れた小人たちを輩出しています。
txt,8,　栄光を求める、というよりも、いつのまにか賢者と呼ばれるようになってしまっていた……
txt,9,　エルメナス創生期の、素朴な姿勢が今なお息づく、大自然に包まれた土地です。
txt,10,星詠みの天蓋
txt,11,　３００年の過去、永きに及んだ黒薔薇戦役に終止符を打ったとされる、エルメナス屈指の天壇。
txt,12,　幾重にも張り巡らされた魔方陣と、星々の運行を密接に結びつけた、魔術の触媒です。
txt,13,　その威容は苔むしながらなお、今も学び舎全土を見守っているのだと言われています。
txt,14,物見の尖塔
txt,15,　エルメナスの西方を守護する大イリアの塔。
txt,16,　世のすべての事象を言霊に綴る、終わることのない研究機関でした。
txt,17,　四大学級、叡智の殿堂パラダインが入館してからわずか三年足らずですが、学び舎を守護する居城として、揺ぎ無い
txt,18,　美と力とを誇示しています。
txt,19,中央校舎
txt,20,　東の賢院エルメナスの中枢にして、全校生徒が一堂に会することのできる巨大な建造物。
txt,21,　古代の遺跡群が重なり合うようにして築かれた中央校舎ロイヤル・センテは、這い出し者どもによって、わずか三日
txt,22,　で陥落しました。
txt,23,　今や混沌に包まれる瓦礫と化した学び舎の象徴は、何を想い、その無惨な姿を晒しているのでしょうか……
txt,24,迷いの森
txt,25,　エルメナスを守る、大自然の要害の一角。
txt,26,　起伏に富んだ複雑な地勢と、無数の巨木によって、古くから天然の城砦としての地位を勝ち得てきました。
txt,27,　土壌は潤沢な水をたたえ、潤う常緑の木々は炎を寄せ付けることなく、悠久の時を刻み続けています。
txt,28,アマンジオ古戦場
txt,29,　エルメナス三景に数えられた美観を湛えたとされる景勝地。
txt,30,　黒薔薇戦役末期、その戦火がエルメナス中枢にまで飛び火した時、図らずも決戦の場となりました。
txt,31,　それゆえ今は、在りし日の姿を想像することさえ困難な、不毛の大地となり果てたのでした。
txt,32,内海
txt,33,　エルメナスの中心に位置する、鮮やかな群青に満たされた豊かな海。
txt,34,　中央校舎へと至る海路は唯一、不動の橋立を経て、学び舎の西方から外洋へとつながっています。
txt,35,　操船に覚えのある賢人は、足の速い海路を使っての往来を、好んで用いると言われています。
txt,36,パヤン
txt,37,　海路における学び舎の玄関口にあたります。
txt,38,　鳥呼びの灯台が十二本、切り立った断崖にばりつくようにして航海を見守っています。
txt,39,　翼の長となる者は、この地で名を授かります。
txt,40,　それは、卓越した航海と操船技術の証であり……
txt,41,　同時に友を無事に迎え、また送り出す風を誘う、偉大な力のあざなでもあるのです。
txt,42,ラゼニス海峡
txt,43,　不動の橋立に続く、海路の関所。
txt,44,　雪融けの水が内海に流れ込む春先には、大きな帆船をも一呑みにする滝となり、迫力ある景観を表します。
txt,45,　瀑布の季節でなくとも、水位や温度差によって海流は乱れ、熟達した船乗りでさえ顔を強張らせる難所なのです。
txt,46,　不動の橋立を最後の寄港地とするのは、エルメナスにおける不文律と言えるでしょう。
txt,47,不動の橋立
txt,48,　エルメナスの中央に至る海路の要衝として、長い歴史を誇るガラハノフ大橋が、海峡をひとまたぎにしています。
txt,49,　黄昏のドワーフたちによる見事な石造りの橋は、四百年に渡って増築を繰り返し、海峡自体が巨大な城砦として成立
txt,50,　するに至りました。
txt,51,　今でも海凪ぎの風物詩として、十昼夜をかけた石彫りの宴が執り行われます。
txt,52,　不動の橋立を居城に構える四大のゴスペルブラス、そしてそこに集う屈強な重戦士たちは、過去からの遺産に日々触
txt,53,　れながら歩むがゆえに、義心と初志の貫徹を旨とするように育まれるのかも知れません。
txt,54,沈思の聖堂
txt,55,　エルメナスの栄光ある四大の頂点、聖セヴィエスを擁く北の守護堂。
txt,56,　学び舎はその豊かさと、秘められた過去の遺産の存在ゆえに、古くから大小取り混ぜて、密やかな占領作戦が繰り返
txt,57,　されてきました。
txt,58,　光に満ちる沈思の聖堂の歴史とは、すなわち心ない侵攻を尽く封殺し続けてきた闇の歴史でもあるのです。
txt,59,バレオス荒原
txt,60,　雷と嵐とを従えた、双頭竜ディプロマの眠る大荒原。
txt,61,　その死を悼んだ風の精霊たちが、激しい砂塵の嵐となって、今も吹き荒んでいます。
txt,62,風の丘
txt,63,　内海の冷気と、内陸の暖気によって生じる突風の通路。
txt,64,　この風を使って、遠方と言霊をやりとりする遊びが、子供たちの間で絶えることはありません。
txt,65,海神の祠
txt,66,　内海の安寧を支える信仰の中心。
txt,67,　内海は、地下水脈を通じて無数の湖に通じています。
txt,68,　海神の怒りが恐ろしい呼び声を生むと考えた人々が、鎮魂をはかって祈りを捧げたことが信仰の始まりと言われてい
txt,69,　ます。
txt,70,　今では逆に、その奇音の聞こえ方をもって吉兆を占うことがもっぱらとなっています。
txt,71,白皙の城砦
txt,72,　四大の居城の一角。
txt,73,　ロイヤル・センテ戦で戦力を大きく欠損した純潔の盾は、居城の機能を暫時凍結。
txt,74,　エルベロワへと落ち延びました。
txt,75,　湖に映える白く美しい姿を指して、いつしかエンディミオンと名付けられました。
txt,76,　南北にかかる長い橋が象徴する、エルメナス東方の要衝です。
txt,77,天秤洞
txt,78,　商いや交渉を主な生業とする人々にとっての聖なる地として、敬意の念を集めています。
txt,79,　天秤の長バトラ＝フェドリンスクは、この洞穴の祭祀長でもあります。
txt,80,　
txt,81,大図書館
txt,82,　古くはエルメナスの前身、帝都シュペル・ニンフェンスに築かれました。
txt,83,　群を抜く蔵書を誇りながら、今や深い闇の中で、稀少な書物が紐解かれる時を待ちわびていると言われています。
txt,84,　
txt,85,　
txt,86,聖者の墳墓
txt,87,　歴代の、長と呼ばれた賢者たちが、聖者に列せらて眠る地。
txt,88,　墓前に献花が絶えることはなく、生前のひととなりをうかがい知ることができます。
txt,89,　一説には、生まれてからこの世を去るまで、聖者が生前携えてきた様々な物品が、墓に訪れた者たちに少しずつ与え
txt,90,　られると　言われています。
txt,91,ダレオスの地下都市
txt,92,　思わず目を見張る彫刻の数々が眠りにつくダレオス。
txt,93,　深い地下に根を張り、姿は見えなくとも、広大な土地にその身を横たえています。
txt,94,　ダンジョン探索の一環として、講義に用いられた時期もありましたが、今はその役目を終えて、静かな日々を送って
txt,95,　いると言われています。
txt,96,ケネオネの樹海
txt,97,　昼日中でさえ暗い影の落ちる深い森。
txt,98,　ここでは、いかに自分が小さな存在かを知ることになるでしょう。
txt,99,　樹海に潜む幾多の危険が、しかし、冒険をする者にとって欠くことのできない緊張と言えるのかもしれません。
txt,100,エルベロワ
txt,101,　純潔の盾イノセンティア発祥の地にして、開祖デネヒア＝ルーベルドラクロアが生まれ育った故郷。
txt,102,　四大の学級として彼らが白皙の城砦エンディミオンに入城した後は、逍遥や静養のための別荘となっていました。
txt,103,　
txt,104,　混沌はロイヤル・センテに這い出しこれを内から陥落せしめ、その脅威は四大の居城にも及びました。
txt,105,　後に言うロイヤル・センテ撤退戦によって散り散りとなった純潔の盾は、規模の大きい居城から退くことを決定。
txt,106,　エルメナスの中枢から遠く離れたエルベロワに難を逃れ、力を蓄える道を選んだのでした。
txt,107,ヘルメス草原
txt,108,　見渡す限りの草原には、小さな動物たちが隠れています。
txt,109,　いろいろな形の家族の絆というものを、人々は改めて思い知るのです。
txt,110,　そして、そこで起こる残酷すぎる現実も、目の当たりにすることでしょう。
txt,111,　だからこそ、垣間見る愛らしい仕草に、心和らぐのではないでしょうか。
txt,112,セラの水編み
txt,113,　大小取り混ぜた湖沼地帯セラ。
txt,114,　ここでは川遊びにはじまり、釣り、投網、操船、水路行軍など、数々の講義の場となります。
txt,115,　子供たちにとっては、屈指の人気講義スポットと言うことができるでしょう。
txt,116,ダロワナ湿原
txt,117,　複雑な生態系と澄んだ精霊力が、そのまますべて教材となる鳥たちの聖域。
txt,118,　小石の名を呼びとめ、在りし日の倒木の名を紡ぎ、せせらぎに精霊の言葉を探る……
txt,119,　敏感な子供たちだからこそ、大人では感じることのできないなにかを得るのだと言われています。
txt,120,星降りの丘
txt,121,　手を伸ばせば、その指に触れられるような星々の瞬き……
txt,122,　その夜を仰ぎ見て、子供たちは、闇の畏怖と光の儚さを学ぶのでしょうか。
txt,123,　古来より、講義の一環として、この地を訪れる学級は後を絶ちません。
