reinsertion_flags,no_scene_elements
txt,0,デバッグ用です。【ココは書き換えないでね】
txt,1,コンセントレーション（常備）
txt,2,集中力を高める技能です。
txt,3,大きなダメージを受けた時にも、準備動作が途切れに
txt,4,くくなります。
txt,5,ブレイク　スマッシュ（使用）
txt,6,破壊力のある一撃を、一定範囲の敵に与えます。
txt,7,　
txt,8,　
txt,9,★重戦士系の専用技能です。
txt,10,タフネス（常備）
txt,11,物理攻撃に対する【装甲】と、毒などに対する【身体
txt,12,耐性】が向上します。
txt,13,しかし、【精神耐性】は減少しますので、魔法攻撃に
txt,14,は弱くなってしまいます。
txt,15,バーン　ナップ（使用）
txt,16,その場で回転して、近接するすべてのユニットに攻撃
txt,17,を与えます。
txt,18,　
txt,19,　
txt,20,★重戦士系の専用技能です。
txt,21,ライフ（常備）
txt,22,心身を活性化させることにより、【ＨＰ】の上限値が
txt,23,向上します。
txt,24,オーラ　レイ（使用）
txt,25,強力な気を発して、一定範囲の敵を攻撃します。
txt,26,わずかですが、ダメージを伴います。
txt,27,　
txt,28,　
txt,29,★重戦士系の専用技能です。
txt,30,エンジェリック　アームズ（使用）
txt,31,聖なる加護を受けることにより、物理攻撃の【威力】
txt,32,と【命中】を向上させます。
txt,33,　
txt,34,　
txt,35,★重戦士系の専用技能です。
txt,36,シールド　スミス（常備）
txt,37,防衛知識に精通することにより、物理攻撃に対する【
txt,38,装甲】と【回避】を向上させます。
txt,39,その反面、魔法に対する【障壁】が低下します。
txt,40,　
txt,41,　
txt,42,★剣士系の専用技能です。
txt,43,アタック　センス（常備）
txt,44,攻撃知識を深めることにより物理攻撃の【威力】が向
txt,45,上します。
txt,46,マルチ　アタック（使用）
txt,47,素早さを活かし、一度に複数回攻撃します。
txt,48,硬直時間は、攻撃後の一括払いになります。
txt,49,　
txt,50,　
txt,51,★剣士系の専用技能です。
txt,52,エア　スラッシュ（使用）
txt,53,風の力に働きかけて剣圧を衝撃化し、離れた敵に攻撃
txt,54,を加えます。
txt,55,　
txt,56,　
txt,57,★剣士系の専用技能です。
txt,58,イーグル　クロウ（使用）
txt,59,高く跳躍し、その反動で強力な一撃を与えます。
txt,60,攻撃がＨＩＴした場合、対象の【ＧＯＯＤコンディシ
txt,61,ョン】を破壊します。
txt,62,　
txt,63,　
txt,64,★剣士系の専用技能です。
txt,65,スキル　マスタリー（常備）
txt,66,集中力を高め、【ＭＰ自然治癒】速度を促進します。
txt,67,その反面、【ＨＰの自然治癒】速度は低下します。
txt,68,ホーク　アイ（使用）
txt,69,短い時間ですが、狩人よりも更に遠くまで見通すこと
txt,70,の出来る技能です。
txt,71,　
txt,72,　
txt,73,★剣士系の専用技能です。
txt,74,スパイラル　ショット（使用）
txt,75,射程は短くなりますが、通常攻撃よりも強力な一撃を
txt,76,与えます。　
txt,77,　
txt,78,　
txt,79,★狩人系の専用技能です。
txt,80,マルチ　シュート（使用）
txt,81,一度に複数の矢を放ちます。
txt,82,硬直時間は、攻撃後一括払いになります。
txt,83,　
txt,84,　
txt,85,★狩人系の専用技能です。
txt,86,リジェネレート（常備）
txt,87,【ＨＰ自然治癒】速度が向上します。
txt,88,シルバー　アローヘッド（常備）
txt,89,物理攻撃の【威力】と【命中率】が向上します。
txt,90,　
txt,91,　
txt,92,★狩人系の専用技能です。
txt,93,アロー　レイン（使用）
txt,94,高空に向けて多くの矢を放ち、目標群の上方から降り
txt,95,注ぐように攻撃します。
txt,96,　
txt,97,　
txt,98,★狩人系の専用技能です。
txt,99,ポイズン　アロー（使用）
txt,100,毒の矢を放ちます。
txt,101,攻撃が命中した相手には、【毒】のＢＡＤコンディシ
txt,102,ョンを与え、【ＨＰ】を一定時間奪い続けます。
txt,103,　
txt,104,　
txt,105,★狩人系の専用技能です。
txt,106,スナイプ（使用）
txt,107,限界距離の敵に対して、正確な計算に基づいて狙撃す
txt,108,る技能です。
txt,109,　
txt,110,　
txt,111,★狩人系の専用技能です。
txt,112,メイジ　キラー（使用）
txt,113,魔力の付与された矢を放ち、【ＭＰ】にダメージを与
txt,114,えます。
txt,115,また、【仮面】のＢＡＤコンディションを与え、視界
txt,116,を狭めます。
txt,117,　
txt,118,　
txt,119,★狩人系の専用技能です。
txt,120,ディスソリューション（使用）
txt,121,対象の魔法防御力を減少させます。
txt,122,　
txt,123,　
txt,124,★狩人系の専用技能です。
txt,125,ポイズン　トラップ（使用）
txt,126,罠を張り、周辺に【猛毒】のＢＡＤコンディションを
txt,127,与えて、一定時間【ＨＰ】を奪います。
txt,128,罠は自分以外全てのユニットに入ります。
txt,129,　
txt,130,★狩人系の専用技能です。
txt,131,クラック　ショット（使用）
txt,132,対象の物理装甲を低下させます。
txt,133,　
txt,134,　
txt,135,★狩人系の専用技能です。
txt,136,エンタングル　プリズン（使用）
txt,137,罠を張り、周辺に【減速】のＢＡＤコンディションを
txt,138,与え、行動速度を低下させます。
txt,139,罠は自分以外全てのユニットに入ります。
txt,140,　
txt,141,★狩人系の専用技能です。
txt,142,スィフト（常備）
txt,143,物理攻撃に対する【回避】を向上させます。
txt,144,クリティカル　アロー（常備）
txt,145,弓の真髄を見極め、物理攻撃の【命中率】を向上させ
txt,146,ます。
txt,147,　
txt,148,　
txt,149,★狩人系の専用技能です。
txt,150,リカバー（使用）
txt,151,一定範囲内の味方の【ＢＡＤコンディション】を確率
txt,152,で破壊します。
txt,153,少量ですが【ＨＰ】も回復します。
txt,154,ブレス（常備）
txt,155,【ＭＰ自然治癒】速度を高めます。
txt,156,ヒール（使用）
txt,157,指定した場所周辺の、味方体力を少量回復します。
txt,158,ホーリィ　パージ（使用）
txt,159,味方を基点にして聖なる光を放ち、周囲の敵に打撃を
txt,160,与えます。
txt,161,　
txt,162,　
txt,163,ハーミット　チャーム（常備）
txt,164,魔法攻撃に対する【障壁】と【精神耐性】が向上しま
txt,165,す。
txt,166,メジャー　ヒール（使用）
txt,167,対象を中心とした、周囲の味方の【ＨＰ】を回復しま
txt,168,す。
txt,169,　
txt,170,　
txt,171,★僧侶系の専用技能です。
txt,172,グレイト　ヒール（使用）
txt,173,長い詠唱を要しますが、対象の【ＨＰ】を大規模に回
txt,174,復します。
txt,175,　
txt,176,　
txt,177,★僧侶系の専用技能です。
txt,178,アシッド　チェイン（使用）
txt,179,対象の足元に強い酸性ガスを誘発し、一定範囲の敵に
txt,180,魔法攻撃を加えます。
txt,181,また、【物攻低下】のＢＡＤコンディションを与えま
txt,182,す。
txt,183,　
txt,184,　
txt,185,★僧侶系の専用技能です。
txt,186,ワード　オブ　カース（使用）
txt,187,一定範囲の敵に、呪いの言葉を投げかけます。
txt,188,また、【戒め】のＢＡＤコンディションを与え、【Ｍ
txt,189,Ｐ】を一定時間奪い続けます。
txt,190,　
txt,191,　
txt,192,★僧侶系の専用技能です。
txt,193,トゥルース（常備）
txt,194,物理攻撃に対する【装甲】と【身体耐性】が向上します。
txt,195,　
txt,196,　
txt,197,★僧侶系の専用技能です。
txt,198,パワー　ブラスト（使用）
txt,199,離れた対象に、物理的な打撃を与えます。
txt,200,ダーク　チャイム（常備）
txt,201,【ＨＰ自然治癒】と【ＭＰ自然治癒】速度が向上しま
txt,202,す。
txt,203,　
txt,204,　
txt,205,★僧侶系の専用技能です。
txt,206,ブラッド　リチュアル（使用）
txt,207,長い詠唱と自らの【ＭＰ】を代償にして、周囲にいる
txt,208,味方の【ＭＰ】を回復させます。
txt,209,　
txt,210,　
txt,211,★僧侶系の専用技能です。
txt,212,ダーク　フォース（使用）
txt,213,闇の力を込めた一撃を放ちます。
txt,214,【戒め】のＢＡＤコンディションを与え、一定時間【
txt,215,ＭＰ】にダメージを与えます。
txt,216,　
txt,217,　
txt,218,★僧侶系の専用技能です。
txt,219,エンチャント　ウェポン（使用）
txt,220,使用している武器に魔法をかけて、【物理攻撃強化】
txt,221,ＧＯＯＤコンディションを与えます。
txt,222,マインド　リーク（使用）
txt,223,対象の精神力を弱める【魔防低下】のＢＡＤコンディ
txt,224,ションを与えます。
txt,225,クレアボイアンス（使用）
txt,226,魔力の補助によって、【千里眼】のＧＯＯＤコンディ
txt,227,ションを与え、対象の視界を広げます。
txt,228,ノイズ（使用）
txt,229,対象の周囲で砂塵を巻き上げ、集中を阻みます。
txt,230,【魔攻低下】のＢＡＤコンディションを与え、一定時
txt,231,間魔法による攻撃力を落とします。
txt,232,ディスペル　マジック（使用）
txt,233,対象を含む周囲の【ＧＯＯＤコンディション】を破壊
txt,234,します。
txt,235,少量ですが【ＭＰ】も回復します。
txt,236,　
txt,237,　
txt,238,★魔術師系の専用技能です。
txt,239,ライフ　フォース（使用）
txt,240,大量の【ＭＰ】を代償にして、周囲の味方の【ＨＰ】
txt,241,を迅速に回復します。
txt,242,リフューズ　マジック（使用）
txt,243,魔力を遮断する鎧をまとい、魔法攻撃に対する【障壁
txt,244,】と【精神耐性】を向上させます。
txt,245,ファントム　イメージ（使用）
txt,246,身体を軽くして、素早く行動できるようになります。
txt,247,マジック　グロース（使用）
txt,248,足元から魔法の植物を生やし、周囲味方の【ＭＰ】を
txt,249,回復します。
txt,250,　
txt,251,　
txt,252,★魔術師系の専用技能です。
txt,253,ストーン　ファング（使用）
txt,254,大地の割れ目から突き出す石の牙によって攻撃します。
txt,255,また、【毒】のＢＡＤコンディションを与え、一定時
txt,256,間【ＨＰ】を奪い続けます。
txt,257,ガイア（使用）
txt,258,大地の加護を受けることにより、【物理防御強化】の
txt,259,ＧＯＯＤコンディションを与え、物理攻撃に対する【
txt,260,装甲】と【身体耐性】を高めます。
txt,261,アース　バインド（使用）
txt,262,地面をえぐり、大岩で挟み込んで攻撃します。
txt,263,さらに、【猛毒】のＢＡＤコンディションを与え、一
txt,264,定時間大幅に【ＨＰ】を奪います。
txt,265,　
txt,266,　
txt,267,★魔術師系の専用技能です。
txt,268,マジック　レジスト（使用）
txt,269,大地の息吹によって、魔法攻撃を和らげます。
txt,270,【魔防上昇】のＧＯＯＤコンディションを与え、魔法
txt,271,攻撃に対する【障壁】と【精神耐性】を向上させます。
txt,272,ワイルダネス（常備）
txt,273,大地の加護を受けて、強靭な肉体と精神力を得て、物
txt,274,理攻撃に対する【身体耐性】と魔法攻撃に対する【精
txt,275,神耐性】が向上します。
txt,276,シルフ　フィールド（使用）
txt,277,柔らかな風が身体を包み込む、【物防上昇】のＧＯＯ
txt,278,Ｄコンディションを与えます。
txt,279,主に回避能力が高まります。
txt,280,スロウ（使用）
txt,281,対象の周囲の動きを抑制し、【減速】のＢＡＤコンデ
txt,282,ィションを与えます。
txt,283,減速は、移動速度を遅め、また基本攻撃と技能にかか
txt,284,る準備・硬直時間を長くします。
txt,285,　
txt,286,　
txt,287,★僧侶系の専用技能です。
txt,288,サンダー　ボルト（使用）
txt,289,広範囲の敵に雷を落とします。
txt,290,威力は高くありませんが、非常に詠唱の早い魔法です。
txt,291,テンダー　ウィンド（使用）
txt,292,穏やかな風で周囲を包み込み、敵味方を問わず、少量
txt,293,の【ＨＰ】を回復します。
txt,294,フェザー　ウォーク（常備）
txt,295,風の加護により【移動力】を向上させます。
txt,296,クイック　ゲート（常備）
txt,297,風の加護を得ることにより、退出にかかる準備時間を
txt,298,を短縮します。
txt,299,ティア　ストーム（使用）
txt,300,敵単体に向けて小規模な嵐を起し、【ＭＰ】へダメー
txt,301,ジを加えると同時に、【魔防低下】のＢＡＤコンディ
txt,302,ションを与えます。
txt,303,　
txt,304,　
txt,305,★魔術師系の専用技能です。
txt,306,ウェブ（使用）
txt,307,極低温の水の鞭で攻撃します。
txt,308,【凍傷】のＢＡＤコンディションを与え、行動を遅く
txt,309,します。
txt,310,フリーズ　ランス（使用）
txt,311,氷柱を創り出し、複数対象を攻撃します。
txt,312,マジック　リデュース（使用）
txt,313,長い詠唱時間の後に、失われた【ＭＰ】をわずかなが
txt,314,ら回復します。
txt,315,　
txt,316,　
txt,317,★魔術師系の専用技能です。
txt,318,アイシクル　フォール（使用）
txt,319,周囲を急激に寒気で包み込み、凍りつかせます。
txt,320,同時に、【物攻低下】のＢＡＤコンディションを与え
txt,321,ます。
txt,322,　
txt,323,　
txt,324,★魔術師系の専用技能です。
txt,325,マジシャンズ　チャーム（常備）
txt,326,【ＭＰ】の上限値が向上します。
txt,327,フロスト　ハーデン（使用）
txt,328,範囲内のすべてのユニットを氷の結晶で攻撃します。
txt,329,更に、【凍傷】のＢＡＤコンディションを与えます。
txt,330,テンタクルズ　パイル（使用）
txt,331,水の触手が周囲の敵を襲います。
txt,332,更に、【呪詛】のＢＡＤコンディションを与え、一定
txt,333,時間【ＭＰ】に大ダメージを加えます。
txt,334,ファイア　アロー（使用）
txt,335,炎の塊を相手にぶつけてダメージを与えます。
txt,336,ヒート　アクセル（常備）
txt,337,魔力を高め、魔法攻撃の【威力】を向上させます。
txt,338,　
txt,339,　
txt,340,★魔術師系の専用技能です。
txt,341,エクスプロージョン（使用）
txt,342,敵味方を問わず大爆発に巻き込みます。
txt,343,　
txt,344,マスター　フォース（常備）
txt,345,魔力を潜在から引き出し、魔法攻撃の【威力】を最大
txt,346,限に向上させます。
txt,347,　
txt,348,　
txt,349,★魔術師系の専用技能です。
txt,350,ストライク　ノヴァ（使用）
txt,351,射程は短く、詠唱時間もかなり長いのですが、破壊力
txt,352,で大ダメージを与えます。
txt,353,ヘイスト（使用）
txt,354,対象の周囲の動きを活性化させ、【加速】のＧＯＯＤ
txt,355,コンディションを与えます。
txt,356,加速は、移動速度を早め、また基本攻撃と技能にかか
txt,357,る準備・硬直時間を短くします。
txt,358,　
txt,359,　
txt,360,★僧侶系の専用技能です。
txt,361,シューティング　スター（使用）
txt,362,遥か上空より炎の塊を落とし、その熱量で周囲の敵を
txt,363,焼き払います。
txt,364,　
txt,365,　
txt,366,★魔術師系の専用技能です。
txt,367,ストライカー（常備）
txt,368,物理攻撃の【命中率】を引き上げます。
txt,369,イコノクラスト（使用）
txt,370,地中より「イコン」と呼ばれる精霊を召喚し、自分以
txt,371,外の全ての者に、【ＭＰ】へのダメージを与えます。
txt,372,更に、【呪詛】のＢＡＤコンディションを与え、時間
txt,373,毎に【ＭＰ】を奪い続けます。
txt,374,パワー　ワード（使用）
txt,375,【全体強化】のＧＯＯＤコンディションを与え、ほん
txt,376,の数秒ですが爆発的な攻撃力を得ることが出来ます。
txt,377,ホーリィ　オース（常備）
txt,378,【エンゲージタイム】を少しだけ増やします。
txt,379,ソウル　パニッシャー（使用）
txt,380,最大の詠唱時間と威力の対単体魔法衝撃です。
txt,381,リザレクト　オーブ（常備）
txt,382,【ＨＰ自然治癒】速度を極限まで高めます。
txt,383,その反面、【ＭＰ自然治癒】速度は激減します。
txt,384,サクリファイス（常備）
txt,385,自分の【ＨＰ】がゼロで退出した場合に支払われる、
txt,386,【エンゲージタイム】を低く抑えま
