reinsertion_flags,no_scene_elements
txt,0,デバッグ用です。【ココは書き換えないでね】
txt,1,記念すべき初陣は、ダレシオン砦となったか。
txt,2,そなたにとっても、わしにとっても、想い出深き地よの。
txt,3,　
txt,4,ダレシオンには、光の壁がある。
txt,5,守護塔もある。
txt,6,聖者の泉もある。
txt,7,その澄んだこころで近づくならば、必ずや子供たちを庇
txt,8,護してくれよう。
txt,9,あとはただ、這い出し者どもを、挫くのみ。
txt,10,　
txt,11,くれぐれも、気をつけてな。
txt,12,這い出し者の進軍を防ぐことのみよの。
txt,13,　
txt,14,光の壁はそなたらを通すが、這い出し者を通しはしない。
txt,15,壁際でしっかりと守れば、間違いはなかろう。
txt,16,注意すべきは、壁を抜けて外に出すぎないことぐらいか。
txt,17,砦を存分に利用すべきであろうの。
txt,18,特筆すべきことは、なにもあるまい。
txt,19,恐らくは、斥候のようなものであろうか。
txt,20,よもや大規模ではあるまいが……
txt,21,壁が破れ、砦を抜ける路ができれば、その限りではない
txt,22,やも知れぬ。
txt,23,　
txt,24,なれど、守護塔や聖者の泉とともに守るならば……
txt,25,久方ぶりの手応えを感じるには、うってつけの戦いとな
txt,26,ろうて。
txt,27,パルミラ＝ルーベルドラクロアがお伝えいたします。
txt,28,　
txt,29,フォレス回廊の守護塔に、蒼い炎が灯りました。
txt,30,封じられた暗厳の回廊で、混沌の気に触れた紅の輝きで
txt,31,ないということは……
txt,32,その源には、純潔の盾ゆかりの者があるのではないか、
txt,33,と思うのです。
txt,34,　
txt,35,確かに、フォレス回廊は今や、這い出し者の巣窟と成り
txt,36,果てています。
txt,37,主道さえもが、危険にさらされていることは間違いのな
txt,38,いこと。
txt,39,慌てずに進み、強敵と出会っても、無理をせず逃げるこ
txt,40,とを前提に……
txt,41,戦いに出ることを許していただきたいと、切に願います。
txt,42,　
txt,43,蒼い炎を灯した者が誰であれ……
txt,44,わたくしは、手を差し延べたい。
txt,45,　
txt,46,探してみて、それでも見つからないのなら……
txt,47,その時は諦めがつきます。
txt,48,　
txt,49,ご裁断のほど、よろしくお願い申し上げます。
txt,50,フォレス回廊の奥に、救いを待つ者のある可能性があり
txt,51,ます。
txt,52,もしも守護塔の庇護を受けるために、誰かが炎を灯した
txt,53,のなら……
txt,54,近くに留まっているのではないでしょうか。
txt,55,危険を考慮して、制限時間を２０分で区切ります。
txt,56,長い封印の間に何が這い出ているか……
txt,57,どのような想定をしたとしても、想像の域を出ないのも
txt,58,また確かです。
txt,59,その意味において……
txt,60,蒼い炎の灯った守護塔があるとは言え、回廊の奥にひと
txt,61,いきで飛び込むことは、危険に過ぎるかも知れません。
txt,62,パルミラ＝ルーベルドラクロアがお伝えいたします。
txt,63,　
txt,64,かねてより這影の濃いとされるセグノール街道ですが、
txt,65,混沌の種子が産み落とされた、と……
txt,66,ファルド様より報告をいただきました。
txt,67,街道の和の象徴である二本の守護塔の内、一本は混沌の
txt,68,紅に染まっている、とも。
txt,69,旅の疲れを癒す賢者の泉も、やはり少なくとも、蒼い輝
txt,70,きを失っていると考えるのが妥当でしょう。
txt,71,　
txt,72,セグノール街道を辿れば、エルベロワはもちろん、エン
txt,73,ディミオンや、中央校舎にもつながっています。
txt,74,この危険を取り除く戦いは、純潔の盾にとって、重要な
txt,75,意味を持つことになると思います。
txt,76,　
txt,77,それでは、よろしくお願いいたします。
txt,78,セグノールの這い出し者を、掃討することが目的です。
txt,79,混沌の気に染まった守護塔と賢者の泉に、蒼い輝きを取
txt,80,り戻すことも、目的の内とします。
txt,81,制限時間は、２０分です。
txt,82,セグノールには、動くことのできない混沌の種子が主力
txt,83,として存在しているようです。
txt,84,相手の射程外から攻撃することが、有効になると思いま
txt,85,す。
txt,86,　
txt,87,また、守護塔、賢者の泉、混沌の種子、そのいずれもが、
txt,88,魔法による攻撃を用いてきます。
txt,89,よって、もしも近づかなければならない時は、僧侶か魔
txt,90,術師が適任となるはずです。
txt,91,おはようございます。
txt,92,シェリル＝ジェノワースがお伝えします。
txt,93,キャロットの言うように……
txt,94,ユアンの滝に不穏の水音が響きます。
txt,95,黒い影に包まれた少女が、そこにいるにせよ、いないに
txt,96,せよ。
txt,97,手を打つ意味は、小さくないと思います。
txt,98,ユアンの滝から、這い出し者を一掃することが目的です。
txt,99,この目的が成れば、少女の安全は自然と保障されること
txt,100,になるでしょう。
txt,101,最悪の場合、事は緊急を要すると考えられます。
txt,102,十分以内の決着が、必要になるでしょう。
txt,103,水辺となれば、マザーエルザの存在が気にかかります。
txt,104,這い出し者を多く産み落とす前に、これを叩くのが有効
txt,105,なはずです。
txt,106,巡回班とは、純潔の盾が始めた、有志の集い。
txt,107,できる限りの時間を割いて、混沌の地へと赴き、戦う。
txt,108,聞こえは悪いが、目的は、ただ見回ることにある。
txt,109,何も起こらなければ、それ以上のことはない。
txt,110,だが大概は、成すべきことが降って湧く。
txt,111,　
txt,112,それが、エルメナスを救う戦いに、必ずや役に立つと、
txt,113,儂は思う。
txt,114,苦しい状態にある純潔の盾だからこそ……
txt,115,あえて戦いの場に身を置くことを、このファルドラ＝ベ
txt,116,リスは薦めたい。
txt,117,以上である。
txt,118,見回ること自体が目的ではあるが、今回は当面の目的が
txt,119,ある。
txt,120,ベアトリスの賢者の泉の所在は、今ひとつ鮮明でない。
txt,121,それ以上に、這い出し者の気に触れて赤く染まっている
txt,122,とすることは、由々しき問題である。
txt,123,これを探し出し、蒼い輝きを取り戻すことを、最低限の
txt,124,目的とする。
txt,125,最初から、あまり長々と時間をかけても集中できまい。
txt,126,時間は、３０分とする。
txt,127,水際に、混沌の種子が芽生え始めている。
txt,128,その種子の発する混沌の気が、後続を呼ぶ。
txt,129,ここでは敵の一掃を目的には掲げていないが……
txt,130,速やかな掃討は、誰もが望むところであろうな。
txt,131,純潔の盾の総意として、セグノールでの再戦を試験とし
txt,132,て位置づけたい。
txt,133,在籍する顔ぶれは変わったが、それでも八人を数えれば
txt,134,できることも大きくなる。
txt,135,なによりも、できることを成すに相応しいかどうか。
txt,136,それを見定めることが、必要な時期でもあろうて。
txt,137,セグノールに現れた、燈火の楯備えバンチネルを倒すこ
txt,138,とが目的となる。
txt,139,率いる者がある時、這い出し者たちの統制は侮れん。
txt,140,なれどそれは、率いる者を倒しさえすれば、勝負の趨勢
txt,141,が定まるということでもある。
txt,142,　
txt,143,目的を見誤らんようにな。
txt,144,制限時間はない。
txt,145,やれるところまで、やってみるがよかろう。
txt,146,率いる者がいるということは、統御がなされるというこ
txt,147,とじゃ。
txt,148,囲まれぬよう気を配りつつも……
txt,149,押し引きを大胆にすべきじゃろう。
txt,150,まあ、この老骨が言うまでもないことではある。
txt,151,　
txt,152,以上デネヒア＝ルーベルドラクロア、報告を終わるとし
txt,153,ようかのう。
txt,154,シェリル＝ジェノワースは、聖セヴィエスの補佐官。
txt,155,已むに已まれぬ事情がなければ、こうしてエルベロワに
txt,156,来るなんてことはないはず。
txt,157,それがどんな理由であれ……
txt,158,このパペッシュ＝フェイク、我が友がその手を差し延べ
txt,159,るであろうことは、わかっていたとも。
txt,160,シェリル＝ジェノワースと合流して、無事に戻ること。
txt,161,それが唯一の目的になるだろうね。
txt,162,特にないかな。
txt,163,敵を倒すことよりも、うまく立ち回って、目的を達成す
txt,164,ることを考えた方がいいだろうね。
txt,165,次々と湧き出てくるような連中を相手にしたんじゃ、子
txt,166,供たちが可哀想だ。
txt,167,そう思わない？
txt,168,純潔の盾と合流する前、中洲を突っ切った時は、少しず
txt,169,つ戦力を揃えているカンジだったかな。
txt,170,中洲にあった聖者の泉はもう赤く染まってて、モルとか
txt,171,タルトマとかがいました。
txt,172,砦には守護塔があったから、あいつらは中洲から先に進
txt,173,むのをためらってたんだと思います。
txt,174,這い出し者が、何を合図に砦を攻めるかはわかりません。
txt,175,でも、こちらから迎え撃ったなら、攻撃を始めることは、
txt,176,疑いないはずです。
txt,177,以上、ファナ＝ヒュベリオスがお伝えしました。
txt,178,こちらの意思を、はっきりと伝えること。
txt,179,つまりそれは、砦にある守護塔、それから聖者の泉をキ
txt,180,ッチリ守る、ってことですよね。
txt,181,どんなに攻められても、絶対に守る。
txt,182,たとえ破られるとしても、守るということを知らしめる。
txt,183,それが、この戦いの目的だと、わたしは考えます。
txt,184,３０分を制限時間とします。
txt,185,中洲は、敵の前哨のようなもの。
txt,186,そこには当然、駐屯する戦力があると思います。
txt,187,中洲にある聖者の泉を取れれば、とは思うけれど、無理
txt,188,は禁物。
txt,189,状況次第で前に出る〜、ぐらいが丁度いいんじゃないか
txt,190,な。
txt,191,エンディミオンに至るの第一手、エウリア攻略。
txt,192,対するは、赤銅の甲冑に身を包んだ、虚妄の騎士ウルゴ
txt,193,にござります。
txt,194,あやつこそは、白皙の城砦に至る地下道を手中に収める
txt,195,這い出し者の率い手。
txt,196,屈強な騎士に、守りに入られては、これ厄介となること
txt,197,必定。
txt,198,エウリアを押さえておびき出し、地上にて決着をつけま
txt,199,しょうぞ。
txt,200,赤壁と呼ばれる騎士ウルゴを倒すことが目的にござりま
txt,201,す。
txt,202,紅く染まった守護塔を取り戻せば、地下の闇から這い出
txt,203,て参りましょう。
txt,204,長居は無用かと。
txt,205,３０分にてご決着を。
txt,206,敵の動きをよくご覧になられますよう。
txt,207,水から出られぬ者、役目を負って動く者……
txt,208,見誤らずば、戦いを優位に進められましょうぞ。
txt,209,　
txt,210,以上、バトラ＝フェドリンスクが献策いたし申した。
txt,211,イリオン＝ヴィナットが連絡します……
txt,212,老先生のご友人、ファルド様が発たれることになりまし
txt,213,た。
txt,214,ボクたちは、その、ファルド様が、無事にアシュトロス
txt,215,の関を越えられるように……
txt,216,護衛を務めたいと思います。
txt,217,先生……
txt,218,よろしくお願いいたします。
txt,219,ファルド様は、アシュトロスの関を越えることを目的と
txt,220,しています。
txt,221,また、その途中にある五つの聖者の泉を、順に巡ること
txt,222,を望んでいらっしゃいます。
txt,223,　
txt,224,まず第一に、ファルド様が、アシュトロスの関を無事越
txt,225,えられるように、お守りすること。
txt,226,それが、この冒険の目的になります。
txt,227,　
txt,228,そしてもしも、這い出し者に奪われた聖者の泉を、取り
txt,229,戻すことが叶うなら……
txt,230,それ以上の結果は、ないと思います。
txt,231,付帯事項は、特にありません。
txt,232,アシュトロスの関を越えるまでは、気を抜けません。
txt,233,聖者の泉を巡ることで、這い出し者を、新たに呼んでし
txt,234,まうことになると思います。
txt,235,先を急ぐこと、そして、追っ手に気を配ること……
txt,236,それが大切になると、ボクは思います。
txt,237,イリオン＝ヴィナットがお伝えします。
txt,238,ルキアの洞窟から現れる這い出し者、その数は、日毎に
txt,239,増え続けています。
txt,240,純潔の盾は、これを掣肘。
txt,241,相手をよく見ること……
txt,242,そして動きを読んで、防衛を果たすこと……
txt,243,それが、いずれ訪れる、闇の深奥への攻撃に備えること
txt,244,になるのだと、思います。
txt,245,よろしくお願いいたします。
txt,246,洞窟から出ようとする這い出し者を封じること、それが
txt,247,目的です。
txt,248,もしも、完全に突破を阻止することができれば……
txt,249,それ以上の結果はないと想います。
txt,250,冒険自体の特記事項は、ありません。
txt,251,　
txt,252,またこの冒険は、何度でも挑むことのできます。
txt,253,這い出し者の動きには、波があると思います。
txt,254,要所を探って、抑えることができれば……
txt,255,完封も夢ではないと、そう思います。
txt,256,概要
txt,257,地下からの敵の進軍を、洞窟の出口で止めるシナリオ。
txt,258,マップは２×４で、上端から下端に向かって敵が流れる。
txt,259,目的　
txt,260,０１　ここに記述
txt,261,０２
txt,262,０３
txt,263,０４
txt,264,０５
txt,265,０６
txt,266,０７
txt,267,０８
txt,268,０９
txt,269,１０
txt,270,条件　
txt,271,０１　ここに記述
txt,272,０２
txt,273,０３
txt,274,０４
txt,275,０５
txt,276,０６
txt,277,０７
txt,278,０８
txt,279,０９
txt,280,１０
txt,281,戦力
txt,282,０１　ここに記述
txt,283,０２
txt,284,０３
txt,285,０４
txt,286,０５
txt,287,０６
txt,288,０７
txt,289,０８
txt,290,０９
txt,291,１０
txt,292,常闇の遺跡ゼノバトスへと向かい、そこに隠された何か
txt,293,を見出すこと。
txt,294,ファルド様が残された手紙に、そうあったとお聞きしま
txt,295,した。
txt,296,　
txt,297,純潔の盾は数を増し、その結束も、その実力も……
txt,298,高まってきたのだとわたくしは考えます。
txt,299,どうか、何を遠慮なさることもなく……
txt,300,冒険へと送り出していただきますよう、お願いいたしま
txt,301,す。
txt,302,ゼノバトスの遺跡に向かい、そこに隠された何かを見出
txt,303,すこと。
txt,304,それ以上に詳しいことは、なにもわかっておりませんわ
txt,305,ね。
txt,306,ゼノバトスには、古代の霊が多くあると聞きます。
txt,307,這い出し者の及ぼす影響は想像の範疇を超えまておりま
txt,308,せんが……
txt,309,危険を考慮して、２０分を制限時間とします。
txt,310,常闇のゼノバトスは、死と畏怖に包まれた砂漠の遺跡。
txt,311,物理という力と、魔法という力が、生と死のように対極
txt,312,に分かたれた場所です。
txt,313,対峙する相手の特徴を、どうか見誤りませんよう、お気
txt,314,をつけください。
txt,315,　
txt,316,以上、パルミラ＝ルーベルドラクロアがお伝えいたしま
txt,317,した。
txt,318,エンディミオン奪還に向けて、最初の戦いが近づいてい
txt,319,ます。
txt,320,長い道のりを、一週間かけて踏破するとなれば……
txt,321,相応の用意が必要だと考えます。
txt,322,先生の仰った三つの戦い。
txt,323,その間、ままならないことが続くとした時……
txt,324,学級として大きな弱点のないように、装備を整えたいと
txt,325,思います。
txt,326,　
txt,327,よろしくお導きのほど、お願いいたします。
txt,328,フォレス回廊の奥に眠る門に辿り着くこと、です。
txt,329,エンディミオンに至る門は、両脇を聖者の泉に護られて
txt,330,います。
txt,331,どうか、お間違えのありませんよう……
txt,332,現在のところ、特別な条件は、ありません。
txt,333,ただ、状況によっては時間との戦いになる場面も、考え
txt,334,られます。
txt,335,よろしくお願いいたします。
txt,336,すべての敵を撃破していくことは、必ずしも得策とは言
txt,337,えません。
txt,338,彼らは深い闇から、無尽蔵に這い出てくることでしょう。
txt,339,叩くべき相手、護るべき場所。
txt,340,純潔の盾の長におかれましては、その見極めに期待いた
txt,341,します。
txt,342,以上、アルシエ＝ベルサードがお伝えいたしました。
txt,343,概要
txt,344,０１　ここに記述
txt,345,０２
txt,346,０３
txt,347,０４
txt,348,０５
txt,349,０６
txt,350,０７
txt,351,０８
txt,352,０９
txt,353,１０
txt,354,目的　
txt,355,０１　ここに記述
txt,356,０２
txt,357,０３
txt,358,０４
txt,359,０５
txt,360,０６
txt,361,０７
txt,362,０８
txt,363,０９
txt,364,１０
txt,365,条件　
txt,366,０１　ここに記述
txt,367,０２
txt,368,０３
txt,369,０４
txt,370,０５
txt,371,０６
txt,372,０７
txt,373,０８
txt,374,０９
txt,375,１０
txt,376,戦力
txt,377,０１　ここに記述
txt,378,０２
txt,379,０３
txt,380,０４
txt,381,０５
txt,382,０６
txt,383,０７
txt,384,０８
txt,385,０９
txt,386,１０
txt,387,概要
txt,388,０１　ここに記述
txt,389,０２
txt,390,０３
txt,391,０４
txt,392,０５
txt,393,０６
txt,394,０７
txt,395,０８
txt,396,０９
txt,397,１０
txt,398,目的　
txt,399,０１　ここに記述
txt,400,０２
txt,401,０３
txt,402,０４
txt,403,０５
txt,404,０６
txt,405,０７
txt,406,０８
txt,407,０９
txt,408,１０
txt,409,条件　
txt,410,０１　ここに記述
txt,411,０２
txt,412,０３
txt,413,０４
txt,414,０５
txt,415,０６
txt,416,０７
txt,417,０８
txt,418,０９
txt,419,１０
txt,420,戦力
txt,421,０１　ここに記述
txt,422,０２
txt,423,０３
txt,424,０４
txt,425,０５
txt,426,０６
txt,427,０７
txt,428,０８
txt,429,０９
txt,430,１０
txt,431,フォレスは古来より純潔の盾、実践演習の場。
txt,432,深い闇に抱かれる迷宮、守りの壁、宝箱、守護塔、聖者
txt,433,の泉、湧き出る混沌。
txt,434,何度でも繰り返し挑める特訓の場として、このファルド
txt,435,ラ＝ベリスは、自信を持って紹介できる。
txt,436,　
txt,437,ただしイノセンティアの状態如何では……
txt,438,いささか難しい冒険となるやもしれん。
txt,439,瀬戸際の中にあって、何を見出すか。
txt,440,それはやはり、子供たち次第であるな。
txt,441,以上。
txt,442,心身の鍛錬が目的であるならば……
txt,443,より高い目標を目指すほどに、修練の意味があろう。
txt,444,　
txt,445,守護塔や聖者の泉に、蒼い輝きを灯すこと、絶やさぬこ
txt,446,と。
txt,447,宝を手にすること、湧き出る混沌を薙ぎ払うこと。
txt,448,敵の護りを固める壁を破壊すること。
txt,449,　
txt,450,子供たちに見合った目標を想定し、それを達成するなら
txt,451,ば……
txt,452,結果は後から付いてこよう。
txt,453,宝箱が蒼い状態で冒険を終えると、その中身はそなたら
txt,454,のものとなる。
txt,455,難しさはあるが、試す前から諦めることもなかろう。
txt,456,挑戦してみてはどうか。
txt,457,　
txt,458,また、この冒険は心身の鍛錬を目的とした特訓である。
txt,459,最低限、十五分は戦いを続けるように。
txt,460,　
txt,461,それさえ難しいようなら……
txt,462,悪いことは言わぬ。
txt,463,冒険よりも先に講義を受け、しかるべき技を身に付ける
txt,464,るべきであろうな。
txt,465,時間が経つほどに、そなたらを付け狙う強敵が、次々と
txt,466,現れるであろう。
txt,467,高い目標には、それに見合うハードルが生まれる。
txt,468,それを忘れないようにな。
txt,469,おはようございます。
txt,470,セシリス＝フィノットがお伝えします。
txt,471,　　
txt,472,日々、戦いの続く中で……
txt,473,ダレシオンの護りが手薄になってためか、砦が奪われま
txt,474,した。
txt,475,這い出し者たちの統制が、強まってきたということは、
txt,476,間違いありません。
txt,477,　
txt,478,でも、だからこそ……
txt,479,わたしは、ダレシオンを取り戻したいと思います。
txt,480,どうか、みなさんの気持ちを、聞かせてください。
txt,481,ダレシオン砦を取り戻すこと、です。
txt,482,壁を破り、守護塔と聖者の泉に、蒼い輝きを取り戻すこ
txt,483,とができれば……
txt,484,這い出し者たちも、戦いを続けることはできないはずで
txt,485,す。
txt,486,砦を攻めるということを、わたしはしたことがありませ
txt,487,ん。
txt,488,でも、白皙の城砦にいつか戻るなら……
txt,489,やってみたいんです、最後まで。
txt,490,だから……
txt,491,時間を気にせず、戦いたいと思います。
txt,492,砦を占拠されたということから見ても、相応の戦力が集
txt,493,結していると考えます。
txt,494,紅く染まった守護塔は容赦なくわたし達を打ち据え……
txt,495,紅い壁の内側からは、攻撃の手が休まることはないでし
txt,496,ょう。
txt,497,苦しい戦いになるかも知れませんが、どうかよろしくお
txt,498,願いします。
txt,499,ヒュバルの玄室に至る最後の地下城砦オベロンにて、
txt,500,防衛を行うシナリオ。
txt,501,長い時間、守れば守るほど高評価。
txt,502,敵は無尽蔵。
txt,503,目的　
txt,504,０１　ここに記述
txt,505,０２
txt,506,０３
txt,507,０４
txt,508,０５
txt,509,０６
txt,510,０７
txt,511,０８
txt,512,０９
txt,513,１０
txt,514,条件　
txt,515,０１　ここに記述
txt,516,０２
txt,517,０３
txt,518,０４
txt,519,０５
txt,520,０６
txt,521,０７
txt,522,０８
txt,523,０９
txt,524,１０
txt,525,戦力
txt,526,０１　ここに記述
txt,527,０２
txt,528,０３
txt,529,０４
txt,530,０５
txt,531,０６
txt,532,０７
txt,533,０８
txt,534,０９
txt,535,１０
txt,536,エンディミオン攻略、その最後の布石は、グレナディン
txt,537,の封印を解くことです。
txt,538,封印の鍵、つまり触媒となっている這い出し者を倒すこ
txt,539,とで、エンディミオンへの路が開くでしょう。
txt,540,封印の鍵、つまり触媒となっている這い出し者を倒すこ
txt,541,と、です。
txt,542,それは、グレナディンの中央にあります。
txt,543,また、ヒュバルの玄室への入り口は、守らなければなり
txt,544,ません。
txt,545,壁を崩され、守護塔や泉を失うようなことがあれば、そ
txt,546,の時は撤退を余儀なくされるでしょう。
txt,547,現在のところ、特別な条件は、ありません。
txt,548,腰を据えて、じっくりいきましょう。
txt,549,こちらの門を攻め立てる者、そして封印を守る者。
txt,550,もとを断ち切ることができれば、戦いも有利に運ぶので
txt,551,しょうが……
txt,552,詳しいことは、わかっておりません。
txt,553,以上、バルディ＝テンパランスヒルがお伝えいたしまし
txt,554,た。
txt,555,念願のエンディミオンが、手の届くところまで……
txt,556,よくぞここまで導いてくれた。
txt,557,どうかこれからも、よろしく頼む。
txt,558,白皙の城砦は、生来の防御力を凍結してある。
txt,559,城砦の封印を解く鍵は、守護塔と聖者の泉に施した。
txt,560,場所は問わぬ。
txt,561,二つ以上の守護塔と、四つ以上の聖者の泉に、蒼い輝き
txt,562,を取り戻さば……
txt,563,十五分の時を経て、生来の力に目覚めるであろう。
txt,564,蒼い輝きは、十五分の間維持されておらねばならん。
txt,565,そこに気をつけてな。
txt,566,戦いの制限時間はない。
txt,567,存分に戦ってほしい。
txt,568,這い出し者の中には、空を飛ぶ者もある。
txt,569,その動きに翻弄されぬように。
txt,570,また、這い出し者の増援の多くは、エンディミオンに架
txt,571,かる橋の両端から来よう。
txt,572,迎撃のタイミング、場所の選定を、怠らぬように。
txt,573,以上デネヒア＝ルーベルドラクロア、報告を終わろう。
txt,574,ゴスペルブラスが、手合わせを願っています。
txt,575,もっとも、そんな可愛げのあるものではないようですが
txt,576,……
txt,577,　
txt,578,けれど、その真意が何処にあるにせよ。
txt,579,戦う前から、引き下がるわけには参りませんわね。
txt,580,相手を倒しきるか……
txt,581,それとも、戦いの終了時に、守護塔を確保しているか。
txt,582,　
txt,583,目標となる守護塔は、戦場の中央にあります。
txt,584,お互いにそこを目指すことになるわけですが……
txt,585,先手を取るか、後の先を取るか。
txt,586,よろしくご指示のほど、お願いいたしますわ。
txt,587,ゴスペルブラスは、短期戦を申し入れてきました。
txt,588,あくまでも、這い出し者との戦いを想定してのことでし
txt,589,ょう。
txt,590,それは純潔の盾にとっても、収穫になるはずです。
txt,591,　
txt,592,制限時間は１０分。
txt,593,よろしくお願いいたします。
txt,594,ゴスペルブラスはわずかに五人。
txt,595,少数ですが、不動の橋立にあっては、四天王と呼ばれる
txt,596,屈強な重戦士です。
txt,597,また、シリウス＝ミュージィは、魔術師としての力に長
txt,598,じています。
txt,599,　
txt,600,お気をつけくださいますよう。
txt,601,以上をもちまして、パルミラ＝ルーベルドラクロア。
txt,602,報告を終わります。
txt,603,次周回に移ります。
txt,604,これより先は、前周回の情報を幾つか引き継ぎます。
txt,605,また、白紙の状態から始めたい場合には、タイトルから
txt,606,再度ゲームを始めることができます。
txt,607,より万全な育成、より万全なクリアを目的とします。
txt,608,前周回の知識を活用することで、マルチプレイでの優位
txt,609,性は揺ぎないものとなるでしょう。
txt,610,特にありません。
txt,611,特にありません。
txt,612,なにやらよからぬ噂をする小人がおるようだが……
txt,613,それを差し引いても、相変わらず目ざとい。
txt,614,鍵の長殿の言うように、たしかにエンディミオンの地下
txt,615,に不穏なうごめきがある。
txt,616,　
txt,617,子供たちがいるにせよ、いないにせよ……
txt,618,憩いの我が家の懐に不安があるのは好ましいことじゃな
txt,619,い。
txt,620,期待しているぜ、イノセンティアの長よ。
txt,621,子供たちがいると仮定するなら、合流することが目的に
txt,622,なる。
txt,623,必要なら、そこから帰還のために動くことになるだろう
txt,624,が……
txt,625,子供たちがいなかった時は……
txt,626,その時は、地下にうごめく這い出し者を掃討することが
txt,627,目的になるだろう。
txt,628,制限時間を設ける必要はないだろう。
txt,629,存分に暴れてくるといい。
txt,630,こればっかりは、潜ってみないことにはな。
txt,631,　
txt,632,ただ、水から上がることのできない者があるように……
txt,633,同じように、行動範囲の制限される相手がある。
txt,634,そんな時は、コトを優位に運ぶことができるだろう。
txt,635,たまには、攻撃の手を休めて、相手の動きを見るのも、
txt,636,悪くはないぞ。
txt,637,　
txt,638,以上、ジェライト＝ロバリーが報告した。
txt,639,概要
txt,640,０１　ここに記述
txt,641,０２
txt,642,０３
txt,643,０４
txt,644,０５
txt,645,０６
txt,646,０７
txt,647,０８
txt,648,０９
txt,649,１０
txt,650,目的　
txt,651,０１　ここに記述
txt,652,０２
txt,653,０３
txt,654,０４
txt,655,０５
txt,656,０６
txt,657,０７
txt,658,０８
txt,659,０９
txt,660,１０
txt,661,条件　
txt,662,０１　ここに記述
txt,663,０２
txt,664,０３
txt,665,０４
txt,666,０５
txt,667,０６
txt,668,０７
txt,669,０８
txt,670,０９
txt,671,１０
txt,672,戦力
txt,673,０１　ここに記述
txt,674,０２
txt,675,０３
txt,676,０４
txt,677,０５
txt,678,０６
txt,679,０７
txt,680,０８
txt,681,０９
txt,682,１０
txt,683,概要
txt,684,０１　ここに記述
txt,685,０２
txt,686,０３
txt,687,０４
txt,688,０５
txt,689,０６
txt,690,０７
txt,691,０８
txt,692,０９
txt,693,１０
txt,694,目的　
txt,695,０１　ここに記述
txt,696,０２
txt,697,０３
txt,698,０４
txt,699,０５
txt,700,０６
txt,701,０７
txt,702,０８
txt,703,０９
txt,704,１０
txt,705,条件　
txt,706,０１　ここに記述
txt,707,０２
txt,708,０３
txt,709,０４
txt,710,０５
txt,711,０６
txt,712,０７
txt,713,０８
txt,714,０９
txt,715,１０
txt,716,戦力
txt,717,０１　ここに記述
txt,718,０２
txt,719,０３
txt,720,０４
txt,721,０５
txt,722,０６
txt,723,０７
txt,724,０８
txt,725,０９
txt,726,１０
txt,727,概要
txt,728,０１　ここに記述
txt,729,０２
txt,730,０３
txt,731,０４
txt,732,０５
txt,733,０６
txt,734,０７
txt,735,０８
txt,736,０９
txt,737,１０
txt,738,目的　
txt,739,０１　ここに記述
txt,740,０２
txt,741,０３
txt,742,０４
txt,743,０５
txt,744,０６
txt,745,０７
txt,746,０８
txt,747,０９
txt,748,１０
txt,749,条件　
txt,750,０１　ここに記述
txt,751,０２
txt,752,０３
txt,753,０４
txt,754,０５
txt,755,０６
txt,756,０７
txt,757,０８
txt,758,０９
txt,759,１０
txt,760,戦力
txt,761,０１　ここに記述
txt,762,０２
txt,763,０３
txt,764,０４
txt,765,０５
txt,766,０６
txt,767,０７
txt,768,０８
txt,769,０９
txt,770,１０
txt,771,概要
txt,772,０１　ここに記述
txt,773,０２
txt,774,０３
txt,775,０４
txt,776,０５
txt,777,０６
txt,778,０７
txt,779,０８
txt,780,０９
txt,781,１０
txt,782,目的　
txt,783,０１　ここに記述
txt,784,０２
txt,785,０３
txt,786,０４
txt,787,０５
txt,788,０６
txt,789,０７
txt,790,０８
txt,791,０９
txt,792,１０
txt,793,条件　
txt,794,０１　ここに記述
txt,795,０２
txt,796,０３
txt,797,０４
txt,798,０５
txt,799,０６
txt,800,０７
txt,801,０８
txt,802,０９
txt,803,１０
txt,804,戦力
txt,805,０１　ここに記述
txt,806,０２
txt,807,０３
txt,808,０４
txt,809,０５
txt,810,０６
txt,811,０７
txt,812,０８
txt,813,０９
txt,814,１０
txt,815,物見の尖塔は、転移のための守護塔も失われているよう
txt,816,です。
txt,817,塔の上層に向かうためには、最下層から少しずつ上がっ
txt,818,て行くより他にありません。
txt,819,　
txt,820,守護塔をすべて確保し、物見の尖塔の機能を回復……
txt,821,這い出し者、あるいは黒衣の呪い人の目論見を破りまし
txt,822,ょう。
txt,823,　
txt,824,また、異形の混沌が物見の尖塔を占拠しているのなら。
txt,825,パラダインはすでに囚われているか、正気を失っている
txt,826,か、そのどちらかと考えられます。
txt,827,　
txt,828,できる限り、パラダインの生徒をそのままに……
txt,829,斬り伏せれば、生命を奪うことになるかも知れん。
txt,830,　
txt,831,よろしくお願いいたします。
txt,832,物見の尖塔にあるすべての守護塔に、蒼い輝きを取り戻
txt,833,すこと、です。
txt,834,　
txt,835,また、パラダインの生徒を倒さずに目的を達成できれば
txt,836,……
txt,837,これに優る結末はないと考えます。
txt,838,最後の最後まで、諦めずに戦いたいと思います。
txt,839,物見の尖塔は、古来幾多の戦いを乗り越えてきたエルメ
txt,840,ナス屈指の楼閣です。
txt,841,そこに、這い出し者のみならず……
txt,842,パラダインの力が重なるとしたら、難攻にして不落であ
txt,843,ることは疑いようもありません。
txt,844,　
txt,845,どうか、お導きください。
txt,846,四大の友を救う、この手を差し延べるために。
txt,847,　
txt,848,以上をもちまして、セシリス＝フィノット。
txt,849,報告を終わります。
txt,850,概要【３０】
txt,851,０１　ここに記述
txt,852,０２
txt,853,０３
txt,854,０４
txt,855,０５
txt,856,０６
txt,857,０７
txt,858,０８
txt,859,０９
txt,860,１０
txt,861,目的　
txt,862,０１　ここに記述
txt,863,０２
txt,864,０３
txt,865,０４
txt,866,０５
txt,867,０６
txt,868,０７
txt,869,０８
txt,870,０９
txt,871,１０
txt,872,条件　
txt,873,０１　ここに記述
txt,874,０２
txt,875,０３
txt,876,０４
txt,877,０５
txt,878,０６
txt,879,０７
txt,880,０８
txt,881,０９
txt,882,１０
txt,883,戦力
txt,884,０１　ここに記述
txt,885,０２
txt,886,０３
txt,887,０４
txt,888,０５
txt,889,０６
txt,890,０７
txt,891,０８
txt,892,０９
txt,893,１０
txt,894,中央校舎に続き、不動の橋立が落ちました。
txt,895,戦力の不足が招いた敗北であることは明白。
txt,896,どうか、不動の橋立からの救出に、寛大な御裁可を。
txt,897,以上、シリウス＝ミュージィがお伝えいたしました。
txt,898,ゴスペルブラスに歩む生徒の脱出を指揮し、またそれを
txt,899,支援することと考えます。
txt,900,できうる限りまで、戦わせてください。
txt,901,ガラハノフの正門前は細長い橋で十字を構成しています。
txt,902,相手の動きをよくよく見合わせなければ、挟撃を受ける
txt,903,こともあるでしょう。
txt,904,周囲に目を光らせてくださいますよう、お願いします。
txt,905,聖セヴィエスが、救援を願い出てまいりました。
txt,906,すでに沈思の聖堂は混沌に包囲された、と。
txt,907,　
txt,908,聖セヴィエスの子供たちが、聖堂から撤退するまで。
txt,909,よろしくご支援いただきますよう、お願い申し上げます。
txt,910,聖セヴィエスの脱出まで、沈思の聖堂の力を確保するこ
txt,911,と、です。
txt,912,四本ある守護塔の内、一本でも機能している限り……
txt,913,這い出し者の好きにはできないでしょう。
txt,914,聖セヴィエス撤退完了まで、一時間。
txt,915,その猶予をお与えくださいますよう、お願いいたします。
txt,916,守護塔は、聖堂下層から上層に向けておよそ均等位置に
txt,917,四本あります。
txt,918,それぞれは、細い連絡路や階段によって結ばれています。
txt,919,這い出し者を抑えるには、比較的有効な地形と言えるか
txt,920,もしれません。
txt,921,また、聖者の泉も点在しています。
txt,922,長い戦いの中……
txt,923,蒼い輝きに満ちれば、役に立つ局面もあると考えます。
txt,924,　
txt,925,以上、シェリル＝ジェノワースがお伝えいたしました。
txt,926,静寂の都にその身を横たえるエスフィナ湖。
txt,927,そのほぼ中央に浮かぶ孤島が、聖者の墳墓の中枢バッテ
txt,928,ナムです。
txt,929,聖水に満ちるエスフィナを越えて、墳墓に悪意が満ちた
txt,930,ことはありません。
txt,931,しかしながら、這い出し者は深く穿たれた地下墓所を通
txt,932,じて湧き出たのでしょう。
txt,933,　
txt,934,この上は、手の打てる限り……
txt,935,墳墓を巡回先として御認可のあられますよう、お願い申
txt,936,し上げます。
txt,937,這い出し者を一掃することが目的となります。
txt,938,土地の持つ力は、純潔の盾に分がありましょう。
txt,939,それだけに、速やかな目的の達成が望まれるところです。
txt,940,いかに這い出し者とて、エスフィナ湖に満ちる聖水の上
txt,941,では、自由を奪われることでしょう。
txt,942,聖者の墳墓をくまなく探索して、確実に排除することが
txt,943,肝要と存じます。
txt,944,　
txt,945,以上、シェリル＝ジェノワースがお伝えいたしました。
txt,946,概要
txt,947,０１　ここに記述
txt,948,０２
txt,949,０３
txt,950,０４
txt,951,０５
txt,952,０６
txt,953,０７
txt,954,０８
txt,955,０９
txt,956,１０
txt,957,目的　
txt,958,０１　ここに記述
txt,959,０２
txt,960,０３
txt,961,０４
txt,962,０５
txt,963,０６
txt,964,０７
txt,965,０８
txt,966,０９
txt,967,１０
txt,968,条件　
txt,969,０１　ここに記述
txt,970,０２
txt,971,０３
txt,972,０４
txt,973,０５
txt,974,０６
txt,975,０７
txt,976,０８
txt,977,０９
txt,978,１０
txt,979,戦力
txt,980,０１　ここに記述
txt,981,０２
txt,982,０３
txt,983,０４
txt,984,０５
txt,985,０６
txt,986,０７
txt,987,０８
txt,988,０９
txt,989,１０
txt,990,これは、デネヒアのじいさんの昔話だが。
txt,991,包囲された砦を一人で守ることになった時……
txt,992,死に物狂いで作り上げたのが、この訓練で使ってる石像
txt,993,だ。
txt,994,反撃もするらしいんだが、ここではその力は封じてある。
txt,995,　
txt,996,まあ、どこまで本当だかはわからんが……
txt,997,ただの与太話ではないってのが、経験者の感想だな。
txt,998,石像をすべて破壊すること。
txt,999,ただそれだけのこった。
txt,1000,制限時間はない。
txt,1001,ただ、早ければ早いほどいい。
txt,1002,もっとも、そこが一番大変なんだがね。
txt,1003,物理に強いやつ、魔法に強いやつ、どっちつかずのやつ。
txt,1004,いろんな石像がある。
txt,1005,うまいことやってくれい。
txt,1006,　
txt,1007,以上ジェライト＝ロバリー、報告終わり。
txt,1008,概要
txt,1009,０１　ここに記述
txt,1010,０２
txt,1011,０３
txt,1012,０４
txt,1013,０５
txt,1014,０６
txt,1015,０７
txt,1016,０８
txt,1017,０９
txt,1018,１０
txt,1019,目的　
txt,1020,０１　ここに記述
txt,1021,０２
txt,1022,０３
txt,1023,０４
txt,1024,０５
txt,1025,０６
txt,1026,０７
txt,1027,０８
txt,1028,０９
txt,1029,１０
txt,1030,条件　
txt,1031,０１　ここに記述
txt,1032,０２
txt,1033,０３
txt,1034,０４
txt,1035,０５
txt,1036,０６
txt,1037,０７
txt,1038,０８
txt,1039,０９
txt,1040,１０
txt,1041,戦力
txt,1042,０１　ここに記述
txt,1043,０２
txt,1044,０３
txt,1045,０４
txt,1046,０５
txt,1047,０６
txt,1048,０７
txt,1049,０８
txt,1050,０９
txt,1051,１０
txt,1052,遥か過去の書物を蓄える大図書館。
txt,1053,他では得られない数多の技が、見出せることでしょう。
txt,1054,　
txt,1055,しかしながら、その知識に埋もれる混沌が、ひしめいて
txt,1056,いることも確かです。
txt,1057,這い出し者のテリトリーに踏み込むということを肝に銘
txt,1058,じて……
txt,1059,勝負を仕掛けていただきたいと思います。
txt,1060,最下層に至ることが、目的となります。
txt,1061,制限時間は、一時間です。
txt,1062,階層毎の配分は、一度二度の戦いでは把握できないこと
txt,1063,と思います。
txt,1064,何度か挑戦するのが良いと考えられます。
txt,1065,這い出し者の中心となっている者は、多くはないはずで
txt,1066,す。
txt,1067,戦力の中核を成す者を倒せば、戦いは有利となるでしょ
txt,1068,う。
txt,1069,　
txt,1070,以上、シェリル＝ジェノワースがお伝えいたしました。
txt,1071,概要
txt,1072,０１　ここに記述
txt,1073,０２
txt,1074,０３
txt,1075,０４
txt,1076,０５
txt,1077,０６
txt,1078,０７
txt,1079,０８
txt,1080,０９
txt,1081,１０
txt,1082,目的　
txt,1083,０１　ここに記述
txt,1084,０２
txt,1085,０３
txt,1086,０４
txt,1087,０５
txt,1088,０６
txt,1089,０７
txt,1090,０８
txt,1091,０９
txt,1092,１０
txt,1093,条件　
txt,1094,０１　ここに記述
txt,1095,０２
txt,1096,０３
txt,1097,０４
txt,1098,０５
txt,1099,０６
txt,1100,０７
txt,1101,０８
txt,1102,０９
txt,1103,１０
txt,1104,戦力
txt,1105,０１　ここに記述
txt,1106,０２
txt,1107,０３
txt,1108,０４
txt,1109,０５
txt,1110,０６
txt,1111,０７
txt,1112,０８
txt,1113,０９
txt,1114,１０
txt,1115,概要
txt,1116,０１　ここに記述
txt,1117,０２
txt,1118,０３
txt,1119,０４
txt,1120,０５
txt,1121,０６
txt,1122,０７
txt,1123,０８
txt,1124,０９
txt,1125,１０
txt,1126,目的　
txt,1127,０１　ここに記述
txt,1128,０２
txt,1129,０３
txt,1130,０４
txt,1131,０５
txt,1132,０６
txt,1133,０７
txt,1134,０８
txt,1135,０９
txt,1136,１０
txt,1137,条件　
txt,1138,０１　ここに記述
txt,1139,０２
txt,1140,０３
txt,1141,０４
txt,1142,０５
txt,1143,０６
txt,1144,０７
txt,1145,０８
txt,1146,０９
txt,1147,１０
txt,1148,戦力
txt,1149,０１　ここに記述
txt,1150,０２
txt,1151,０３
txt,1152,０４
txt,1153,０５
txt,1154,０６
txt,1155,０７
txt,1156,０８
txt,1157,０９
txt,1158,１０
txt,1159,概要【４０】
txt,1160,０１　ここに記述
txt,1161,０２
txt,1162,０３
txt,1163,０４
txt,1164,０５
txt,1165,０６
txt,1166,０７
txt,1167,０８
txt,1168,０９
txt,1169,１０
txt,1170,目的　
txt,1171,０１　ここに記述
txt,1172,０２
txt,1173,０３
txt,1174,０４
txt,1175,０５
txt,1176,０６
txt,1177,０７
txt,1178,０８
txt,1179,０９
txt,1180,１０
txt,1181,条件　
txt,1182,０１　ここに記述
txt,1183,０２
txt,1184,０３
txt,1185,０４
txt,1186,０５
txt,1187,０６
txt,1188,０７
txt,1189,０８
txt,1190,０９
txt,1191,１０
txt,1192,戦力
txt,1193,０１　ここに記述
txt,1194,０２
txt,1195,０３
txt,1196,０４
txt,1197,０５
txt,1198,０６
txt,1199,０７
txt,1200,０８
txt,1201,０９
txt,1202,１０
txt,1203,シャロンのこころに潜む混沌を、払わねばなりません。
txt,1204,少女の胸の内に足を踏み入れ、想いを汲まねば。
txt,1205,　
txt,1206,憐れな少女のこころを踏み躙る者あるとして……
txt,1207,純血の盾の長よ。
txt,1208,その禍々しい呪言を、どうか払いたまえ。
txt,1209,少女のこころを捕らえる縛鎖を解くべし。
txt,1210,混沌の渦巻く胸の内に入らば、おのずと倒すべき相手が
txt,1211,見えましょう。
txt,1212,いずれにしても、長居はできません。
txt,1213,三十分を区切りとします。
txt,1214,シャロンに巣食う混沌が、どんな形を成して現れるか、
txt,1215,知れません。
txt,1216,それでも、少女の胸にはまだ微かな希望があり……
txt,1217,また、救われたいと想う気持ちもありましょう。
txt,1218,それを見出し、想いの力を合わせるならば。
txt,1219,勝機もまた見出せましょう。
txt,1220,　
txt,1221,僭越ながらロザリア＝オーディナー、献言申し上げまし
txt,1222,た。
txt,1223,概要
txt,1224,０１　ここに記述
txt,1225,０２
txt,1226,０３
txt,1227,０４
txt,1228,０５
txt,1229,０６
txt,1230,０７
txt,1231,０８
txt,1232,０９
txt,1233,１０
txt,1234,目的　
txt,1235,０１　ここに記述
txt,1236,０２
txt,1237,０３
txt,1238,０４
txt,1239,０５
txt,1240,０６
txt,1241,０７
txt,1242,０８
txt,1243,０９
txt,1244,１０
txt,1245,条件　
txt,1246,０１　ここに記述
txt,1247,０２
txt,1248,０３
txt,1249,０４
txt,1250,０５
txt,1251,０６
txt,1252,０７
txt,1253,０８
txt,1254,０９
txt,1255,１０
txt,1256,戦力
txt,1257,０１　ここに記述
txt,1258,０２
txt,1259,０３
txt,1260,０４
txt,1261,０５
txt,1262,０６
txt,1263,０７
txt,1264,０８
txt,1265,０９
txt,1266,１０
txt,1267,概要
txt,1268,０１　ここに記述
txt,1269,０２
txt,1270,０３
txt,1271,０４
txt,1272,０５
txt,1273,０６
txt,1274,０７
txt,1275,０８
txt,1276,０９
txt,1277,１０
txt,1278,目的　
txt,1279,０１　ここに記述
txt,1280,０２
txt,1281,０３
txt,1282,０４
txt,1283,０５
txt,1284,０６
txt,1285,０７
txt,1286,０８
txt,1287,０９
txt,1288,１０
txt,1289,条件　
txt,1290,０１　ここに記述
txt,1291,０２
txt,1292,０３
txt,1293,０４
txt,1294,０５
txt,1295,０６
txt,1296,０７
txt,1297,０８
txt,1298,０９
txt,1299,１０
txt,1300,戦力
txt,1301,０１　ここに記述
txt,1302,０２
txt,1303,０３
txt,1304,０４
txt,1305,０５
txt,1306,０６
txt,1307,０７
txt,1308,０８
txt,1309,０９
txt,1310,１０
txt,1311,風の大地に眠る、双頭の竜ディプロマの復活を阻止しま
txt,1312,す。
txt,1313,もしくは、古の力と混沌に寄生する、黒衣の呪いびとの
txt,1314,企図を、挫きます。
txt,1315,脅威となりうる敵戦力の排除が目的です。
txt,1316,双頭の竜ディプロマ、または黒衣の呪いびとを倒すこと
txt,1317,になるはずです。
txt,1318,猶予はありません。
txt,1319,三十分を区切りにしたいと思います。
txt,1320,バレオス荒原の地下には、蒼い輝きを放つ光の壁があり
txt,1321,ます。
txt,1322,有効に活用できれば、戦いを有利に運ぶことができると
txt,1323,思います。
txt,1324,　
txt,1325,以上、セシリス＝フィノットがお伝えいたしました。
txt,1326,いよいよ、最後の戦いとなったか。
txt,1327,思い返せば……
txt,1328,不安もあり、楽しみもあり、心躍ることもあり。
txt,1329,有終の美を飾れれば、どれほどの想い出となろうか。
txt,1330,どうか、がんばっておくれ。
txt,1331,エルメナスの生命の法灯を消すために、滅びの王が訪れ
txt,1332,る。
txt,1333,エルメナスを想う気持ちが、這い出し者を上回れば。
txt,1334,エルメナスを想う気持ちが、黒衣の呪いびとを上回れば。
txt,1335,必ずや混沌を払うことになろう。
txt,1336,最後まで、諦めぬように、な。
txt,1337,力の限り、戦うがよかろう。
txt,1338,この戦いを最後に、旅立つ者も多かろう。
txt,1339,立派な賢者となるためにも。
txt,1340,最後の意地を見せようではないか。
txt,1341,持てるすべてを懸けて。
txt,1342,全力でぶつかるより他にはあるまい。
txt,1343,以上をもって、最後の報告を終わろう。
txt,1344,デネヒア＝ルーベルドラクロア、この時を誇りに思う。
txt,1345,では、な。
txt,1346,概要
txt,1347,０１　ここに記述
txt,1348,０２
txt,1349,０３
txt,1350,０４
txt,1351,０５
txt,1352,０６
txt,1353,０７
txt,1354,０８
txt,1355,０９
txt,1356,１０
txt,1357,目的　
txt,1358,０１　ここに記述
txt,1359,０２
txt,1360,０３
txt,1361,０４
txt,1362,０５
txt,1363,０６
txt,1364,０７
txt,1365,０８
txt,1366,０９
txt,1367,１０
txt,1368,条件　
txt,1369,０１　ここに記述
txt,1370,０２
txt,1371,０３
txt,1372,０４
txt,1373,０５
txt,1374,０６
txt,1375,０７
txt,1376,０８
txt,1377,０９
txt,1378,１０
txt,1379,戦力
txt,1380,０１　ここに記述
txt,1381,０２
txt,1382,０３
txt,1383,０４
txt,1384,０５
txt,1385,０６
txt,1386,０７
txt,1387,０８
txt,1388,０９
txt,1389,１０
txt,1390,概要
txt,1391,０１　ここに記述
txt,1392,０２
txt,1393,０３
txt,1394,０４
txt,1395,０５
txt,1396,０６
txt,1397,０７
txt,1398,０８
txt,1399,０９
txt,1400,１０
txt,1401,目的　
txt,1402,０１　ここに記述
txt,1403,０２
txt,1404,０３
txt,1405,０４
txt,1406,０５
txt,1407,０６
txt,1408,０７
txt,1409,０８
txt,1410,０９
txt,1411,１０
txt,1412,条件　
txt,1413,０１　ここに記述
txt,1414,０２
txt,1415,０３
txt,1416,０４
txt,1417,０５
txt,1418,０６
txt,1419,０７
txt,1420,０８
txt,1421,０９
txt,1422,１０
txt,1423,戦力
txt,1424,０１　ここに記述
txt,1425,０２
txt,1426,０３
txt,1427,０４
txt,1428,０５
txt,1429,０６
txt,1430,０７
txt,1431,０８
txt,1432,０９
txt,1433,１０
txt,1434,深い迷宮に降りる。
txt,1435,危険は大きいが、得られるものもまた大きい。
txt,1436,だが、這い出し者の抵抗は、圧倒的なものになるだろう。
txt,1437,そのあたりは、覚悟しておくべきだろうな。
txt,1438,最下層に至ればいい。
txt,1439,それが何階なのかは、まったくもって不明であるが。
txt,1440,制限時間はない。
txt,1441,できるところまで、戦いを続けてみるといい。
txt,1442,無尽蔵に湧き出てくることは、疑いない。
txt,1443,下層に至る扉は、カギとなる石像によって封じられてい
txt,1444,る。
txt,1445,キッチリ石像を破壊して、速やかに下層に向かうのがい
txt,1446,いだろう。
txt,1447,　
txt,1448,以上ジェライト＝ロバリー、報告を終わる。
txt,1449,概要
txt,1450,０１　ここに記述
txt,1451,０２
txt,1452,０３
txt,1453,０４
txt,1454,０５
txt,1455,０６
txt,1456,０７
txt,1457,０８
txt,1458,０９
txt,1459,１０
txt,1460,目的　
txt,1461,０１　ここに記述
txt,1462,０２
txt,1463,０３
txt,1464,０４
txt,1465,０５
txt,1466,０６
txt,1467,０７
txt,1468,０８
txt,1469,０９
txt,1470,１０
txt,1471,条件　
txt,1472,０１　ここに記述
txt,1473,０２
txt,1474,０３
txt,1475,０４
txt,1476,０５
txt,1477,０６
txt,1478,０７
txt,1479,０８
txt,1480,０９
txt,1481,１０
txt,1482,戦力
txt,1483,０１　ここに記述
txt,1484,０２
txt,1485,０３
txt,1486,０４
txt,1487,０５
txt,1488,０６
txt,1489,０７
txt,1490,０８
txt,1491,０９
txt,1492,１０
txt,1493,概要【５０】
txt,1494,０１　ここに記述
txt,1495,０２
txt,1496,０３
txt,1497,０４
txt,1498,０５
txt,1499,０６
txt,1500,０７
txt,1501,０８
txt,1502,０９
txt,1503,１０
txt,1504,目的　
txt,1505,０１　ここに記述
txt,1506,０２
txt,1507,０３
txt,1508,０４
txt,1509,０５
txt,1510,０６
txt,1511,０７
txt,1512,０８
txt,1513,０９
txt,1514,１０
txt,1515,条件　
txt,1516,０１　ここに記述
txt,1517,０２
txt,1518,０３
txt,1519,０４
txt,1520,０５
txt,1521,０６
txt,1522,０７
txt,1523,０８
txt,1524,０９
txt,1525,１０
txt,1526,戦力
txt,1527,０１　ここに記述
txt,1528,０２
txt,1529,０３
txt,1530,０４
txt,1531,０５
txt,1532,０６
txt,1533,０７
txt,1534,０８
txt,1535,０９
txt,1536,１０
txt,1537,★★★★★★★★★★★★★★★★★★★★★★★★★
txt,1538,　　このシナリオは、未実装です
txt,1539,★★★★★★★★★★★★★★★★★★★★★★★★★
txt,1540,　
txt,1541,ここまでプレイしてきてＣＯＮＧＲＡＴＵＬＡＴＩＯＮ
txt,1542,を取るのが困難な人のために、優しいシナリオを用意し
txt,1543,ます。
txt,1544,ここでは実際に、どんな相手にどんな職業を当てるかや、
txt,1545,どんなスキルを使うかなどを、実践を通じてレクチャー
txt,1546,します。
txt,1547,目的　
txt,1548,０１　ここに記述
txt,1549,０２
txt,1550,０３
txt,1551,０４
txt,1552,０５
txt,1553,０６
txt,1554,０７
txt,1555,０８
txt,1556,０９
txt,1557,１０
txt,1558,条件　
txt,1559,０１　ここに記述
txt,1560,０２
txt,1561,０３
txt,1562,０４
txt,1563,０５
txt,1564,０６
txt,1565,０７
txt,1566,０８
txt,1567,０９
txt,1568,１０
txt,1569,戦力
txt,1570,０１　ここに記述
txt,1571,０２
txt,1572,０３
txt,1573,０４
txt,1574,０５
txt,1575,０６
txt,1576,０７
txt,1577,０８
txt,1578,０９
txt,1579,１０
txt,1580,概要
txt,1581,０１　ここに記述
txt,1582,０２
txt,1583,０３
txt,1584,０４
txt,1585,０５
txt,1586,０６
txt,1587,０７
txt,1588,０８
txt,1589,０９
txt,1590,１０
txt,1591,目的　
txt,1592,０１　ここに記述
txt,1593,０２
txt,1594,０３
txt,1595,０４
txt,1596,０５
txt,1597,０６
txt,1598,０７
txt,1599,０８
txt,1600,０９
txt,1601,１０
txt,1602,条件　
txt,1603,０１　ここに記述
txt,1604,０２
txt,1605,０３
txt,1606,０４
txt,1607,０５
txt,1608,０６
txt,1609,０７
txt,1610,０８
txt,1611,０９
txt,1612,１０
txt,1613,戦力
txt,1614,０１　ここに記述
txt,1615,０２
txt,1616,０３
txt,1617,０４
txt,1618,０５
txt,1619,０６
txt,1620,０７
txt,1621,０８
txt,1622,０９
txt,1623,１０
txt,1624,概要
txt,1625,０１　ここに記述
txt,1626,０２
txt,1627,０３
txt,1628,０４
txt,1629,０５
txt,1630,０６
txt,1631,０７
txt,1632,０８
txt,1633,０９
txt,1634,１０
txt,1635,目的　
txt,1636,０１　ここに記述
txt,1637,０２
txt,1638,０３
txt,1639,０４
txt,1640,０５
txt,1641,０６
txt,1642,０７
txt,1643,０８
txt,1644,０９
txt,1645,１０
txt,1646,条件　
txt,1647,０１　ここに記述
txt,1648,０２
txt,1649,０３
txt,1650,０４
txt,1651,０５
txt,1652,０６
txt,1653,０７
txt,1654,０８
txt,1655,０９
txt,1656,１０
txt,1657,戦力
txt,1658,０１　ここに記述
txt,1659,０２
txt,1660,０３
txt,1661,０４
txt,1662,０５
txt,1663,０６
txt,1664,０７
txt,1665,０８
txt,1666,０９
txt,1667,１０
txt,1668,概要
txt,1669,０１　ここに記述
txt,1670,０２
txt,1671,０３
txt,1672,０４
txt,1673,０５
txt,1674,０６
txt,1675,０７
txt,1676,０８
txt,1677,０９
txt,1678,１０
txt,1679,目的　
txt,1680,０１　ここに記述
txt,1681,０２
txt,1682,０３
txt,1683,０４
txt,1684,０５
txt,1685,０６
txt,1686,０７
txt,1687,０８
txt,1688,０９
txt,1689,１０
txt,1690,条件　
txt,1691,０１　ここに記述
txt,1692,０２
txt,1693,０３
txt,1694,０４
txt,1695,０５
txt,1696,０６
txt,1697,０７
txt,1698,０８
txt,1699,０９
txt,1700,１０
txt,1701,戦力
txt,1702,０１　ここに記述
txt,1703,０２
txt,1704,０３
txt,1705,０４
txt,1706,０５
txt,1707,０６
txt,1708,０７
txt,1709,０８
txt,1710,０９
txt,1711,１０
txt,1712,概要
txt,1713,０１　ここに記述
txt,1714,０２
txt,1715,０３
txt,1716,０４
txt,1717,０５
txt,1718,０６
txt,1719,０７
txt,1720,０８
txt,1721,０９
txt,1722,１０
txt,1723,目的　
txt,1724,０１　ここに記述
txt,1725,０２
txt,1726,０３
txt,1727,０４
txt,1728,０５
txt,1729,０６
txt,1730,０７
txt,1731,０８
txt,1732,０９
txt,1733,１０
txt,1734,条件　
txt,1735,０１　ここに記述
txt,1736,０２
txt,1737,０３
txt,1738,０４
txt,1739,０５
txt,1740,０６
txt,1741,０７
txt,1742,０８
txt,1743,０９
txt,1744,１０
txt,1745,戦力
txt,1746,０１　ここに記述
txt,1747,０２
txt,1748,０３
txt,1749,０４
txt,1750,０５
txt,1751,０６
txt,1752,０７
txt,1753,０８
txt,1754,０９
txt,1755,１０
txt,1756,概要
txt,1757,０１　ここに記述
txt,1758,０２
txt,1759,０３
txt,1760,０４
txt,1761,０５
txt,1762,０６
txt,1763,０７
txt,1764,０８
txt,1765,０９
txt,1766,１０
txt,1767,目的　
txt,1768,０１　ここに記述
txt,1769,０２
txt,1770,０３
txt,1771,０４
txt,1772,０５
txt,1773,０６
txt,1774,０７
txt,1775,０８
txt,1776,０９
txt,1777,１０
txt,1778,条件　
txt,1779,０１　ここに記述
txt,1780,０２
txt,1781,０３
txt,1782,０４
txt,1783,０５
txt,1784,０６
txt,1785,０７
txt,1786,０８
txt,1787,０９
txt,1788,１０
txt,1789,戦力
txt,1790,０１　ここに記述
txt,1791,０２
txt,1792,０３
txt,1793,０４
txt,1794,０５
txt,1795,０６
txt,1796,０７
txt,1797,０８
txt,1798,０９
txt,1799,１０
txt,1800,概要
txt,1801,０１　ここに記述
txt,1802,０２
txt,1803,０３
txt,1804,０４
txt,1805,０５
txt,1806,０６
txt,1807,０７
txt,1808,０８
txt,1809,０９
txt,1810,１０
txt,1811,目的　
txt,1812,０１　ここに記述
txt,1813,０２
txt,1814,０３
txt,1815,０４
txt,1816,０５
txt,1817,０６
txt,1818,０７
txt,1819,０８
txt,1820,０９
txt,1821,１０
txt,1822,条件　
txt,1823,０１　ここに記述
txt,1824,０２
txt,1825,０３
txt,1826,０４
txt,1827,０５
txt,1828,０６
txt,1829,０７
txt,1830,０８
txt,1831,０９
txt,1832,１０
txt,1833,戦力
txt,1834,０１　ここに記述
txt,1835,０２
txt,1836,０３
txt,1837,０４
txt,1838,０５
txt,1839,０６
txt,1840,０７
txt,1841,０８
txt,1842,０９
txt,1843,１０
txt,1844,概要
txt,1845,０１　ここに記述
txt,1846,０２
txt,1847,０３
txt,1848,０４
txt,1849,０５
txt,1850,０６
txt,1851,０７
txt,1852,０８
txt,1853,０９
txt,1854,１０
txt,1855,目的　
txt,1856,０１　ここに記述
txt,1857,０２
txt,1858,０３
txt,1859,０４
txt,1860,０５
txt,1861,０６
txt,1862,０７
txt,1863,０８
txt,1864,０９
txt,1865,１０
txt,1866,条件　
txt,1867,０１　ここに記述
txt,1868,０２
txt,1869,０３
txt,1870,０４
txt,1871,０５
txt,1872,０６
txt,1873,０７
txt,1874,０８
txt,1875,０９
txt,1876,１０
txt,1877,戦力
txt,1878,０１　ここに記述
txt,1879,０２
txt,1880,０３
txt,1881,０４
txt,1882,０５
txt,1883,０６
txt,1884,０７
txt,1885,０８
txt,1886,０９
txt,1887,１０
txt,1888,概要
txt,1889,０１　ここに記述
txt,1890,０２
txt,1891,０３
txt,1892,０４
txt,1893,０５
txt,1894,０６
txt,1895,０７
txt,1896,０８
txt,1897,０９
txt,1898,１０
txt,1899,目的　
txt,1900,０１　ここに記述
txt,1901,０２
txt,1902,０３
txt,1903,０４
txt,1904,０５
txt,1905,０６
txt,1906,０７
txt,1907,０８
txt,1908,０９
txt,1909,１０
txt,1910,条件　
txt,1911,０１　ここに記述
txt,1912,０２
txt,1913,０３
txt,1914,０４
txt,1915,０５
txt,1916,０６
txt,1917,０７
txt,1918,０８
txt,1919,０９
txt,1920,１０
txt,1921,戦力
txt,1922,０１　ここに記述
txt,1923,０２
txt,1924,０３
txt,1925,０４
txt,1926,０５
txt,1927,０６
txt,1928,０７
txt,1929,０８
txt,1930,０９
txt,1931,１０
txt,1932,概要【６０】
txt,1933,０１　ここに記述
txt,1934,０２
txt,1935,０３
txt,1936,０４
txt,1937,０５
txt,1938,０６
txt,1939,０７
txt,1940,０８
txt,1941,０９
txt,1942,１０
txt,1943,目的　
txt,1944,０１　ここに記述
txt,1945,０２
txt,1946,０３
txt,1947,０４
txt,1948,０５
txt,1949,０６
txt,1950,０７
txt,1951,０８
txt,1952,０９
txt,1953,１０
txt,1954,条件　
txt,1955,０１　ここに記述
txt,1956,０２
txt,1957,０３
txt,1958,０４
txt,1959,０５
txt,1960,０６
txt,1961,０７
txt,1962,０８
txt,1963,０９
txt,1964,１０
txt,1965,戦力
txt,1966,０１　ここに記述
txt,1967,０２
txt,1968,０３
txt,1969,０４
txt,1970,０５
txt,1971,０６
txt,1972,０７
txt,1973,０８
txt,1974,０９
txt,1975,１０
txt,1976,概要
txt,1977,０１　ここに記述
txt,1978,０２
txt,1979,０３
txt,1980,０４
txt,1981,０５
txt,1982,０６
txt,1983,０７
txt,1984,０８
txt,1985,０９
txt,1986,１０
txt,1987,目的　
txt,1988,０１　ここに記述
txt,1989,０２
txt,1990,０３
txt,1991,０４
txt,1992,０５
txt,1993,０６
txt,1994,０７
txt,1995,０８
txt,1996,０９
txt,1997,１０
txt,1998,条件　
txt,1999,０１　ここに記述
txt,2000,０２
txt,2001,０３
txt,2002,０４
txt,2003,０５
txt,2004,０６
txt,2005,０７
txt,2006,０８
txt,2007,０９
txt,2008,１０
txt,2009,戦力
txt,2010,０１　ここに記述
txt,2011,０２
txt,2012,０３
txt,2013,０４
txt,2014,０５
txt,2015,０６
txt,2016,０７
txt,2017,０８
txt,2018,０９
txt,2019,１０
txt,2020,概要
txt,2021,０１　ここに記述
txt,2022,０２
txt,2023,０３
txt,2024,０４
txt,2025,０５
txt,2026,０６
txt,2027,０７
txt,2028,０８
txt,2029,０９
txt,2030,１０
txt,2031,目的　
txt,2032,０１　ここに記述
txt,2033,０２
txt,2034,０３
txt,2035,０４
txt,2036,０５
txt,2037,０６
txt,2038,０７
txt,2039,０８
txt,2040,０９
txt,2041,１０
txt,2042,条件　
txt,2043,０１　ここに記述
txt,2044,０２
txt,2045,０３
txt,2046,０４
txt,2047,０５
txt,2048,０６
txt,2049,０７
txt,2050,０８
txt,2051,０９
txt,2052,１０
txt,2053,戦力
txt,2054,０１　ここに記述
txt,2055,０２
txt,2056,０３
txt,2057,０４
txt,2058,０５
txt,2059,０６
txt,2060,０７
txt,2061,０８
txt,2062,０９
txt,2063,１０
txt,2064,概要
txt,2065,０１　ここに記述
txt,2066,０２
txt,2067,０３
txt,2068,０４
txt,2069,０５
txt,2070,０６
txt,2071,０７
txt,2072,０８
txt,2073,０９
txt,2074,１０
txt,2075,目的　
txt,2076,０１　ここに記述
txt,2077,０２
txt,2078,０３
txt,2079,０４
txt,2080,０５
txt,2081,０６
txt,2082,０７
txt,2083,０８
txt,2084,０９
txt,2085,１０
txt,2086,条件　
txt,2087,０１　ここに記述
txt,2088,０２
txt,2089,０３
txt,2090,０４
txt,2091,０５
txt,2092,０６
txt,2093,０７
txt,2094,０８
txt,2095,０９
txt,2096,１０
txt,2097,戦力
txt,2098,０１　ここに記述
txt,2099,０２
txt,2100,０３
txt,2101,０４
txt,2102,０５
txt,2103,０６
txt,2104,０７
txt,2105,０８
txt,2106,０９
txt,2107,１０
txt,2108,概要
txt,2109,０１　ここに記述
txt,2110,０２
txt,2111,０３
txt,2112,０４
txt,2113,０５
txt,2114,０６
txt,2115,０７
txt,2116,０８
txt,2117,０９
txt,2118,１０
txt,2119,目的　
txt,2120,０１　ここに記述
txt,2121,０２
txt,2122,０３
txt,2123,０４
txt,2124,０５
txt,2125,０６
txt,2126,０７
txt,2127,０８
txt,2128,０９
txt,2129,１０
txt,2130,条件　
txt,2131,０１　ここに記述
txt,2132,０２
txt,2133,０３
txt,2134,０４
txt,2135,０５
txt,2136,０６
txt,2137,０７
txt,2138,０８
txt,2139,０９
txt,2140,１０
txt,2141,戦力
txt,2142,０１　ここに記述
txt,2143,０２
txt,2144,０３
txt,2145,０４
txt,2146,０５
txt,2147,０６
txt,2148,０７
txt,2149,０８
txt,2150,０９
txt,2151,１０
txt,2152,概要
txt,2153,０１　ここに記述
txt,2154,０２
txt,2155,０３
txt,2156,０４
txt,2157,０５
txt,2158,０６
txt,2159,０７
txt,2160,０８
txt,2161,０９
txt,2162,１０
txt,2163,目的　
txt,2164,０１　ここに記述
txt,2165,０２
txt,2166,０３
txt,2167,０４
txt,2168,０５
txt,2169,０６
txt,2170,０７
txt,2171,０８
txt,2172,０９
txt,2173,１０
txt,2174,条件　
txt,2175,０１　ここに記述
txt,2176,０２
txt,2177,０３
txt,2178,０４
txt,2179,０５
txt,2180,０６
txt,2181,０７
txt,2182,０８
txt,2183,０９
txt,2184,１０
txt,2185,戦力
txt,2186,０１　ここに記述
txt,2187,０２
txt,2188,０３
txt,2189,０４
txt,2190,０５
txt,2191,０６
txt,2192,０７
txt,2193,０８
txt,2194,０９
txt,2195,１０
txt,2196,概要
txt,2197,０１　ここに記述
txt,2198,０２
txt,2199,０３
txt,2200,０４
txt,2201,０５
txt,2202,０６
txt,2203,０７
txt,2204,０８
txt,2205,０９
txt,2206,１０
txt,2207,目的　
txt,2208,０１　ここに記述
txt,2209,０２
txt,2210,０３
txt,2211,０４
txt,2212,０５
txt,2213,０６
txt,2214,０７
txt,2215,０８
txt,2216,０９
txt,2217,１０
txt,2218,条件　
txt,2219,０１　ここに記述
txt,2220,０２
txt,2221,０３
txt,2222,０４
txt,2223,０５
txt,2224,０６
txt,2225,０７
txt,2226,０８
txt,2227,０９
txt,2228,１０
txt,2229,戦力
txt,2230,０１　ここに記述
txt,2231,０２
txt,2232,０３
txt,2233,０４
txt,2234,０５
txt,2235,０６
txt,2236,０７
txt,2237,０８
txt,2238,０９
txt,2239,１０
txt,2240,概要
txt,2241,０１　ここに記述
txt,2242,０２
txt,2243,０３
txt,2244,０４
txt,2245,０５
txt,2246,０６
txt,2247,０７
txt,2248,０８
txt,2249,０９
txt,2250,１０
txt,2251,目的　
txt,2252,０１　ここに記述
txt,2253,０２
txt,2254,０３
txt,2255,０４
txt,2256,０５
txt,2257,０６
txt,2258,０７
txt,2259,０８
txt,2260,０９
txt,2261,１０
txt,2262,条件　
txt,2263,０１　ここに記述
txt,2264,０２
txt,2265,０３
txt,2266,０４
txt,2267,０５
txt,2268,０６
txt,2269,０７
txt,2270,０８
txt,2271,０９
txt,2272,１０
txt,2273,戦力
txt,2274,０１　ここに記述
txt,2275,０２
txt,2276,０３
txt,2277,０４
txt,2278,０５
txt,2279,０６
txt,2280,０７
txt,2281,０８
txt,2282,０９
txt,2283,１０
txt,2284,概要
txt,2285,０１　ここに記述
txt,2286,０２
txt,2287,０３
txt,2288,０４
txt,2289,０５
txt,2290,０６
txt,2291,０７
txt,2292,０８
txt,2293,０９
txt,2294,１０
txt,2295,目的　
txt,2296,０１　ここに記述
txt,2297,０２
txt,2298,０３
txt,2299,０４
txt,2300,０５
txt,2301,０６
txt,2302,０７
txt,2303,０８
txt,2304,０９
txt,2305,１０
txt,2306,条件　
txt,2307,０１　ここに記述
txt,2308,０２
txt,2309,０３
txt,2310,０４
txt,2311,０５
txt,2312,０６
txt,2313,０７
txt,2314,０８
txt,2315,０９
txt,2316,１０
txt,2317,戦力
txt,2318,０１　ここに記述
txt,2319,０２
txt,2320,０３
txt,2321,０４
txt,2322,０５
txt,2323,０６
txt,2324,０７
txt,2325,０８
txt,2326,０９
txt,2327,１０
txt,2328,概要
txt,2329,０１　ここに記述
txt,2330,０２
txt,2331,０３
txt,2332,０４
txt,2333,０５
txt,2334,０６
txt,2335,０７
txt,2336,０８
txt,2337,０９
txt,2338,１０
txt,2339,目的　
txt,2340,０１　ここに記述
txt,2341,０２
txt,2342,０３
txt,2343,０４
txt,2344,０５
txt,2345,０６
txt,2346,０７
txt,2347,０８
txt,2348,０９
txt,2349,１０
txt,2350,条件　
txt,2351,０１　ここに記述
txt,2352,０２
txt,2353,０３
txt,2354,０４
txt,2355,０５
txt,2356,０６
txt,2357,０７
txt,2358,０８
txt,2359,０９
txt,2360,１０
txt,2361,戦力
txt,2362,０１　ここに記述
txt,2363,０２
txt,2364,０３
txt,2365,０４
txt,2366,０５
txt,2367,０６
txt,2368,０７
txt,2369,０８
txt,2370,０９
txt,2371,１０
txt,2372,概要【７０】
txt,2373,０１　ここに記述
txt,2374,０２
txt,2375,０３
txt,2376,０４
txt,2377,０５
txt,2378,０６
txt,2379,０７
txt,2380,０８
txt,2381,０９
txt,2382,１０
txt,2383,目的　
txt,2384,０１　ここに記述
txt,2385,０２
txt,2386,０３
txt,2387,０４
txt,2388,０５
txt,2389,０６
txt,2390,０７
txt,2391,０８
txt,2392,０９
txt,2393,１０
txt,2394,条件　
txt,2395,０１　ここに記述
txt,2396,０２
txt,2397,０３
txt,2398,０４
txt,2399,０５
txt,2400,０６
txt,2401,０７
txt,2402,０８
txt,2403,０９
txt,2404,１０
txt,2405,戦力
txt,2406,０１　ここに記述
txt,2407,０２
txt,2408,０３
txt,2409,０４
txt,2410,０５
txt,2411,０６
txt,2412,０７
txt,2413,０８
txt,2414,０９
txt,2415,１０
txt,2416,概要
txt,2417,０１　ここに記述
txt,2418,０２
txt,2419,０３
txt,2420,０４
txt,2421,０５
txt,2422,０６
txt,2423,０７
txt,2424,０８
txt,2425,０９
txt,2426,１０
txt,2427,目的　
txt,2428,０１　ここに記述
txt,2429,０２
txt,2430,０３
txt,2431,０４
txt,2432,０５
txt,2433,０６
txt,2434,０７
txt,2435,０８
txt,2436,０９
txt,2437,１０
txt,2438,条件　
txt,2439,０１　ここに記述
txt,2440,０２
txt,2441,０３
txt,2442,０４
txt,2443,０５
txt,2444,０６
txt,2445,０７
txt,2446,０８
txt,2447,０９
txt,2448,１０
txt,2449,戦力
txt,2450,０１　ここに記述
txt,2451,０２
txt,2452,０３
txt,2453,０４
txt,2454,０５
txt,2455,０６
txt,2456,０７
txt,2457,０８
txt,2458,０９
txt,2459,１０
txt,2460,概要
txt,2461,０１　ここに記述
txt,2462,０２
txt,2463,０３
txt,2464,０４
txt,2465,０５
txt,2466,０６
txt,2467,０７
txt,2468,０８
txt,2469,０９
txt,2470,１０
txt,2471,目的　
txt,2472,０１　ここに記述
txt,2473,０２
txt,2474,０３
txt,2475,０４
txt,2476,０５
txt,2477,０６
txt,2478,０７
txt,2479,０８
txt,2480,０９
txt,2481,１０
txt,2482,条件　
txt,2483,０１　ここに記述
txt,2484,０２
txt,2485,０３
txt,2486,０４
txt,2487,０５
txt,2488,０６
txt,2489,０７
txt,2490,０８
txt,2491,０９
txt,2492,１０
txt,2493,戦力
txt,2494,０１　ここに記述
txt,2495,０２
txt,2496,０３
txt,2497,０４
txt,2498,０５
txt,2499,０６
txt,2500,０７
txt,2501,０８
txt,2502,０９
txt,2503,１０
txt,2504,概要
txt,2505,０１　ここに記述
txt,2506,０２
txt,2507,０３
txt,2508,０４
txt,2509,０５
txt,2510,０６
txt,2511,０７
txt,2512,０８
txt,2513,０９
txt,2514,１０
txt,2515,目的　
txt,2516,０１　ここに記述
txt,2517,０２
txt,2518,０３
txt,2519,０４
txt,2520,０５
txt,2521,０６
txt,2522,０７
txt,2523,０８
txt,2524,０９
txt,2525,１０
txt,2526,条件　
txt,2527,０１　ここに記述
txt,2528,０２
txt,2529,０３
txt,2530,０４
txt,2531,０５
txt,2532,０６
txt,2533,０７
txt,2534,０８
txt,2535,０９
txt,2536,１０
txt,2537,戦力
txt,2538,０１　ここに記述
txt,2539,０２
txt,2540,０３
txt,2541,０４
txt,2542,０５
txt,2543,０６
txt,2544,０７
txt,2545,０８
txt,2546,０９
txt,2547,１０
txt,2548,概要
txt,2549,０１　ここに記述
txt,2550,０２
txt,2551,０３
txt,2552,０４
txt,2553,０５
txt,2554,０６
txt,2555,０７
txt,2556,０８
txt,2557,０９
txt,2558,１０
txt,2559,目的　
txt,2560,０１　ここに記述
txt,2561,０２
txt,2562,０３
txt,2563,０４
txt,2564,０５
txt,2565,０６
txt,2566,０７
txt,2567,０８
txt,2568,０９
txt,2569,１０
txt,2570,条件　
txt,2571,０１　ここに記述
txt,2572,０２
txt,2573,０３
txt,2574,０４
txt,2575,０５
txt,2576,０６
txt,2577,０７
txt,2578,０８
txt,2579,０９
txt,2580,１０
txt,2581,戦力
txt,2582,０１　ここに記述
txt,2583,０２
txt,2584,０３
txt,2585,０４
txt,2586,０５
txt,2587,０６
txt,2588,０７
txt,2589,０８
txt,2590,０９
txt,2591,１０
txt,2592,概要
txt,2593,０１　ここに記述
txt,2594,０２
txt,2595,０３
txt,2596,０４
txt,2597,０５
txt,2598,０６
txt,2599,０７
txt,2600,０８
txt,2601,０９
txt,2602,１０
txt,2603,目的　
txt,2604,０１　ここに記述
txt,2605,０２
txt,2606,０３
txt,2607,０４
txt,2608,０５
txt,2609,０６
txt,2610,０７
txt,2611,０８
txt,2612,０９
txt,2613,１０
txt,2614,条件　
txt,2615,０１　ここに記述
txt,2616,０２
txt,2617,０３
txt,2618,０４
txt,2619,０５
txt,2620,０６
txt,2621,０７
txt,2622,０８
txt,2623,０９
txt,2624,１０
txt,2625,戦力
txt,2626,０１　ここに記述
txt,2627,０２
txt,2628,０３
txt,2629,０４
txt,2630,０５
txt,2631,０６
txt,2632,０７
txt,2633,０８
txt,2634,０９
txt,2635,１０
txt,2636,概要
txt,2637,０１　ここに記述
txt,2638,０２
txt,2639,０３
txt,2640,０４
txt,2641,０５
txt,2642,０６
txt,2643,０７
txt,2644,０８
txt,2645,０９
txt,2646,１０
txt,2647,目的　
txt,2648,０１　ここに記述
txt,2649,０２
txt,2650,０３
txt,2651,０４
txt,2652,０５
txt,2653,０６
txt,2654,０７
txt,2655,０８
txt,2656,０９
txt,2657,１０
txt,2658,条件　
txt,2659,０１　ここに記述
txt,2660,０２
txt,2661,０３
txt,2662,０４
txt,2663,０５
txt,2664,０６
txt,2665,０７
txt,2666,０８
txt,2667,０９
txt,2668,１０
txt,2669,戦力
txt,2670,０１　ここに記述
txt,2671,０２
txt,2672,０３
txt,2673,０４
txt,2674,０５
txt,2675,０６
txt,2676,０７
txt,2677,０８
txt,2678,０９
txt,2679,１０
txt,2680,概要
txt,2681,０１　ここに記述
txt,2682,０２
txt,2683,０３
txt,2684,０４
txt,2685,０５
txt,2686,０６
txt,2687,０７
txt,2688,０８
txt,2689,０９
txt,2690,１０
txt,2691,目的　
txt,2692,０１　ここに記述
txt,2693,０２
txt,2694,０３
txt,2695,０４
txt,2696,０５
txt,2697,０６
txt,2698,０７
txt,2699,０８
txt,2700,０９
txt,2701,１０
txt,2702,条件　
txt,2703,０１　ここに記述
txt,2704,０２
txt,2705,０３
txt,2706,０４
txt,2707,０５
txt,2708,０６
txt,2709,０７
txt,2710,０８
txt,2711,０９
txt,2712,１０
txt,2713,戦力
txt,2714,０１　ここに記述
txt,2715,０２
txt,2716,０３
txt,2717,０４
txt,2718,０５
txt,2719,０６
txt,2720,０７
txt,2721,０８
txt,2722,０９
txt,2723,１０
txt,2724,概要
txt,2725,０１　ここに記述
txt,2726,０２
txt,2727,０３
txt,2728,０４
txt,2729,０５
txt,2730,０６
txt,2731,０７
txt,2732,０８
txt,2733,０９
txt,2734,１０
txt,2735,目的　
txt,2736,０１　ここに記述
txt,2737,０２
txt,2738,０３
txt,2739,０４
txt,2740,０５
txt,2741,０６
txt,2742,０７
txt,2743,０８
txt,2744,０９
txt,2745,１０
txt,2746,条件　
txt,2747,０１　ここに記述
txt,2748,０２
txt,2749,０３
txt,2750,０４
txt,2751,０５
txt,2752,０６
txt,2753,０７
txt,2754,０８
txt,2755,０９
txt,2756,１０
txt,2757,戦力
txt,2758,０１　ここに記述
txt,2759,０２
txt,2760,０３
txt,2761,０４
txt,2762,０５
txt,2763,０６
txt,2764,０７
txt,2765,０８
txt,2766,０９
txt,2767,１０
txt,2768,概要
txt,2769,０１　ここに記述
txt,2770,０２
txt,2771,０３
txt,2772,０４
txt,2773,０５
txt,2774,０６
txt,2775,０７
txt,2776,０８
txt,2777,０９
txt,2778,１０
txt,2779,目的　
txt,2780,０１　ここに記述
txt,2781,０２
txt,2782,０３
txt,2783,０４
txt,2784,０５
txt,2785,０６
txt,2786,０７
txt,2787,０８
txt,2788,０９
txt,2789,１０
txt,2790,条件　
txt,2791,０１　ここに記述
txt,2792,０２
txt,2793,０３
txt,2794,０４
txt,2795,０５
txt,2796,０６
txt,2797,０７
txt,2798,０８
txt,2799,０９
txt,2800,１０
txt,2801,戦力
txt,2802,０１　ここに記述
txt,2803,０２
txt,2804,０３
txt,2805,０４
txt,2806,０５
txt,2807,０６
txt,2808,０７
txt,2809,０８
txt,2810,０９
txt,2811,１０
txt,2812,概要【８０】
txt,2813,０１　ここに記述
txt,2814,０２
txt,2815,０３
txt,2816,０４
txt,2817,０５
txt,2818,０６
txt,2819,０７
txt,2820,０８
txt,2821,０９
txt,2822,１０
txt,2823,目的　
txt,2824,０１　ここに記述
txt,2825,０２
txt,2826,０３
txt,2827,０４
txt,2828,０５
txt,2829,０６
txt,2830,０７
txt,2831,０８
txt,2832,０９
txt,2833,１０
txt,2834,条件　
txt,2835,０１　ここに記述
txt,2836,０２
txt,2837,０３
txt,2838,０４
txt,2839,０５
txt,2840,０６
txt,2841,０７
txt,2842,０８
txt,2843,０９
txt,2844,１０
txt,2845,戦力
txt,2846,０１　ここに記述
txt,2847,０２
txt,2848,０３
txt,2849,０４
txt,2850,０５
txt,2851,０６
txt,2852,０７
txt,2853,０８
txt,2854,０９
txt,2855,
